village_lgd,census_code,village_name,status,match_score,candidate_osm_id,candidate_names
549593,549593,Bardipada,matched,94.11764705882352,9875037952,Baripada
549594,549594,Chinchale,matched,100.0,13649019281,Chinchale
549595,549595,Chandrapur,below_threshold,77.77777777777779,10169498580,Khanapur
549596,549596,Hadkaichond,below_threshold,60.0,9966515253,Chandgaon
549597,549597,Gondune,below_threshold,66.66666666666667,9870870164,Mandurne
549598,549598,Ranjune,below_threshold,66.66666666666667,3076330444,Rajur
549599,549599,Kukudne,below_threshold,76.92307692307692,3243277765,Kukane
549600,549600,Deshmukh Nagar,below_threshold,72.0,10169498565,Ashok Nagar
549601,549601,Songir,below_threshold,66.66666666666667,3224565445,Sangvi
549602,549602,Udmal,below_threshold,75.0,13980808297,Mal
549603,549603,Deogaon,below_threshold,85.71428571428572,2744860245,Devgaon
549604,549604,Pangarne,below_threshold,80.0,3225032393,Panjare
549605,549605,Wangan,below_threshold,75.0,9966515256,Wanjargaon
549606,549606,Pimpalsond,below_threshold,80.0,9870870133,Pimpalgaon
549607,549607,Malgonde,below_threshold,75.0,3229752028,Malagaon
549608,549608,Khuntavihir,below_threshold,72.72727272727273,7276444017,Khokarvihir
549609,549609,Mohapada,place_assigned_to_multiple_villages,93.33333333333333,7324677696,Mohpada
549610,549610,Ranvihir,below_threshold,77.77777777777779,13717766260,Varasvihir
549611,549611,Galbari,below_threshold,72.72727272727273,2084413111,Bari
549612,549612,Karanjul(kelwan),below_threshold,64.0,3062514230,Karanjgaon
549613,549613,Chinchpada,below_threshold,81.81818181818181,9966515282,Chinchadgaon
549614,549614,Sundarban,below_threshold,70.58823529411764,9872863837,Saundane
549615,549615,Raghatvihir,below_threshold,66.66666666666667,13717766260,Varasvihir
549616,549616,Fanaspada,below_threshold,84.21052631578947,13717733962,Phanaspada
549617,549617,Mandha,below_threshold,83.33333333333334,9872868222,Mandal
549618,549618,Guhijambhulpada,below_threshold,69.23076923076923,13717813934,Jambhulwadi
549619,549619,Rasha,below_threshold,72.72727272727273,9966515418,Rahadi
549620,549620,Borchond,below_threshold,82.35294117647058,11392150306,Morchondi
549621,549621,Nimbarpada,below_threshold,77.77777777777779,9875037952,Baripada
549622,549622,Umbarthan,below_threshold,77.77777777777779,10169498554,Umbargaon
549623,549623,Subhashnagar,below_threshold,69.56521739130434,10169498565,Ashok Nagar
549624,549624,Dolhare,below_threshold,76.92307692307692,3224627663,Lohare
549625,549625,Amzar,below_threshold,66.66666666666667,1196627141,Nagzari
549626,549626,Satkhamb,below_threshold,62.5,3062694614,Saikheda
549627,549627,Ambatha,below_threshold,66.66666666666667,3223538488,Bhamatan
549628,549628,Kothule,below_threshold,85.71428571428572,3224932332,Kothale
549629,549629,Krishnanagar,below_threshold,69.56521739130434,9870870377,Krishnapuri
549630,549630,Gopalnagar,below_threshold,66.66666666666667,4050236379,Gangapur
549631,549631,Kathipada,below_threshold,84.21052631578947,13978813282,Kamthapada
549632,549632,Dodichapada,below_threshold,76.92307692307692,3920307081,Dongricha Padha
549633,549633,Torandongri,below_threshold,70.0,12619108261,Naydongri
549634,549634,Baflun,below_threshold,66.66666666666667,13717813940,Alu
549635,549635,Mhaiskhadak,below_threshold,66.66666666666667,245686418,Mokhada
549636,549636,Udaldari,below_threshold,71.42857142857143,9872868223,Dhadri
549637,549637,Karanjul Surgana,below_threshold,69.23076923076923,3062514230,Karanjgaon
549638,549638,Vijaynagar,below_threshold,73.6842105263158,9870861469,Sevanagar
549639,549639,Shrirampur,place_assigned_to_multiple_villages,100.0,6475704175,Shrirampur
549640,549640,Devaldari,below_threshold,66.66666666666667,9872863836,Vadjai
549641,549641,Walutzira,below_threshold,57.14285714285714,9966515433,Walan
549642,549642,Bhavandagad,below_threshold,69.56521739130434,1195065880,Bharadenagar
549643,549643,Bhadar,below_threshold,76.92307692307692,9966515422,Bhadali
549644,549644,Nawapur,below_threshold,85.71428571428572,3062694616,Nagapur
549645,549645,Umbarpada,below_threshold,82.35294117647058,9875037952,Baripada
549646,549646,Bhormal,below_threshold,71.42857142857143,13717800219,Bhilmal
549647,549647,Umbarvihir,below_threshold,77.77777777777779,1224895636,Borvihir
549648,549648,Palvihir,below_threshold,76.92307692307692,13717806503,Vihir
549649,549649,Khokari,matched,92.3076923076923,10169498564,Khokar
549650,549650,Jamunmatha,below_threshold,58.82352941176471,1195040740,Ranmala
549651,549651,Wadpada,below_threshold,87.5,2632398691,Wakadpada
549652,549652,Karanjali,below_threshold,87.5,3224115692,Karanji
549653,549653,Talpada,below_threshold,85.71428571428572,245687416,Talwada
549654,549654,Karwande,below_threshold,80.0,3229723852,Kajwade
549655,549655,Durgapur,below_threshold,76.92307692307692,12595959063,Dapur
549656,549656,Chinchpada,below_threshold,81.81818181818181,9966515282,Chinchadgaon
549657,549657,Ladgaon,ambiguous_candidates,100.0,9966515275,Ladgaon
549658,549658,Bubli,below_threshold,60.0,3224115690,Bolki
549659,549659,Umaremal,below_threshold,70.58823529411764,3956215625,Umbermali | उंबरमाली | उंबरमाळी
549660,549660,Malgavhan,below_threshold,77.77777777777779,3243277767,Nilgavhan
549661,549661,Udaypur,below_threshold,83.33333333333334,12595959063,Dapur
549662,549662,Garmal,below_threshold,66.66666666666667,9966515420,Parala
549663,549663,Suryagad,below_threshold,75.0,2744996596,Suryamal
549664,549664,Pratapgad,below_threshold,66.66666666666667,3203214593,Pratappur
549665,549665,Alangun,below_threshold,66.66666666666667,245691507,Ajang
549666,549666,Hatrundi,below_threshold,71.42857142857143,823469388,Khardi
549667,549667,Patali,below_threshold,83.33333333333334,3226704608,Padali
549668,549668,Payarpada,below_threshold,77.77777777777779,13336821941,Savarpada
549669,549669,Umbarde,below_threshold,83.33333333333334,3223451844,Umbre
549670,549670,Ganeshnagar,place_assigned_to_multiple_villages,100.0,10169526741,Ganeshnagar
549671,549671,Hanumantmal,below_threshold,78.26086956521739,9966515279,Hanumantgaon
549672,549672,Ahmadgavhan,below_threshold,80.0,9870870152,Tamgavhan
549673,549673,Bival,below_threshold,66.66666666666667,13717800219,Bhilmal
549674,549674,Vadmal,below_threshold,72.72727272727273,3243279558,Vadel
549675,549675,Mani,below_threshold,80.0,3223415988,Manori
549676,549676,Khobala Mani,below_threshold,66.66666666666667,13336808676,Kalamwadi
549677,549677,Palsan,below_threshold,83.33333333333334,3953285229,Palsin
549678,549678,Palashet,below_threshold,80.0,13649032712,Walshet
549679,549679,Merdand,below_threshold,70.58823529411764,3919984425,Umberkhand
549680,549680,Khadakmal,below_threshold,70.58823529411764,9966515290,Khambala
549681,549681,Deola,ambiguous_candidates,100.0,3072172538,Deola
549682,549682,Kukudmunda,below_threshold,53.333333333333336,4043680312,Gunda
549683,549683,Morchonda,below_threshold,88.88888888888889,11392150306,Morchondi
549684,549684,Umbarde (M),below_threshold,71.42857142857143,3223451844,Umbre
549685,549685,Shribhuvan,below_threshold,58.82352941176471,5710116788,Shivade
549686,549686,Mothamal,below_threshold,66.66666666666667,245686418,Mokhada
549687,549687,Hatgad,matched,100.0,11167379989,Hatgad
549688,549688,Sajole,below_threshold,66.66666666666667,1184188636,Ajnale
549689,549689,Pohali,below_threshold,66.66666666666667,2678903678,Mohadi
549690,549690,Nagshewadi,below_threshold,80.0,13717809990,Harshewadi
549691,549691,Vanjulpada,below_threshold,63.1578947368421,10720656084,Gandulwad
549692,549692,Hatti Bk.,below_threshold,62.5,10169498561,Wangi Bk
549693,549693,Chirai,below_threshold,76.92307692307692,9966515357,Shivrai
549694,549694,Mohapada,place_assigned_to_multiple_villages,93.33333333333333,7324677696,Mohpada
549695,549695,Roti,below_threshold,60.0,9870870149,Rohini
549696,549696,Ghodambe,below_threshold,87.5,3635085743,Dhodambe
549697,549697,Borgaon,below_threshold,75.0,9966515415,Koradgaon
549698,549698,Hiradipada,below_threshold,80.0,245687757,Khadkipada
549699,549699,Chikhali,below_threshold,80.0,10169526752,CHitali
549700,549700,Sarad,ambiguous_candidates,90.9090909090909,3225034808,Samrad
549701,549701,Ghagbari,below_threshold,66.66666666666667,1196627141,Nagzari
549702,549702,Kharude,below_threshold,76.92307692307692,823469388,Khardi
549703,549703,Umbarpada Digar,below_threshold,66.66666666666667,1195065880,Bharadenagar
549704,549704,Sanjaynagar,below_threshold,70.0,9870861469,Sevanagar
549705,549705,Harantekadi,below_threshold,70.0,10169907872,Kharvandi
549706,549706,Shinde,place_assigned_to_multiple_villages,100.0,7127867248,Shinde
549707,549707,Waghdhond,matched,100.0,12350914958,Waghdhond
549708,549708,Sabardara,below_threshold,70.0,2950400436,Bhandardara
549709,549709,Bhintghar,below_threshold,63.1578947368421,514921624,Shani Shinganapur | Shingnapur
549710,549710,Malegaon,below_threshold,87.5,3229752028,Malagaon
549711,549711,Salbhoye,below_threshold,71.42857142857143,3241562260,Salher
549712,549712,Chikadi,below_threshold,71.42857142857143,10169526752,CHitali
549713,549713,Pilukpada,below_threshold,73.6842105263158,7324621615,Pimpalpada
549714,549714,Rokadpada,below_threshold,77.77777777777779,2632398691,Wakadpada
549715,549715,Dangrale,below_threshold,87.5,1184189650,Dongrale
549716,549716,Rahude,place_assigned_to_multiple_villages,90.9090909090909,9874973176,Rahud
549717,549717,Sule,below_threshold,75.0,3243277766,Lule
549718,549718,Wangan Sule,below_threshold,63.1578947368421,245686771,Andarsul
549719,549719,Amdapalsan,below_threshold,66.66666666666667,11166497290,Ambapada | અંબાપાડા
549720,549720,Awalpada,below_threshold,75.0,11166497290,Ambapada | અંબાપાડા
549721,549721,Bendwal,below_threshold,80.0,3062694617,Bhendali
549722,549722,Bhawada,below_threshold,85.71428571428572,3242195077,Bhawade
549723,549723,Rakshasbhuvan,below_threshold,58.33333333333333,658627008,Take harsha
549724,549724,Karanjul,below_threshold,80.0,3224115692,Karanji
549725,549725,Amdabarhe,below_threshold,66.66666666666667,2269393582,Wadiwarhe
549726,549726,Dudhawal,below_threshold,71.42857142857143,9966515291,Dawala
549727,549727,Gahale,below_threshold,71.42857142857143,3224932331,Jambhale
549728,549728,Kahandolsa,below_threshold,77.77777777777779,9966515380,Khandala
549729,549729,Waghadi,matched,92.3076923076923,1568907326,Waghai
549730,549730,Kotamba,below_threshold,75.0,8655594615,Kotamgaon
549731,549731,Pimpalchond,below_threshold,76.19047619047619,9870870133,Pimpalgaon
549732,549732,Vaghanakhi,below_threshold,73.6842105263158,13717810011,Aghanwadi
549733,549733,Mahismal,below_threshold,66.66666666666667,13717800219,Bhilmal
549734,549734,Galwad,below_threshold,83.33333333333334,3241166616,Golwad
549735,549735,Ronghane,below_threshold,71.42857142857143,3204688565,Moghan
549736,549736,Nadagdari,below_threshold,75.0,1196627141,Nagzari
549737,549737,Wadpada,below_threshold,87.5,2632398691,Wakadpada
549738,549738,Murumdari,below_threshold,62.5,3230458257,Jamdari
549739,549739,Sadudne,below_threshold,85.71428571428572,245688892,Saudane
549740,549740,Bhatvihir,below_threshold,71.42857142857143,7276194042,Bhati
549741,549741,Mankhed,below_threshold,75.0,9874975804,Dhankhedi
549742,549742,Jambhulpada,below_threshold,81.81818181818181,13717813934,Jambhulwadi
549743,549743,Bijurpada,below_threshold,73.6842105263158,9870870350,Pinjarpada
549744,549744,Sambarkhal,below_threshold,66.66666666666667,3224932331,Jambhale
549745,549745,Gadga,below_threshold,72.72727272727273,1195040574,Gadtar
549746,549746,Hatti (B),below_threshold,66.66666666666667,7276194042,Bhati
549747,549747,Gopalpur,below_threshold,66.66666666666667,3062694616,Nagapur
549748,549748,Gurtembhi,below_threshold,80.0,9966515241,Tembhi
549749,549749,Thangaon,below_threshold,82.35294117647058,9966515253,Chandgaon
549750,549750,Bedse,below_threshold,61.53846153846154,2084413707,Pendshet
549751,549751,Ambode,place_assigned_to_multiple_villages,90.9090909090909,9870870163,Amode
549752,549752,Mandve,below_threshold,75.0,3077060882,Mandave Kh
549753,549753,Sarmal,below_threshold,71.42857142857143,2744996596,Suryamal
549754,549754,Undohal,below_threshold,66.66666666666667,4043680312,Gunda
549755,549755,Khadki Digar,below_threshold,72.72727272727273,245687757,Khadkipada
549756,549756,Kelavan,below_threshold,62.5,3243277767,Nilgavhan
549757,549757,Bhenshet,below_threshold,75.0,2084413707,Pendshet
549758,549758,Khobale Digar,below_threshold,57.14285714285714,9966515290,Khambala
549759,549759,Kahandolpada,below_threshold,72.72727272727273,245687757,Khadkipada
549760,549760,Bhati,matched,100.0,7276194042,Bhati
549761,549761,Khirdi,ambiguous_candidates,100.0,7276194043,Khirdi
549762,549762,Khokarvihir,matched,100.0,7276444017,Khokarvihir
549763,549763,Zagadpada,below_threshold,77.77777777777779,2632398691,Wakadpada
549764,549764,Ambupada,below_threshold,87.5,11166497290,Ambapada | અંબાપાડા
549765,549765,Kotambi,below_threshold,71.42857142857143,3226704607,Konambe
549766,549766,Modhalpada,below_threshold,82.35294117647058,7324677696,Mohpada
549767,549767,Khirman,below_threshold,85.71428571428572,3243325564,Khimani
549768,549768,Kalmane,below_threshold,80.0,3242195081,Khamtane
549769,549769,Barhe,below_threshold,66.66666666666667,1195108605,Balhane
549770,549770,Alivdand,below_threshold,85.71428571428572,13717767199,Alvand
549771,549771,Bhegu,below_threshold,72.72727272727273,9966515281,Bhagur
549772,549772,Sayalpada,below_threshold,77.77777777777779,13336821941,Savarpada
549773,549773,Wanganpada,below_threshold,73.6842105263158,2632398691,Wakadpada
549774,549774,Haste,below_threshold,66.66666666666667,3224795410,Chas
549775,549775,Ambepada,below_threshold,87.5,11166497290,Ambapada | અંબાપાડા
549776,549776,Jahule,below_threshold,72.72727272727273,9966515374,Jarul
549777,549777,Suktale,below_threshold,72.72727272727273,13717802896,Tale
549778,549778,Tapupada,below_threshold,70.58823529411764,1196542853,Purmepada
549779,549779,Hemadpada,below_threshold,73.6842105263158,245687757,Khadkipada
549780,549780,Masteman,below_threshold,66.66666666666667,13978813281,Masaune
549781,549781,Mangdhe,below_threshold,72.72727272727273,2933139433,Madh | मढ
549782,549782,Warambhe,below_threshold,75.0,3242195302,Waghambe
549784,549784,Punad Nagar,below_threshold,72.72727272727273,9870896967,Sundernagar
549785,549785,Kharde Digar,below_threshold,66.66666666666667,823469388,Khardi
549786,549786,Umbardhe,below_threshold,76.92307692307692,3223451844,Umbre
549787,549787,Supale Digar,below_threshold,55.55555555555556,3241562260,Salher
549788,549788,Kathare Digar,below_threshold,63.63636363636363,2632398690,Katarwadi
549789,549789,Pratap Nagar,below_threshold,72.0,10169532307,Pravarannagar
549790,549790,Koswan,below_threshold,66.66666666666667,245689100,Kalwan
549791,549791,Khadaki,below_threshold,76.92307692307692,823469388,Khardi
549792,549792,Jaidar,below_threshold,76.92307692307692,3230458257,Jamdari
549793,549793,Sule,below_threshold,75.0,3243277766,Lule
549794,549794,Lakhani,ambiguous_candidates,100.0,1196552246,Lakhani
549795,549795,Punegaon,below_threshold,87.5,10169907877,Panegaon
549796,549796,Virshet,below_threshold,71.42857142857143,2950428663,Murshet
549797,549797,Chaphapada,below_threshold,70.0,3062659455,Chapadgaon
549798,549798,Dhanoli,below_threshold,76.92307692307692,13980425547,Asnoli
549799,549799,Babkhede,below_threshold,75.0,9872863839,Kalkhede
549800,549800,Kumsadi,below_threshold,85.71428571428572,3230458259,Kusmadi
549801,549801,Bhandane (Hatgad),below_threshold,62.06896551724138,650715931,Khangaon Thadi
549802,549802,Ambapur,below_threshold,80.0,3230458261,Mamdapur
549803,549803,Verule,below_threshold,66.66666666666667,3229742923,Sherul
549804,549804,Karmale,below_threshold,80.0,3243277762,Kankrale
549805,549805,Shiv-Bhandane,below_threshold,70.0,5710116788,Shivade
549806,549806,Jamle pale,below_threshold,66.66666666666667,3224932331,Jambhale
549807,549807,Balapur,place_assigned_to_multiple_villages,100.0,9872863834,Balapur
549808,549808,Gopalkhadi,below_threshold,70.58823529411764,9966515338,Golwadi
549809,549809,Hingave,place_assigned_to_multiple_villages,93.33333333333333,6395446086,Shingave
549810,549810,Dhekale,below_threshold,61.53846153846154,9872868224,Dhadre
549811,549811,Belbare,below_threshold,71.42857142857143,9874975858,Selbari
549812,549812,Gangapur,matched,100.0,4050236379,Gangapur
549813,549813,Kanashi,below_threshold,76.92307692307692,3243277763,Kashti
549814,549814,Golakhal,below_threshold,66.66666666666667,1196552246,Lakhani
549815,549815,Warkhede,below_threshold,75.0,9872863839,Kalkhede
549816,549816,Karambhel Kanashi,below_threshold,56.00000000000001,3223451327,Bramhani
549817,549817,Khadakwan,below_threshold,70.58823529411764,9966515380,Khandala
549818,549818,Karambhel Hatgad,below_threshold,55.172413793103445,3382890295,Belgaon Dhaga
549819,549819,Shingashi,below_threshold,70.58823529411764,6395446086,Shingave
549820,549820,Bhakurde,below_threshold,76.92307692307692,9966505613,Bhaur
549821,549821,Kosurde,below_threshold,71.42857142857143,6366213199,Kothure
549822,549822,Dalwat,matched,100.0,3244988005,Dalwat
549823,549823,Jamle (Hatgad),below_threshold,66.66666666666667,11167379989,Hatgad
549824,549824,Daregaon Hatgad,below_threshold,71.42857142857143,3382890295,Belgaon Dhaga
549825,549825,Jirwade (Hatgad),below_threshold,60.0,11167379989,Hatgad
549826,549826,Shepupada,below_threshold,66.66666666666667,1196542853,Purmepada
549827,549827,Shrungarwadi,below_threshold,78.26086956521739,10169526750,Dhangarwadi
549828,549828,Tatani,below_threshold,66.66666666666667,3017343030,Atgaon
549829,549829,Malagaon Bk.,below_threshold,84.21052631578947,3229752028,Malagaon
549830,549830,Sidharthanagar,below_threshold,72.0,9872876742,Indiranagar
549831,549831,Bhutane,below_threshold,76.92307692307692,3243325623,Utrane
549832,549832,Sheri Digar,below_threshold,60.0,10169498560,Bherdapur
549833,549833,Pimple Bk.,below_threshold,77.77777777777779,9870870157,Pimpri Bk
549834,549834,Savarpada,ambiguous_candidates,100.0,13336821941,Savarpada
549835,549835,Dahyane Digar,below_threshold,70.0,1195108582,Dahyane
549836,549836,Malagaon Kh.,below_threshold,84.21052631578947,3229752028,Malagaon
549837,549837,Hundyamokh,below_threshold,53.333333333333336,4043680312,Gunda
549838,549838,Ganore,below_threshold,76.92307692307692,3227967161,Gandole
549839,549839,Dhaner Digar,below_threshold,66.66666666666667,9874975804,Dhankhedi
549840,549840,Dare Bhanagi,below_threshold,63.1578947368421,7324621614,Dabhadi
549841,549841,Bijore,below_threshold,72.72727272727273,3224627662,Jorve
549842,549842,Visapur,place_assigned_to_multiple_villages,92.3076923076923,9870870351,Isapur
549843,549843,Chacher,below_threshold,66.66666666666667,10699071243,Daher
549844,549844,Bhadvan,below_threshold,71.42857142857143,9966515422,Bhadali
549845,549845,Gangavan,below_threshold,75.0,10169907879,Ganegaon
549846,549846,Kakane,below_threshold,85.71428571428572,9870870161,Kakadane
549847,549847,Mokbhanagi,below_threshold,70.58823529411764,245686418,Mokhada
549848,549848,Desrane,matched,100.0,3229532853,Desrane
549849,549849,Nalid,below_threshold,66.66666666666667,9966515240,Nadi
549850,549850,Bhandane {Pimpale},below_threshold,66.66666666666667,9874973195,Bhadgaon (ma)
549851,549851,Padgan,below_threshold,83.33333333333334,13717803233,Adgaon
549852,549852,Dharde Digar,below_threshold,66.66666666666667,1195065880,Bharadenagar
549853,549853,Pimple Kh.,below_threshold,75.0,3226704610,Pimpale
549854,549854,Mohobari,below_threshold,71.42857142857143,2678903678,Mohadi
549855,549855,Inshi,below_threshold,66.66666666666667,9874975774,Shiv
549856,549856,Ravalji,below_threshold,62.5,3667062188,Rodavhaal
549857,549857,Khedgaon,below_threshold,82.35294117647058,10169498555,Kanhegaon
549858,549858,Patvihir,below_threshold,76.92307692307692,13717806503,Vihir
549859,549859,Nakode,below_threshold,72.72727272727273,9870870163,Amode
549860,549860,Eklahare,below_threshold,71.42857142857143,3224627663,Lohare
549861,549861,Lingame,below_threshold,71.42857142857143,3224795413,Lingdeo
549862,549862,Amdar,below_threshold,83.33333333333334,3230458257,Jamdari
549863,549863,Wadale(Hatgad),below_threshold,66.66666666666667,10169498595,Wadala Mahadeo
549864,549864,Bendipada,below_threshold,84.21052631578947,1196552365,Bendrepada
549865,549865,Desgaon,below_threshold,85.71428571428572,2744860245,Devgaon
549866,549866,Sarale Digar,below_threshold,58.33333333333333,1195065880,Bharadenagar
549867,549867,Chankapur,below_threshold,82.35294117647058,10169498580,Khanapur
549868,549868,Jaipur,below_threshold,72.72727272727273,12595959063,Dapur
549869,549869,Gosrane,below_threshold,76.92307692307692,1195163989,Gotane
549870,549870,Barde,below_threshold,72.72727272727273,3243325621,Sarade
549871,549871,Asoli,matched,90.9090909090909,13980425547,Asnoli
549872,549872,Wadi Bk.,below_threshold,80.0,10169498561,Wangi Bk
549873,549873,Pale Kh.,below_threshold,70.58823529411764,10169498556,Malunje Kh
549874,549874,Pale Bk.,below_threshold,70.58823529411764,9872868221,Nandale Bk
549875,549875,Kalamthe,below_threshold,71.42857142857143,3204688562,Kulthe
549876,549876,Vithewadipale,below_threshold,58.33333333333333,9966515432,Kavit Kheda
549877,549877,Dahyanepale,below_threshold,77.77777777777779,1195108582,Dahyane
549878,549878,Abhona,matched,100.0,3229532852,Abhona
549879,549879,Bhagurdi,below_threshold,85.71428571428572,9966515281,Bhagur
549880,549880,Mohamukh,below_threshold,57.14285714285714,2678903678,Mohadi
549881,549881,Tirhal Kh.,below_threshold,57.14285714285714,1195040760,Tikhi
549882,549882,Tirhal Bk.,below_threshold,55.55555555555556,9870870157,Pimpri Bk
549883,549883,Devali  Karhad,below_threshold,64.0,13717814765,Asvali Harsh
549884,549884,Khirad,below_threshold,85.71428571428572,7324677407,Khirkade
549885,549885,Sukapur Hatgad,below_threshold,60.0,11167379989,Hatgad
549886,549886,Wadpada,below_threshold,87.5,2632398691,Wakadpada
549887,549887,Palasdar,below_threshold,66.66666666666667,245687416,Talwada
549888,549888,Mohpada,place_assigned_to_multiple_villages,100.0,7324677696,Mohpada
549889,549889,Bordaivat,below_threshold,62.5,3241166615,Borhate
549890,549890,Ambika Ozar,below_threshold,55.55555555555556,13978813260,Ambarji
549891,549891,Ozar,matched,100.0,3229532854,Ozar
549892,549892,Amburdi Kh.,below_threshold,60.0,10169526746,Ramourwadi
549893,549893,Amburdi Bk.,below_threshold,63.1578947368421,9870870157,Pimpri Bk
549894,549894,Dattanagar,below_threshold,70.0,9872868225,Mitranagar
549895,549895,Vanjari,below_threshold,85.71428571428572,3223415987,Manjari
549896,549896,Savakipale,below_threshold,70.58823529411764,1195040642,Savalde
549897,549897,Kundane {Kanashi},below_threshold,56.00000000000001,3077060882,Mandave Kh
549898,549898,Jamshet,below_threshold,71.42857142857143,2950428663,Murshet
549899,549899,Chinchore,below_threshold,88.88888888888889,8844047254,Chinchori
549900,549900,Devaliwani,below_threshold,66.66666666666667,3223427207,Valan
549901,549901,Jamale(Wani),below_threshold,76.19047619047619,13717733958,Jagalewadi
549902,549902,Bilwadi,below_threshold,76.92307692307692,9870870162,Alwadi
549903,549903,Mohandari,below_threshold,80.0,2678903678,Mohadi
549904,549904,Nanduri,below_threshold,76.92307692307692,1196573211,Nandre
549905,549905,Daregaonwani,below_threshold,80.0,9870870375,Daregaon
549906,549906,Saptashrungagad,below_threshold,58.33333333333333,3072173780,Taharabad
549907,549907,Katalgaon,below_threshold,87.5,9874973167,Kalgaon
549908,549908,Gobapur,below_threshold,71.42857142857143,3062694616,Nagapur
549909,549909,Athambe,below_threshold,80.0,3242195302,Waghambe
549910,549910,Sakore,ambiguous_candidates,100.0,3227967631,Sakore
549911,549911,Sakorepada,below_threshold,80.0,13649015387,Sakharpada
549912,549912,Jirwade Otur,below_threshold,60.0,9966515288,Kiratpur
549913,549913,Kalwan Kh,below_threshold,80.0,245689100,Kalwan
549914,549914,Manur,place_assigned_to_multiple_villages,100.0,3241559291,Manur
549915,549915,Kalwan Bk.,below_threshold,80.0,245689100,Kalwan
549916,549916,Navi Bej,below_threshold,53.333333333333336,3226704607,Konambe
549917,549917,Bej,below_threshold,57.14285714285714,3227078564,Ambe
549918,549918,Bhendi,below_threshold,85.71428571428572,3062694617,Bhendali
549919,549919,Niwane,below_threshold,83.33333333333334,3229681685,Nitane
549920,549920,Dahyane (Otur),below_threshold,73.6842105263158,1195108582,Dahyane
549921,549921,Bhusani,below_threshold,66.66666666666667,3223451327,Bramhani
549922,549922,Shirasamani,below_threshold,76.19047619047619,9870870158,Shirasgaon
549923,549923,Sadadvihir,below_threshold,70.0,13717766260,Varasvihir
549924,549924,Pimpripale,below_threshold,82.35294117647058,3226704610,Pimpale
549925,549925,Pimpri Markanda,below_threshold,66.66666666666667,9870870157,Pimpri Bk
549926,549926,Kanherwadi,matched,100.0,3635085745,Kanherwadi
549927,549927,Kurdane (Otur),below_threshold,60.0,9966515288,Kiratpur
549928,549928,Otur,below_threshold,72.72727272727273,6366213199,Kothure
549929,549929,Narul,below_threshold,80.0,9966515374,Jarul
549930,549930,Mulane(wani),below_threshold,70.0,10169907874,Landewadi
549931,549931,Wadale[Wani],below_threshold,66.66666666666667,13717733958,Jagalewadi
549932,549932,Mehadar,below_threshold,71.42857142857143,245686418,Mokhada
549933,549933,Machidhodap,below_threshold,66.66666666666667,9874975637,Mavchipada
549934,549934,Pilakos,below_threshold,71.42857142857143,9870870407,Pilkhod
549935,549935,Bagadu,below_threshold,66.66666666666667,9966515281,Bhagur
549936,549936,Bhaur,matched,100.0,9966505613,Bhaur
549937,549937,Khamkhede,below_threshold,82.35294117647058,9872863839,Kalkhede
549938,549938,Savaki [Lohoner],below_threshold,66.66666666666667,7127677275,Lohoner
549939,549939,Vithewadi,below_threshold,71.42857142857143,3203205458,Vitai
549940,549940,Zirepimple,below_threshold,70.58823529411764,3226704610,Pimpale
549941,549941,Satwaichiwadi,below_threshold,72.0,2744860249,Vadyachiwadi
549942,549942,Malwadi,ambiguous_candidates,100.0,10169526774,Malwadi
549943,549943,Fulemalwadi,below_threshold,77.77777777777779,10169526774,Malwadi
549944,549944,Lohoner,matched,100.0,7127677275,Lohoner
549945,549945,Khalap,below_threshold,71.42857142857143,9966515290,Khambala
549946,549946,Vasol,below_threshold,72.72727272727273,13980425547,Asnoli
549947,549947,Phule Nagar,below_threshold,63.63636363636363,9870896967,Sundernagar
549948,549948,Deopurpada,below_threshold,73.6842105263158,1196542853,Purmepada
549949,549949,Mahalpatane,below_threshold,70.0,5569122010,Mangalane
549950,549950,Nimbole,below_threshold,61.53846153846154,13717803231,Modale
549951,549951,Dongargaon,below_threshold,82.35294117647058,9966515260,Dongaon
549952,549952,Meshi,below_threshold,66.66666666666667,9874975774,Shiv
549953,549953,Dahiwad,below_threshold,73.6842105263158,2744860249,Vadyachiwadi
549954,549954,Mahatma Fule Nagar,below_threshold,60.0,1195065880,Bharadenagar
549955,549955,Umarane,below_threshold,85.71428571428572,12619108259,Umbrane
549956,549956,Tisgaon,place_assigned_to_multiple_villages,100.0,10169532305,Tisgaon
549957,549957,Varhale,below_threshold,71.42857142857143,3667062189,Vashala
549958,549958,Sangavi,ambiguous_candidates,92.3076923076923,3224565445,Sangvi
549959,549959,Chinchave (Nimbait),below_threshold,69.23076923076923,3243263859,Chinchave
549960,549960,Ramnagar,below_threshold,77.77777777777779,9872868225,Mitranagar
549961,549961,Kumbharde,below_threshold,82.35294117647058,9216398615,Kumbhari | कुंभारी
549962,549962,Giranare,place_assigned_to_multiple_villages,93.33333333333333,13447690151,Girnare
549963,549963,Warwandi,below_threshold,80.0,3224795411,Garwadi
549964,549964,Matane,below_threshold,76.92307692307692,13978813281,Masaune
549965,549965,Deola,ambiguous_candidates,100.0,3072172538,Deola
549966,549966,Vijaynagar,below_threshold,73.6842105263158,9870861469,Sevanagar
549967,549967,Khuntewadi,below_threshold,73.6842105263158,9966515316,Phulewadi
549968,549968,Khadaktale,below_threshold,70.58823529411764,9874975730,Khatyal
549969,549969,Pimpalgaon,ambiguous_candidates,100.0,9870870133,Pimpalgaon
549970,549970,Shrirampur,place_assigned_to_multiple_villages,100.0,6475704175,Shrirampur
549971,549971,Gunjalnagar,below_threshold,63.63636363636363,9870896967,Sundernagar
549972,549972,Rameshwar,below_threshold,73.6842105263158,2298918715,Bableshwar
549973,549973,Wajgaon,below_threshold,82.35294117647058,9966515256,Wanjargaon
549974,549974,Kharde (Wakhari),below_threshold,61.53846153846154,1195065880,Bharadenagar
549975,549975,Warshi,below_threshold,72.72727272727273,245684479,Ashwi
549976,549976,Hanmantpada,below_threshold,76.19047619047619,13717733962,Phanaspada
549977,549977,Sheri(Lohoner),below_threshold,70.0,7127677275,Lohoner
549978,549978,Kankapur,below_threshold,87.5,10169498580,Khanapur
549979,549979,Kanchane,below_threshold,87.5,3242195079,Kandhane
549980,549980,Wadali Wakhari,below_threshold,64.28571428571428,10169498595,Wadala Mahadeo
549981,549981,Bhavade,below_threshold,85.71428571428572,3242195077,Bhawade
549982,549982,Subhashnagar,below_threshold,69.56521739130434,10169498565,Ashok Nagar
549983,549983,Wakhari,below_threshold,76.92307692307692,823469388,Khardi
549984,549984,Bhilwad,below_threshold,71.42857142857143,3226704606,Dhulwad
549985,549985,Kapashi,below_threshold,76.92307692307692,3243277763,Kashti
549986,549986,Golwad,ambiguous_candidates,100.0,3241166616,Golwad
549987,549987,Mahatma Phule Nagar,below_threshold,58.06451612903225,1195065880,Bharadenagar
549988,549988,Bhimnagar,below_threshold,66.66666666666667,1195065880,Bharadenagar
549989,549989,Mohalangi,below_threshold,70.58823529411764,9874975538,Mohagaon
549990,549990,Borhate,matched,100.0,3241166615,Borhate
549991,549991,Mailwade,below_threshold,87.5,3241166618,Maliwade
549992,549992,Ganeshnagar,place_assigned_to_multiple_villages,100.0,10169526741,Ganeshnagar
549993,549993,Deothan-Digar,below_threshold,60.86956521739131,9875037970,Dhamandhar
549994,549994,Kondharabad,below_threshold,70.0,3072173780,Taharabad
549995,549995,Shevare,below_threshold,83.33333333333334,13978813261,Shere
549996,549996,Kathagad,below_threshold,77.77777777777779,13978813282,Kamthapada
549997,549997,Taharabad,matched,100.0,3072173780,Taharabad
549998,549998,Raver,matched,100.0,1195108635,Raver
549999,549999,Antapur,below_threshold,85.71428571428572,10169907875,Watapur
550000,550000,Morane-Digar,below_threshold,63.63636363636363,9872868225,Mitranagar
550001,550001,Mulher,matched,100.0,3241166619,Mulher
550002,550002,Jamoti,below_threshold,66.66666666666667,13593215080,Janori | जानोरी
550003,550003,Dagadpada (N.V.),below_threshold,63.63636363636363,2632398691,Wakadpada
550004,550004,Vade Digar,below_threshold,62.5,13476187971,Vadner
550005,550005,Visapur,place_assigned_to_multiple_villages,92.3076923076923,9870870351,Isapur
550006,550006,Ambapur,below_threshold,80.0,3230458261,Mamdapur
550007,550007,Jaitapur,below_threshold,80.0,10169907875,Watapur
550008,550008,Hatnoor,below_threshold,66.66666666666667,3062694615,Chandori
550009,550009,Jad,matched,100.0,3241166617,Jad
550010,550010,Gautamnagar,below_threshold,66.66666666666667,9872868225,Mitranagar
550011,550011,Aliyabad,matched,100.0,3241166614,Aliyabad
550012,550012,Kharad,below_threshold,83.33333333333334,823469388,Khardi
550013,550013,Ajande,below_threshold,76.92307692307692,3229723852,Kajwade
550014,550014,Bordaiwat,below_threshold,66.66666666666667,3244988005,Dalwat
550015,550015,Kadyachamala,below_threshold,70.0,9966515290,Khambala
550016,550016,Babhulane,below_threshold,77.77777777777779,9966515435,Babhultel
550017,550017,Parshuramnagar,below_threshold,66.66666666666667,10169532307,Pravarannagar
550018,550018,Waghambe,ambiguous_candidates,100.0,3242195302,Waghambe
550019,550019,Bhimkhet,below_threshold,55.55555555555556,12619108262,Pimparkhed
550020,550020,Salher,matched,100.0,3241562260,Salher
550021,550021,Manur,place_assigned_to_multiple_villages,100.0,3241559291,Manur
550022,550022,Bhilwad,below_threshold,71.42857142857143,3226704606,Dhulwad
550023,550023,Tungan Digar,below_threshold,61.53846153846154,2133372437,Talegaon Dighe
550024,550024,Katarwel,below_threshold,70.58823529411764,2632398690,Katarwadi
550025,550025,Daswel,below_threshold,66.66666666666667,3242195078,Dasane
550026,550026,Pimpalkothe,below_threshold,77.77777777777779,3226704610,Pimpale
550027,550027,Daregaon,place_assigned_to_multiple_villages,100.0,9870870375,Daregaon
550028,550028,Nandin,below_threshold,80.0,9966515240,Nadi
550029,550029,Jaipur,below_threshold,72.72727272727273,12595959063,Dapur
550030,550030,Wadipisol,below_threshold,62.5,13717802507,Wadholi
550031,550031,Tinghari,below_threshold,66.66666666666667,1196627141,Nagzari
550032,550032,Vade Kh.,below_threshold,70.58823529411764,3077060882,Mandave Kh
550033,550033,Shripurvade,below_threshold,77.77777777777779,5710116788,Shivade
550034,550034,Eklahare,below_threshold,71.42857142857143,3224627663,Lohare
550035,550035,Tandulwadi,below_threshold,84.21052631578947,10720656084,Gandulwad
550036,550036,Bhadane,below_threshold,76.92307692307692,3242195075,Audane
550037,550037,Sompur,below_threshold,66.66666666666667,9870870351,Isapur
550038,550038,Jaikheda,ambiguous_candidates,93.33333333333333,3243325563,Jaikhed
550039,550039,Waghale,below_threshold,80.0,3242195302,Waghambe
550040,550040,Rajpurpande,below_threshold,66.66666666666667,3243279557,Rampura
550041,550041,Deopur,below_threshold,72.72727272727273,12595959063,Dapur
550042,550042,Anandpur,below_threshold,75.0,4050236379,Gangapur
550043,550043,Ladud,below_threshold,60.0,9874973176,Rahud
550044,550044,Nitane,matched,100.0,3229681685,Nitane
550045,550045,Bijote,below_threshold,83.33333333333334,3229681682,Bilote
550046,550046,Akhatwade,below_threshold,75.0,3229723852,Kajwade
550047,550047,Parner,below_threshold,66.66666666666667,3223415986,Kopare
550048,550048,Bilpuri,below_threshold,71.42857142857143,9872863834,Balapur
550049,550049,Bodhari,below_threshold,76.92307692307692,9872868223,Dhadri
550050,550050,Chirai,below_threshold,76.92307692307692,9966515357,Shivrai
550051,550051,Rahud,place_assigned_to_multiple_villages,100.0,9874973176,Rahud
550052,550052,Mahad,below_threshold,72.72727272727273,2678903678,Mohadi
550053,550053,Bahirane,below_threshold,80.0,1195108605,Balhane
550054,550054,Varche Tembhe,below_threshold,58.33333333333333,9870870405,Varkhede Bk
550055,550055,Talwade Bhamer,below_threshold,66.66666666666667,245687416,Talwada
550056,550056,Utrane,matched,100.0,3243325623,Utrane
550057,550057,Tembhe,below_threshold,83.33333333333334,3019899226,Tembha
550058,550058,Malgaon Bhamer,below_threshold,73.33333333333334,13476187970,Pimpalgaon Khamb
550059,550059,Ijamane,below_threshold,66.66666666666667,3224932331,Jambhale
550060,550060,Khamlon,below_threshold,71.42857142857143,9874973167,Kalgaon
550061,550061,Dyane,matched,100.0,3243325562,Dyane
550062,550062,Bramhanpade,below_threshold,81.81818181818181,2081198312,Brahmanwade
550063,550063,Askheda,below_threshold,85.71428571428572,3243325561,Asakhed
550064,550064,Gorane,below_threshold,83.33333333333334,1195163989,Gotane
550065,550065,Fopir,below_threshold,54.54545454545454,3223415986,Kopare
550066,550066,Nampur,below_threshold,83.33333333333334,10169498577,Rampur
550067,550067,Bijorase,below_threshold,66.66666666666667,3241166615,Borhate
550068,550068,Morane Sandas,below_threshold,57.14285714285714,9875037989,Manadane
550069,550069,Ambasan,below_threshold,83.33333333333334,7276410989,Abasa
550070,550070,Kakadgaon,below_threshold,88.88888888888889,3224119084,Ukkadgaon
550071,550071,Nalkas,below_threshold,61.53846153846154,1195040740,Ranmala
550072,550072,Ratir,below_threshold,61.53846153846154,9966515288,Kiratpur
550073,550073,Ramtir,below_threshold,66.66666666666667,10169498577,Rampur
550074,550074,Kupkhede,ambiguous_candidates,100.0,3243325565,Kupkhede
550075,550075,Khirmani,matched,93.33333333333333,3243325564,Khimani
550076,550076,Kotbel,below_threshold,72.72727272727273,2081198301,Kotul
550077,550077,Jakhod,below_threshold,76.92307692307692,3243325563,Jaikhed
550078,550078,Narkol,below_threshold,72.72727272727273,13649052160,Karol
550079,550079,Mungase,place_assigned_to_multiple_villages,92.3076923076923,3229554476,Mungse
550080,550080,Vijaynagar,below_threshold,73.6842105263158,9870861469,Sevanagar
550081,550081,Pingalwade,below_threshold,70.58823529411764,3204688682,Talwade
550082,550082,Karanjad,below_threshold,80.0,3224115692,Karanji
550083,550083,Bhuyane,below_threshold,71.42857142857143,1195108582,Dahyane
550084,550084,Dholbare,below_threshold,75.0,5719107532,Dhondbar
550085,550085,Dasane,place_assigned_to_multiple_villages,100.0,3242195078,Dasane
550086,550086,Kersane,matched,100.0,3242195080,Kersane
550087,550087,Virgaon,ambiguous_candidates,100.0,3229550432,Virgaon
550088,550088,Avhati,matched,100.0,3242195076,Avhati
550089,550089,Vanoli,below_threshold,83.33333333333334,13980425547,Asnoli
550090,550090,Dongrej,below_threshold,80.0,1184189650,Dongrale
550091,550091,Vatar,matched,100.0,3242195301,Vatar
550092,550092,Chaundhane,below_threshold,77.77777777777779,3242195079,Kandhane
550093,550093,Tarsali,below_threshold,70.58823529411764,10169526744,Tarkaswadi
550094,550094,Kautikpada,below_threshold,73.6842105263158,13649033337,Hattipada
550095,550095,Mulane,below_threshold,76.92307692307692,3226797966,Gaulane
550096,550096,Aundane,ambiguous_candidates,93.33333333333333,9872863837,Saundane
550097,550097,Bhakshi,below_threshold,66.66666666666667,245684479,Ashwi
550098,550098,Vathode,below_threshold,66.66666666666667,3243279558,Vadel
550099,550099,Gandhinagar,below_threshold,81.81818181818181,10169526741,Ganeshnagar
550100,550100,Kerovanagar,below_threshold,80.0,9870861469,Sevanagar
550101,550101,Salwan,below_threshold,83.33333333333334,245689100,Kalwan
550102,550102,Kopmal,below_threshold,66.66666666666667,3223415986,Kopare
550103,550103,Pisore,below_threshold,66.66666666666667,3227967631,Sakore
550104,550104,Bhawade,matched,100.0,3242195077,Bhawade
550105,550105,Malgaon Kh.,below_threshold,86.95652173913044,9874975677,Pimpalgaon Kh
550106,550106,Talwade Digar,below_threshold,70.0,245687416,Talwada
550107,550107,Pathave Digar,below_threshold,57.14285714285714,13649016979,Pachghar
550108,550108,Sarpargaon,below_threshold,84.21052631578947,5569122011,Sawargaon
550109,550109,Kelzar,below_threshold,66.66666666666667,3224564873,Kelwad
550110,550110,Tatani,below_threshold,66.66666666666667,3017343030,Atgaon
550111,550111,Bhavnagar,below_threshold,76.19047619047619,1195065880,Bharadenagar
550112,550112,Sakode,below_threshold,83.33333333333334,3227967631,Sakore
550113,550113,Morkure,below_threshold,57.14285714285714,2950428663,Murshet
550114,550114,Bhildar,below_threshold,71.42857142857143,13717800219,Bhilmal
550115,550115,Kikwari Kh.,below_threshold,57.14285714285714,7276444017,Khokarvihir
550116,550116,Kikwari Bk.,below_threshold,66.66666666666667,10169498561,Wangi Bk
550117,550117,Vinchure,place_assigned_to_multiple_villages,93.33333333333333,4026062333,Vinchur
550118,550118,Joran,below_threshold,61.53846153846154,13717767198,Torangan
550119,550119,Deopur,below_threshold,72.72727272727273,12595959063,Dapur
550120,550120,Kapaleshwar,below_threshold,76.19047619047619,2298918715,Bableshwar
550121,550121,Karanjkhed,below_threshold,70.58823529411764,3224115692,Karanji
550122,550122,Bundhate,below_threshold,66.66666666666667,3241166615,Borhate
550123,550123,Dangsaundane,below_threshold,80.0,9872863837,Saundane
550124,550124,Dahindule,below_threshold,66.66666666666667,7127867248,Shinde
550125,550125,Nikwel,below_threshold,61.53846153846154,9874975801,Virkhel
550126,550126,Kandhane,place_assigned_to_multiple_villages,100.0,3242195079,Kandhane
550127,550127,Nave Nirpur,below_threshold,70.58823529411764,3229681684,Nirpur
550128,550128,Nirpur,matched,100.0,3229681684,Nirpur
550129,550129,Tilwan,below_threshold,66.66666666666667,245689100,Kalwan
550130,550130,Sarwar,below_threshold,66.66666666666667,3225034808,Samrad
550131,550131,Wadi Chaulher,below_threshold,63.63636363636363,2269393582,Wadiwarhe
550132,550132,Dodheshwar,below_threshold,70.0,10720685415,Khireshwar
550133,550133,Karhe,below_threshold,83.33333333333334,13717734554,Karhole
550134,550134,Chaugaon,matched,100.0,1184188631,Chaugaon | Chaugaon-Gotane
550135,550135,Arai,below_threshold,75.0,245690884,Arvi
550136,550136,Malegaon Tilwan,below_threshold,62.06896551724138,2133372437,Talegaon Dighe
550137,550137,Munjwad,below_threshold,62.5,3223415989,Musalwadi
550138,550138,Khamtane,matched,100.0,3242195081,Khamtane
550139,550139,Navegaon,below_threshold,80.0,10169498575,Naygaon
550140,550140,Pimpaldar,below_threshold,84.21052631578947,7324621615,Pimpalpada
550141,550141,More Nagar,below_threshold,70.0,9872868225,Mitranagar
550142,550142,Darhane,below_threshold,85.71428571428572,1195108582,Dahyane
550143,550143,Indiranagar,place_assigned_to_multiple_villages,100.0,9872876742,Indiranagar
550144,550144,Thengode,below_threshold,66.66666666666667,9874975835,Dhongde
550145,550145,Navi Shemali,below_threshold,63.63636363636363,3243277768,Nimshevadi
550146,550146,Sarade,matched,100.0,3243325621,Sarade
550147,550147,Vaygaon,matched,100.0,3243325624,Vaygaon
550148,550148,Surane,matched,100.0,3243325622,Surane
550149,550149,Deolane,place_assigned_to_multiple_villages,100.0,3229681683,Deolane
550150,550150,Ajmir Saundane,matched,96.2962962962963,3229681681,Ajmir Saudane
550151,550151,Shemali,below_threshold,72.72727272727273,13978813280,Shei
550152,550152,Bramhangaon,matched,100.0,245689567,Bramhangaon
550153,550153,Yashawantnagar,below_threshold,66.66666666666667,10169532307,Pravarannagar
550154,550154,Dhandri,matched,92.3076923076923,9872868223,Dhadri
550155,550155,Lakhamapur,place_assigned_to_multiple_villages,94.73684210526316,12619108257,Lakhmapur
550156,550156,Kajwade,matched,100.0,3229723852,Kajwade
550157,550157,Rampura,ambiguous_candidates,100.0,3243279557,Rampura
550158,550158,Chinchave(Galane),below_threshold,78.57142857142857,9870896984,Chinchagavan
550159,550159,Nagzari,matched,100.0,1196627141,Nagzari
550160,550160,Galne,below_threshold,83.33333333333334,3226797966,Gaulane
550161,550161,Lulle,below_threshold,88.88888888888889,3243277766,Lule
550162,550162,Virane,matched,100.0,3243279560,Virane
550163,550163,Pohane,matched,100.0,3243277769,Pohane
550164,550164,Garegaon,matched,100.0,3243277761,Garegaon
550165,550165,Valwade,below_threshold,85.71428571428572,3204688682,Talwade
550166,550166,Valwadi,ambiguous_candidates,93.33333333333333,3243279559,Valawadi
550167,550167,Nimshevadi,matched,100.0,3243277768,Nimshevadi
550168,550168,Garbad,below_threshold,76.92307692307692,3224795411,Garwadi
550169,550169,Tipe,below_threshold,66.66666666666667,3224966273,Tirde
550170,550170,Mordar,below_threshold,66.66666666666667,8618554767,Borsar
550171,550171,Khakurdi,matched,100.0,3243277764,Khakurdi
550172,550172,Vadner,matched,100.0,13476187971,Vadner
550173,550173,Kothare Kh.,below_threshold,82.35294117647058,4051423098,Kothare
550174,550174,Kothare Bk.,below_threshold,84.21052631578947,10169532306,Kolhar Bk
550175,550175,Sawatawadi,below_threshold,73.6842105263158,2632398690,Katarwadi
550176,550176,Satmane,below_threshold,76.92307692307692,9872876739,Sitane
550177,550177,Dongrale,matched,100.0,1184189650,Dongrale
550178,550178,Bharadenagar,matched,100.0,1195065880,Bharadenagar
550179,550179,Ghanegaon,matched,94.11764705882352,10169907879,Ganegaon
550180,550180,Kaulane (Galane),below_threshold,69.56521739130434,5569122010,Mangalane
550181,550181,Vanpat,below_threshold,66.66666666666667,2283838241,Bansda | Vansda
550182,550182,Tingri,below_threshold,61.53846153846154,1196627141,Nagzari
550183,550183,Dahidi,below_threshold,76.92307692307692,7324621614,Dabhadi
550184,550184,Kankrale,matched,100.0,3243277762,Kankrale
550185,550185,Vadel,matched,100.0,3243279558,Vadel
550186,550186,Kukane,matched,100.0,3243277765,Kukane
550187,550187,Karanj Gavhan,below_threshold,78.26086956521739,3062514230,Karanjgaon
550188,550188,Hatane,below_threshold,85.71428571428572,3242195081,Khamtane
550189,550189,Khadaki,below_threshold,76.92307692307692,823469388,Khardi
550190,550190,Lendane,below_threshold,72.72727272727273,3204688566,Nane
550191,550191,Dabli,below_threshold,72.72727272727273,3226704608,Padali
550192,550192,Vajirkhede,below_threshold,76.19047619047619,9870870405,Varkhede Bk
550193,550193,Vadgaon,ambiguous_candidates,92.3076923076923,13717803233,Adgaon
550194,550194,Dasane,place_assigned_to_multiple_villages,100.0,3242195078,Dasane
550195,550195,Lonwade,below_threshold,76.92307692307692,9870870376,Londhe
550196,550196,Rajmane,below_threshold,66.66666666666667,245691507,Ajang
550197,550197,Lakhani,ambiguous_candidates,100.0,1196552246,Lakhani
550198,550198,Astane,below_threshold,83.33333333333334,3242195078,Dasane
550199,550199,Tokade,below_threshold,62.5,10272486022,Kokankhede
550200,550200,Mohapada,place_assigned_to_multiple_villages,93.33333333333333,7324677696,Mohpada
550201,550201,Jalku,below_threshold,75.0,13717813940,Alu
550202,550202,Kandhane,place_assigned_to_multiple_villages,100.0,3242195079,Kandhane
550203,550203,Zodge,matched,100.0,3229742924,Zodge
550204,550204,Gugulwad,below_threshold,71.42857142857143,3241166616,Golwad
550205,550205,Palasdare,below_threshold,70.58823529411764,13717805213,Palsunde
550206,550206,Bhilkot,below_threshold,76.92307692307692,3229681682,Bilote
550207,550207,Devarpada,below_threshold,77.77777777777779,13336821941,Savarpada
550208,550208,Manke,below_threshold,66.66666666666667,3204688566,Nane
550209,550209,Dahikute,below_threshold,61.53846153846154,10699071243,Daher
550210,550210,Sayane Kh,below_threshold,63.1578947368421,3077060882,Mandave Kh
550211,550211,Chikhalohal,below_threshold,63.1578947368421,12619108260,Hisvahal
550212,550212,Nale,below_threshold,80.0,1184188636,Ajnale
550213,550213,Sajvahal,below_threshold,75.0,12619108260,Hisvahal
550214,550214,Shendurni,below_threshold,82.35294117647058,13978813259,Shendrun
550215,550215,Sayane Bk,below_threshold,63.1578947368421,9872868221,Nandale Bk
550216,550216,Savandgaon,ambiguous_candidates,90.0,9966515373,Sawandgaon
550217,550217,Dundhe,below_threshold,66.66666666666667,9870870376,Londhe
550218,550218,Ravalgaon,below_threshold,77.77777777777779,245687316,Lasalgaon
550219,550219,Ajang,ambiguous_candidates,100.0,245691507,Ajang
550220,550220,Kashti,matched,100.0,3243277763,Kashti
550221,550221,Nilgavhan,matched,100.0,3243277767,Nilgavhan
550222,550222,Pimpalgaon,ambiguous_candidates,100.0,9870870133,Pimpalgaon
550223,550223,Jalgaon (Galane),below_threshold,69.56521739130434,5569122010,Mangalane
550224,550224,Belgaon,matched,100.0,9966515293,Belgaon
550225,550225,Talwade,ambiguous_candidates,100.0,3204688682,Talwade
550226,550226,Pandharun,below_threshold,75.0,9870870151,Andhari
550227,550227,Dhavali Vihir,below_threshold,64.51612903225806,9221632688,Savalivihir Budruk
550228,550228,Ganeshnagar  (Mitranagar) (N.V.),below_threshold,59.45945945945945,10169526741,Ganeshnagar
550229,550229,Aghar Bk,below_threshold,82.35294117647058,245683981,Kangar Bk
550230,550230,Dabhadi,ambiguous_candidates,100.0,7324621614,Dabhadi
550231,550231,Tehare,below_threshold,76.92307692307692,4051423098,Kothare
550232,550232,Mungase,place_assigned_to_multiple_villages,92.3076923076923,3229554476,Mungse
550233,550233,Chinchavad,below_threshold,84.21052631578947,3243263859,Chinchave
550234,550234,Aghar Kh,below_threshold,70.58823529411764,245683981,Kangar Bk
550235,550235,Patane,below_threshold,76.92307692307692,5994890689,Padalne
550236,550236,Vake,below_threshold,72.72727272727273,3224627661,Javalke
550237,550237,Nandgaon Kh.,below_threshold,84.21052631578947,9966515312,Nandgaon
550238,550238,Nandgaon,ambiguous_candidates,100.0,9966515312,Nandgaon
550239,550239,Saundane,ambiguous_candidates,100.0,9872863837,Saundane
550240,550240,Kaulane (N),below_threshold,75.0,3226797966,Gaulane
550241,550241,Nagaon (D),below_threshold,80.0,10169498575,Naygaon
550242,550242,Jwardi Bk.,below_threshold,70.58823529411764,10169498561,Wangi Bk
550243,550243,Mehune,below_threshold,66.66666666666667,3229554476,Mungse
550244,550244,Varhane,below_threshold,76.92307692307692,3243279560,Virane
550245,550245,Varhanepada,below_threshold,70.0,13336821941,Savarpada
550246,550246,Sonaj,below_threshold,54.54545454545454,245684009,Shenwa
550247,550247,Takali,below_threshold,75.0,3223427206,Takalimiya
550248,550248,Shirsondi,below_threshold,73.6842105263158,9870870158,Shirasgaon
550249,550249,Manjare,below_threshold,85.71428571428572,3223415987,Manjari
550250,550250,Ghodegaon,matched,100.0,9870870134,Ghodegaon
550251,550251,Ghodegaonchoki,below_threshold,78.26086956521739,9870870134,Ghodegaon
550252,550252,Jalgaon (Nimbait),below_threshold,63.63636363636363,3229763208,Nimbait
550253,550253,Kalewadi,below_threshold,85.71428571428572,9870870162,Alwadi
550254,550254,Savkarwadi,below_threshold,73.6842105263158,2632398690,Katarwadi
550255,550255,Zadi,below_threshold,75.0,9966515240,Nadi
550256,550256,Erandgaon,below_threshold,82.35294117647058,9966515312,Nandgaon
550257,550257,Chondhi,below_threshold,75.0,11392150306,Morchondi
550258,550258,Chandanpuri,below_threshold,73.6842105263158,3062694615,Chandori
550259,550259,Yesgaon Bk,below_threshold,82.35294117647058,3224119085,Yesgaon
550260,550260,Yesgaon Kh,below_threshold,82.35294117647058,3224119085,Yesgaon
550261,550261,Bhuigavhan,below_threshold,73.6842105263158,3243277767,Nilgavhan
550262,550262,Ajande,below_threshold,76.92307692307692,3229723852,Kajwade
550263,550263,Ajande Kh.,below_threshold,73.6842105263158,3077060882,Mandave Kh
550264,550264,Khayade,below_threshold,71.42857142857143,3229723852,Kajwade
550265,550265,Mathurpada,below_threshold,73.6842105263158,9875037951,Mogarpada
550266,550266,Jwardi Kh,below_threshold,63.63636363636363,13717807294,Jharvad Khurd
550267,550267,Nimgaon Kh,below_threshold,82.35294117647058,10169498572,Nimgaon
550268,550268,Nimgaon,matched,100.0,10169498572,Nimgaon
550269,550269,Gilane,below_threshold,76.92307692307692,3226797966,Gaulane
550270,550270,Malagaon,matched,100.0,3229752028,Malagaon
550271,550271,Nimgulekupa,below_threshold,55.55555555555556,10169498572,Nimgaon
550272,550272,Nimgule,below_threshold,61.53846153846154,3241166619,Mulher
550273,550273,Dubagule,below_threshold,58.82352941176471,9966515435,Babhultel
550274,550274,Patharde,below_threshold,66.66666666666667,1195108614,Padalde
550275,550275,Chaukatpada,below_threshold,70.0,2632398691,Wakadpada
550276,550276,Jatpade,below_threshold,62.5,13649033337,Hattipada
550277,550277,Nimbait,matched,100.0,3229763208,Nimbait
550278,550278,Jeur,below_threshold,66.66666666666667,3076330444,Rajur
550279,550279,Sakuri(Nimbait),below_threshold,66.66666666666667,3229763208,Nimbait
550280,550280,Malhanagaon,below_threshold,84.21052631578947,3229752028,Malagaon
550281,550281,Gigaon,below_threshold,85.71428571428572,9966515315,Ghaigaon
550282,550282,Roze,below_threshold,54.54545454545454,13717734554,Karhole
550283,550283,Padalde,matched,100.0,1195108614,Padalde
550284,550284,Satarpada,below_threshold,88.88888888888889,13336821941,Savarpada
550285,550285,Sherul,matched,100.0,3229742923,Sherul
550286,550286,Hiswal Bk,below_threshold,58.82352941176471,10169498561,Wangi Bk
550287,550287,Deoghat,below_threshold,66.66666666666667,3072172538,Deola
550288,550288,Dapur,place_assigned_to_multiple_villages,100.0,12595959063,Dapur
550289,550289,Sakur,place_assigned_to_multiple_villages,90.9090909090909,3229752246,Sakuri
550290,550290,Kalwadi,ambiguous_candidates,92.3076923076923,9870870162,Alwadi
550291,550291,Dahiwal,below_threshold,76.92307692307692,9966515291,Dawala
550292,550292,Bodhe,below_threshold,72.72727272727273,9870870376,Londhe
550293,550293,Sitane,matched,100.0,9872876739,Sitane
550294,550294,Khalane,below_threshold,80.0,3242195081,Khamtane
550295,550295,Ronzane,below_threshold,72.72727272727273,3204688566,Nane
550296,550296,Chinchagavhan,matched,96.0,9870896984,Chinchagavan
550297,550297,Nardane,below_threshold,80.0,9875037989,Manadane
550298,550298,Umbardhe,below_threshold,76.92307692307692,3223451844,Umbre
550305,550305,Boygaon,below_threshold,71.42857142857143,3224119085,Yesgaon
550306,550306,Darhel,matched,92.3076923076923,9874973166,Darkhel
550307,550307,Nandur,below_threshold,83.33333333333334,1196573211,Nandre
550308,550308,Parekarwadi,below_threshold,76.19047619047619,10169526744,Tarkaswadi
550309,550309,Kondhar,below_threshold,71.42857142857143,4051423098,Kothare
550310,550310,Dhaner,below_threshold,83.33333333333334,13717815902,Dhakne
550311,550311,Bhardi,below_threshold,83.33333333333334,823469388,Khardi
550312,550312,Nawasari,below_threshold,66.66666666666667,1196627141,Nagzari
550313,550313,Khadgaon,below_threshold,85.71428571428572,13717803233,Adgaon
550314,550314,Panzandeo,below_threshold,66.66666666666667,1196573211,Nandre
550315,550315,Astagaon,matched,100.0,3224566936,Astagaon
550316,550316,Dhotane Bk.,below_threshold,62.5,1195163989,Gotane
550317,550317,Panewadi,below_threshold,82.35294117647058,10169526759,Patelwadi
550318,550318,Nagapur,place_assigned_to_multiple_villages,100.0,3062694616,Nagapur
550319,550319,Ekwai,below_threshold,66.66666666666667,245686035,Wavi
550320,550320,Karhi,below_threshold,72.72727272727273,823469388,Khardi
550321,550321,Satane,below_threshold,83.33333333333334,9872876739,Sitane
550322,550322,Anakwade,below_threshold,87.5,1195065733,Anakwadi
550323,550323,Wanjarwadi,ambiguous_candidates,90.0,10169907869,Vanjarwadi
550324,550324,Malegaon Karyat,below_threshold,66.66666666666667,1672972938,Pimpalgaon Basvant
550325,550325,Ghadeghewadi,below_threshold,72.72727272727273,5719107531,Aundhewadi
550326,550326,Narayangaon,below_threshold,77.77777777777779,10169498575,Naygaon
550327,550327,Dhotane Kh.,below_threshold,63.1578947368421,9874975804,Dhankhedi
550328,550328,Hiswal Kh.,below_threshold,58.82352941176471,12619108260,Hisvahal
550329,550329,Hiswal Bk.,below_threshold,58.82352941176471,10169498561,Wangi Bk
550330,550330,Hirenagar,below_threshold,76.19047619047619,1195065880,Bharadenagar
550331,550331,Nandgaon Rural,below_threshold,74.07407407407408,3225032392,Nandgaon Sado
550332,550332,Shriramnagar,below_threshold,72.72727272727273,6475704175,Shrirampur
550333,550333,Phulenagar,below_threshold,66.66666666666667,9870896967,Sundernagar
550334,550334,Hinganwadi,matched,95.23809523809523,10706289185,Shinganwadi
550335,550335,Girnanagar,below_threshold,80.0,9872868225,Mitranagar
550336,550336,Krantinagar,below_threshold,66.66666666666667,9872868225,Mitranagar
550337,550337,Malaharwadi,below_threshold,77.77777777777779,10169526774,Malwadi
550338,550338,Gangadhari,below_threshold,82.35294117647058,9870870151,Andhari
550339,550339,Pokhari Patode,below_threshold,58.33333333333333,245687757,Khadkipada
550340,550340,Tandulwadi,below_threshold,84.21052631578947,10720656084,Gandulwad
550341,550341,Dahigaon,ambiguous_candidates,100.0,3224115691,Dahigaon
550342,550342,Azadnagar,below_threshold,76.19047619047619,1195065880,Bharadenagar
550343,550343,Mandwad,below_threshold,76.92307692307692,9872868222,Mandal
550344,550344,Shastrinager,below_threshold,60.0,6395446086,Shingave
550345,550345,Besgaon,below_threshold,87.5,6142732838,Bedisgaon
550346,550346,Mohegaon,below_threshold,87.5,9874975538,Mohagaon
550347,550347,Laxminagar,below_threshold,70.0,9872868225,Mitranagar
550348,550348,Morzar,below_threshold,80.0,3229532854,Ozar
550349,550349,Bangaon Bk.,below_threshold,73.6842105263158,245683981,Kangar Bk
550350,550350,Bangaon Kh.,below_threshold,69.56521739130434,9874975677,Pimpalgaon Kh
550351,550351,Takli Bk.,below_threshold,66.66666666666667,9966505590,Loni Bk
550352,550352,Takli Kh.,below_threshold,66.66666666666667,9966515426,Loni Kh
550353,550353,Khirdipatode,below_threshold,70.0,7324677407,Khirkade
550354,550354,Wadali Kh.,below_threshold,66.66666666666667,3226704608,Padali
550355,550355,Wadali Bk.,below_threshold,73.6842105263158,9872868221,Nandale Bk
550356,550356,Bhalur,ambiguous_candidates,90.9090909090909,9966505613,Bhaur
550357,550357,Lohashingve,below_threshold,73.6842105263158,6395446086,Shingave
550358,550358,Soygaon,below_threshold,80.0,9870870165,Sayagaon
550359,550359,Bhauri,ambiguous_candidates,90.9090909090909,9966505613,Bhaur
550360,550360,Wakhari,below_threshold,76.92307692307692,823469388,Khardi
550361,550361,Pimprale,place_assigned_to_multiple_villages,93.33333333333333,3226704610,Pimpale
550362,550362,Kalamdari,below_threshold,77.77777777777779,13336808676,Kalamwadi
550363,550363,Malgaon,ambiguous_candidates,93.33333333333333,3229752028,Malagaon
550364,550364,Borale,below_threshold,76.92307692307692,3241166615,Borhate
550365,550365,Amode,place_assigned_to_multiple_villages,100.0,9870870163,Amode
550366,550366,Mangalane,matched,100.0,5569122010,Mangalane
550367,550367,Vehelgaon,below_threshold,75.0,9966515293,Belgaon
550368,550368,Jamdari,matched,100.0,3230458257,Jamdari
550369,550369,Talwade,ambiguous_candidates,100.0,3204688682,Talwade
550370,550370,Palshi,below_threshold,83.33333333333334,3953285229,Palsin
550371,550371,Sawargaon,place_assigned_to_multiple_villages,100.0,5569122011,Sawargaon
550372,550372,Naydongari,matched,94.73684210526316,12619108261,Naydongri
550373,550373,Birole,below_threshold,83.33333333333334,9966515431,Birola
550374,550374,Muldongari,below_threshold,63.1578947368421,12619108261,Naydongri
550375,550375,Aswaldara,below_threshold,66.66666666666667,9966515291,Dawala
550376,550376,Sakore,ambiguous_candidates,100.0,3227967631,Sakore
550377,550377,New_panzan,below_threshold,63.63636363636363,9966515249,New Najathan
550378,550378,Babhulwadi,matched,100.0,9872863838,Babhulwadi
550379,550379,Doctorwadi,below_threshold,70.0,2639458995,Dongerwadi
550380,550380,Chandore,below_threshold,87.5,3062694615,Chandori
550381,550381,Rankhede,below_threshold,77.77777777777779,10272486022,Kokankhede
550382,550382,Hingane Dehere,below_threshold,64.51612903225806,9870870160,Talonde Pr. Dehere
550383,550383,Pimpri_haveli,below_threshold,69.23076923076923,2327838009,Pimpri Nirmal
550384,550384,Pardhadi,below_threshold,80.0,9874975694,Vardadi
550385,550385,Pimparkhed,ambiguous_candidates,100.0,12619108262,Pimparkhed
550386,550386,Jalgaon Kh.,below_threshold,82.35294117647058,10169526748,Jalgaon
550387,550387,Jalgaon Bk.,below_threshold,82.35294117647058,10169526748,Jalgaon
550388,550388,Ganeshnagar,place_assigned_to_multiple_villages,100.0,10169526741,Ganeshnagar
550389,550389,Manikpunj,below_threshold,58.82352941176471,9870870164,Mandurne
550390,550390,Kasabkhede,below_threshold,82.35294117647058,3243325561,Asakhed
550391,550391,Pohi,below_threshold,66.66666666666667,9966515381,Kolhi
550392,550392,Kasari,below_threshold,66.66666666666667,823469388,Khardi
550393,550393,Chinchvihir,below_threshold,73.6842105263158,245690660,Chinchli
550394,550394,Kusumtel,below_threshold,66.66666666666667,3225032391,Kaluste
550395,550395,Dheku Kh.,below_threshold,62.5,10169526740,Ekarukhe
550396,550396,Dheku Bk.,below_threshold,58.82352941176471,10169526755,Nandur Bk
550397,550397,Chandanpuri,below_threshold,73.6842105263158,3062694615,Chandori
550398,550398,Lodhare,matched,92.3076923076923,3224627663,Lohare
550399,550399,Vasantnagar,below_threshold,75.0,10169532307,Pravarannagar
550400,550400,Jategaon,ambiguous_candidates,100.0,3230458258,Jategaon
550401,550401,Gondegaon,place_assigned_to_multiple_villages,100.0,3224002797,Gondegaon
550402,550402,Jawalki,below_threshold,71.42857142857143,3224627661,Javalke
550403,550403,Bolthan,below_threshold,71.42857142857143,1195108605,Balhane
550404,550404,Rohile Bk,below_threshold,62.5,9966505590,Loni Bk
550405,550405,Nawapur,below_threshold,85.71428571428572,3062694616,Nagapur
550406,550406,Indira Nagar,place_assigned_to_multiple_villages,95.65217391304348,9872876742,Indiranagar
550407,550407,Jaitapur,below_threshold,80.0,10169907875,Watapur
550408,550408,Hatti,below_threshold,80.0,7276194042,Bhati
550409,550409,Sherisalaiban,below_threshold,57.14285714285714,9874975805,Shelbari
550410,550410,Kundane,below_threshold,83.33333333333334,1195163933,Udane
550411,550411,Kanmandale,below_threshold,75.0,9872868222,Mandal
550412,550412,Vijaynagar,below_threshold,73.6842105263158,9870861469,Sevanagar
550413,550413,Dhodambe,matched,100.0,3635085743,Dhodambe
550414,550414,Ekrukhe,matched,93.33333333333333,10169526740,Ekarukhe
550415,550415,Dahyane,matched,100.0,1195108582,Dahyane
550416,550416,Paregaon,ambiguous_candidates,93.33333333333333,10720685420,Pargaon
550417,550417,Dudhkhede,below_threshold,75.0,9870861470,Upkhede
550418,550418,Shivare,below_threshold,85.71428571428572,5710116788,Shivade
550419,550419,Borale,below_threshold,76.92307692307692,3241166615,Borhate
550420,550420,Chikhalambe,below_threshold,70.58823529411764,3224795412,Kalamb
550421,550421,Bahaduri,below_threshold,76.92307692307692,9966505613,Bhaur
550422,550422,Jambutke,below_threshold,66.66666666666667,3227078564,Ambe
550423,550423,Goharan,below_threshold,80.0,2213151069,Ghargaon | घारगाव
550424,550424,Bhayale,below_threshold,71.42857142857143,3242195077,Bhawade
550425,550425,Shinde,place_assigned_to_multiple_villages,100.0,7127867248,Shinde
550426,550426,Vadalibhoi,below_threshold,62.5,3226704608,Padali
550427,550427,Vadner Bhairao,below_threshold,60.0,13476187971,Vadner
550428,550428,Pimpalnare,below_threshold,82.35294117647058,3226704610,Pimpale
550429,550429,Dhondgavhan,below_threshold,70.0,3243277767,Nilgavhan
550430,550430,Dhotarkhede,below_threshold,70.0,9874975804,Dhankhedi
550431,550431,Khadakjamb,below_threshold,66.66666666666667,9966515380,Khandala
550432,550432,Puri,below_threshold,66.66666666666667,12595959063,Dapur
550433,550433,Kheldari,below_threshold,75.0,9874975805,Shelbari
550434,550434,Shirur,below_threshold,83.33333333333334,1224895632,Shirud
550435,550435,Rajderwadi,below_threshold,74.07407407407408,9870870130,Rajdehare (Marwadi)
550436,550436,Nandurtek,below_threshold,80.0,1196573211,Nandre
550437,550437,Rahod,below_threshold,80.0,9874973176,Rahud
550438,550438,Vadbare,below_threshold,66.66666666666667,3242195301,Vatar
550439,550439,Indraiwadi,below_threshold,72.72727272727273,10706289189,Daryachiwadi
550440,550440,Shivajinagar,below_threshold,76.19047619047619,9870861469,Sevanagar
550441,550441,Deogaon,below_threshold,85.71428571428572,2744860245,Devgaon
550442,550442,Asarkhede,below_threshold,87.5,3243325561,Asakhed
550443,550443,Adgaon,ambiguous_candidates,100.0,13717803233,Adgaon
550444,550444,Shelu,below_threshold,72.72727272727273,3229742923,Sherul
550445,550445,Bhutyane,below_threshold,71.42857142857143,3243325623,Utrane
550446,550446,Malsane,below_threshold,85.71428571428572,13978813281,Masaune
550447,550447,Sogras,below_threshold,57.14285714285714,1184189650,Dongrale
550448,550448,Narayangaon,below_threshold,77.77777777777779,10169498575,Naygaon
550449,550449,Bhatgaon,ambiguous_candidates,93.33333333333333,9870870150,Hatgaon
550450,550450,Shirsane,below_threshold,77.77777777777779,9870870158,Shirasgaon
550451,550451,Chinchole,below_threshold,88.88888888888889,7127867247,Chincholi
550452,550452,Bharvir,below_threshold,76.92307692307692,3225032390,Bhavli
550453,550453,Talwade,ambiguous_candidates,100.0,3204688682,Talwade
550454,550454,Mangrul,below_threshold,66.66666666666667,245686771,Andarsul
550455,550455,Pathar-shembe,below_threshold,57.14285714285714,3242195302,Waghambe
550456,550456,Nimgavhan,below_threshold,88.88888888888889,3243277767,Nilgavhan
550457,550457,Ganur,below_threshold,80.0,3241559291,Manur
550458,550458,Parsul,matched,100.0,3655322732,Parsul
550459,550459,Tisgaon,place_assigned_to_multiple_villages,100.0,10169532305,Tisgaon
550460,550460,Bopane,below_threshold,66.66666666666667,1195163989,Gotane
550461,550461,Hivarkhede,below_threshold,76.19047619047619,1196627095,Pimparkhede
550462,550462,Nhanave,below_threshold,72.72727272727273,3204688566,Nane
550463,550463,Uswad,below_threshold,71.42857142857143,3223415989,Musalwadi
550464,550464,Daregaon,place_assigned_to_multiple_villages,100.0,9870870375,Daregaon
550465,550465,Varadi,ambiguous_candidates,92.3076923076923,9874975694,Vardadi
550466,550466,Vad,below_threshold,75.0,3243279558,Vadel
550467,550467,Kanadgaon,below_threshold,87.5,13978813258,Nadgaon
550468,550468,Kundalgaon,below_threshold,82.35294117647058,9874973167,Kalgaon
550469,550469,Nimon,below_threshold,83.33333333333334,10169498572,Nimgaon
550470,550470,Dongaon,matched,100.0,9966515260,Dongaon
550471,550471,Mesankhede Bk.,below_threshold,75.0,9870870405,Varkhede Bk
550472,550472,Kokankhede,matched,100.0,10272486022,Kokankhede
550473,550473,Dugaon,place_assigned_to_multiple_villages,100.0,13447690150,Dugaon
550474,550474,Dongargaon,below_threshold,82.35294117647058,9966515260,Dongaon
550475,550475,Kalamdare,below_threshold,70.58823529411764,9870870161,Kakadane
550476,550476,Sutarkhede,below_threshold,70.58823529411764,3243325561,Asakhed
550477,550477,Harnul,below_threshold,83.33333333333334,245687213,Harsul
550478,550478,Harsul,place_assigned_to_multiple_villages,100.0,245687213,Harsul
550479,550479,Ahirkhede,below_threshold,75.0,3243325563,Jaikhed
550480,550480,Pimpalgaon-dhabli,below_threshold,84.84848484848484,13476187970,Pimpalgaon Khamb
550481,550481,Mesankhede Kh,below_threshold,69.56521739130434,3077060882,Mandave Kh
550482,550482,Shingve,place_assigned_to_multiple_villages,93.33333333333333,6395446086,Shingave
550483,550483,Dahegaon Manmad,below_threshold,66.66666666666667,13476187969,Dadhegaon
550484,550484,Wagdardi,below_threshold,71.42857142857143,1568907326,Waghai
550485,550485,Bhadane,below_threshold,76.92307692307692,3242195075,Audane
550486,550486,Raypur,below_threshold,83.33333333333334,10169498577,Rampur
550487,550487,Vadgaon Pangu,below_threshold,66.66666666666667,9874973195,Bhadgaon (ma)
550488,550488,Rapali,below_threshold,75.0,3932231585,Chirapalli
550489,550489,Katarwadi,matched,100.0,2632398690,Katarwadi
550490,550490,Khadakozar,below_threshold,66.66666666666667,9966515380,Khandala
550491,550491,Jopul,place_assigned_to_multiple_villages,100.0,3227967162,Jopul
550492,550492,Bhoyegaon,below_threshold,77.77777777777779,9870870134,Ghodegaon
550493,550493,Urdhul,below_threshold,61.53846153846154,3226704606,Dhulwad
550494,550494,Dighwad,below_threshold,71.42857142857143,3203175486,Dighave
550495,550495,Dahiwad,below_threshold,73.6842105263158,2744860249,Vadyachiwadi
550496,550496,Kazisangvi,below_threshold,75.0,3224565445,Sangvi
550497,550497,Soni Sangvi,below_threshold,70.58823529411764,3224565445,Sangvi
550498,550498,Vitave,below_threshold,72.72727272727273,3203205458,Vitai
550499,550499,Panhale,place_assigned_to_multiple_villages,93.33333333333333,5696978253,Panchale
550500,550500,Gangave,below_threshold,66.66666666666667,4050236379,Gangapur
550501,550501,Nimbale,below_threshold,71.42857142857143,3226704610,Pimpale
550502,550502,Salsane,below_threshold,76.92307692307692,3242195078,Dasane
550503,550503,Redgaon Kh,below_threshold,66.66666666666667,3145105049,Pohegaon Khurd
550504,550504,Pate,below_threshold,61.53846153846154,10169526759,Patelwadi
550505,550505,Koltek,below_threshold,66.66666666666667,3204688562,Kulthe
550506,550506,Hirapur,matched,100.0,7331957565,Hirapur
550507,550507,Devergaon,below_threshold,87.5,2744860245,Devgaon
550508,550508,Gurhale,below_threshold,72.72727272727273,3223451328,Guha
550509,550509,Pimplad,ambiguous_candidates,100.0,13717759771,Pimplad
550510,550510,Narayankhede,below_threshold,63.63636363636363,10272486022,Kokankhede
550511,550511,Vahegaonsal,below_threshold,70.0,3224002800,Padhegaon
550512,550512,Vaki Kh,below_threshold,66.66666666666667,9966515294,Panvi Kh
550513,550513,Vaki Bk,below_threshold,66.66666666666667,9870870405,Varkhede Bk
550514,550514,Kalkhode,below_threshold,87.5,9872863839,Kalkhede
550515,550515,Talegaon Rohi,below_threshold,76.19047619047619,13717780056,Talegaon
550517,550517,Mokhnal,below_threshold,71.42857142857143,245686418,Mokhada
550518,550518,Dehare,below_threshold,83.33333333333334,9872868224,Dhadre
550519,550519,Savarpathali,below_threshold,76.19047619047619,13336821941,Savarpada
550520,550520,Gandole,place_assigned_to_multiple_villages,100.0,3227967161,Gandole
550521,550521,Tetmala,below_threshold,61.53846153846154,3019899226,Tembha
550522,550522,Chikadi,below_threshold,71.42857142857143,10169526752,CHitali
550523,550523,Dhondalpada,below_threshold,66.66666666666667,3204686157,Horpada
550524,550524,Nanashi,below_threshold,66.66666666666667,245684479,Ashwi
550525,550525,Radtodi,below_threshold,62.5,4201470093,Ratanwadi
550526,550526,Ambad,below_threshold,80.0,11416658230,Ambai
550527,550527,Devalipada,below_threshold,73.6842105263158,9874975664,Kevdipada
550528,550528,Charose,below_threshold,72.72727272727273,3224795410,Chas
550529,550529,Badagichapada,below_threshold,80.0,3953285227,Bagechapadha
550530,550530,Deoghar,below_threshold,66.66666666666667,3072172538,Deola
550531,550531,Chelharpada,below_threshold,66.66666666666667,3062659455,Chapadgaon
550532,550532,Kaudasar,below_threshold,62.5,9966515380,Khandala
550533,550533,Shiwarpada,below_threshold,80.0,13649015387,Sakharpada
550534,550534,Vani Kh.,below_threshold,80.0,9966515294,Panvi Kh
550535,550535,Pimpalgaon Dhum,below_threshold,85.71428571428572,9874975677,Pimpalgaon Kh
550536,550536,Joran,below_threshold,61.53846153846154,13717767198,Torangan
550537,550537,Joranpada,below_threshold,75.0,3204686157,Horpada
550538,550538,Thepanwadi,below_threshold,73.6842105263158,4201470093,Ratanwadi
550539,550539,Sadrale,below_threshold,76.92307692307692,3243325621,Sarade
550540,550540,Mahaje,below_threshold,62.5,9870870155,Malshevage
550541,550541,Golshi,below_threshold,72.72727272727273,9966515381,Kolhi
550542,550542,Jalkhed,below_threshold,85.71428571428572,3243325563,Jaikhed
550543,550543,Kokangaon Bk.,below_threshold,76.19047619047619,245683981,Kangar Bk
550544,550544,Shreeramnagar,below_threshold,72.72727272727273,9870861469,Sevanagar
550545,550545,Waghad,below_threshold,83.33333333333334,1568907326,Waghai
550546,550546,Umrale Kh.,below_threshold,73.6842105263158,10169498556,Malunje Kh
550547,550547,Oze,below_threshold,57.14285714285714,3229532854,Ozar
550548,550548,Mheluske,below_threshold,66.66666666666667,5696370710,Mhalsakore
550549,550549,Kadawa Mhalungi,below_threshold,55.172413793103445,10169498595,Wadala Mahadeo
550550,550550,Hatnore,below_threshold,66.66666666666667,3062694615,Chandori
550551,550551,Jambutake,below_threshold,70.58823529411764,3224932331,Jambhale
550552,550552,Umrale Bk.,below_threshold,73.6842105263158,10169498558,Malunje Bk.
550553,550553,Chachadgaon,below_threshold,86.95652173913044,9966515282,Chinchadgaon
550554,550554,Ambegaon,below_threshold,80.0,9966515293,Belgaon
550555,550555,Zaralipada,below_threshold,77.77777777777779,9875037952,Baripada
550556,550556,Pophalwade,below_threshold,70.58823529411764,3204688682,Talwade
550557,550557,Dhaur,below_threshold,80.0,9966505613,Bhaur
550558,550558,Pimpraj,below_threshold,76.92307692307692,9872863835,Pimpri
550559,550559,Vilwandi,below_threshold,75.0,3243279559,Valawadi
550560,550560,Kochargaon,matched,100.0,13447690177,Kochargaon
550561,550561,Bhoryachapada,below_threshold,72.0,3953285227,Bagechapadha
550562,550562,Nalegaon,below_threshold,87.5,13717780056,Talegaon
550563,550563,Rasegaon,below_threshold,82.35294117647058,9966515277,Sirasgaon
550564,550564,Deherewadi,below_threshold,73.6842105263158,10169526758,Nehruwadi
550565,550565,Rawalgaon,below_threshold,88.88888888888889,9966515251,Awwalgaon
550566,550566,Tilloli,below_threshold,61.53846153846154,9966515377,Biloni
550567,550567,June Dhagur,below_threshold,58.82352941176471,1195065773,Junnar
550568,550568,Navedhagur,below_threshold,62.5,9966515281,Bhagur
550569,550569,Gawalwadi,below_threshold,80.0,9870870162,Alwadi
550570,550570,Ramshej,below_threshold,58.82352941176471,245685121,Samsherpur
550571,550571,Pimpalnare,below_threshold,82.35294117647058,3226704610,Pimpale
550572,550572,Manori,place_assigned_to_multiple_villages,100.0,3223415988,Manori
550573,550573,Bhanwad,below_threshold,85.71428571428572,3242195077,Bhawade
550574,550574,Borvand,below_threshold,71.42857142857143,3204686154,Borkund
550575,550575,Wagdeopada,below_threshold,73.6842105263158,2632398691,Wakadpada
550576,550576,Shindpada,below_threshold,66.66666666666667,7127867248,Shinde
550577,550577,Deosane,below_threshold,85.71428571428572,3229532853,Desrane
550578,550578,Sarsale,below_threshold,76.92307692307692,3243325621,Sarade
550579,550579,Karanjkhed,below_threshold,70.58823529411764,3224115692,Karanji
550580,550580,Chausale,below_threshold,66.66666666666667,3224795410,Chas
550581,550581,Pingalwadi,below_threshold,80.0,3530742651,Pimpalwadi
550582,550582,Pimpri Anchala,below_threshold,74.07407407407408,2327838009,Pimpri Nirmal
550583,550583,Dagadpimpri,below_threshold,70.58823529411764,9872863835,Pimpri
550584,550584,Kolher,below_threshold,72.72727272727273,9966515381,Kolhi
550585,550585,Maledumala,below_threshold,66.66666666666667,13593195411,Gondedumala | गोंदेदुमाला
550586,550586,Haste Dumala,below_threshold,60.86956521739131,13593195411,Gondedumala | गोंदेदुमाला
550587,550587,Khoripada,below_threshold,87.5,3204686157,Horpada
550588,550588,Eklahare,below_threshold,71.42857142857143,3224627663,Lohare
550589,550589,Karanjali,below_threshold,87.5,3224115692,Karanji
550590,550590,Deopada,below_threshold,71.42857142857143,3204686157,Horpada
550591,550591,Talyachapada,below_threshold,70.0,3667062190,Talhvada
550592,550592,Vare,below_threshold,72.72727272727273,3019899225,Savarde
550593,550593,Palasvihir,below_threshold,80.0,13717766260,Varasvihir
550594,550594,Vanare,below_threshold,76.92307692307692,3225032393,Panjare
550595,550595,Vanjole,below_threshold,71.42857142857143,3227967161,Gandole
550596,550596,Titave,below_threshold,83.33333333333334,3224935746,Titavi
550597,550597,Deothanpada,below_threshold,66.66666666666667,7324677696,Mohpada
550598,550598,Deothan,below_threshold,71.42857142857143,3229681683,Deolane
550599,550599,Devapur,below_threshold,83.33333333333334,12595959063,Dapur
550600,550600,Bandharpada,below_threshold,76.19047619047619,1196552365,Bendrepada
550601,550601,Koshimbe,below_threshold,66.66666666666667,3226704607,Konambe
550602,550602,Dahivi,below_threshold,66.66666666666667,11400091815,Mahiravni
550603,550603,Takanchapada,below_threshold,72.72727272727273,13649015387,Sakharpada
550604,550604,Malegaon,below_threshold,87.5,3229752028,Malagaon
550605,550605,Phopshi,below_threshold,57.14285714285714,13717808760,Moroshi
550606,550606,Vaglud,below_threshold,66.66666666666667,13717813940,Alu
550607,550607,Dahegaon,ambiguous_candidates,94.11764705882352,13476187969,Dadhegaon
550608,550608,Lakhamapur,place_assigned_to_multiple_villages,94.73684210526316,12619108257,Lakhmapur
550609,550609,Karanjwan,below_threshold,84.21052631578947,3062514230,Karanjgaon
550610,550610,Khedale,below_threshold,72.72727272727273,13717805212,Khed
550611,550611,Pimparkhed,ambiguous_candidates,100.0,12619108262,Pimparkhed
550612,550612,Kokangaon Kh.,below_threshold,76.19047619047619,9874975802,Kakangaon
550613,550613,Nalwadpada,below_threshold,73.6842105263158,2632398691,Wakadpada
550614,550614,Nalwadi,ambiguous_candidates,92.3076923076923,9870870162,Alwadi
550615,550615,Nigdol,below_threshold,61.53846153846154,3224795413,Lingdeo
550616,550616,Ahiwantwadi,below_threshold,80.0,13717810011,Aghanwadi
550617,550617,Goldari,below_threshold,71.42857142857143,9966515338,Golwadi
550618,550618,Chamdari,below_threshold,80.0,3230458257,Jamdari
550619,550619,Jirwade,below_threshold,71.42857142857143,3229723852,Kajwade
550620,550620,Pandane,below_threshold,85.71428571428572,5994890689,Padalne
550621,550621,Punegaon,below_threshold,87.5,10169907877,Panegaon
550622,550622,Ambaner,below_threshold,72.72727272727273,3227078564,Ambe
550623,550623,Mandane,matched,93.33333333333333,9875037989,Manadane
550624,550624,Chandikapur,below_threshold,73.6842105263158,10169498580,Khanapur
550625,550625,Bhatode,below_threshold,71.42857142857143,3224058276,Bhojade
550626,550626,Mulane,below_threshold,76.92307692307692,3226797966,Gaulane
550627,550627,Babapur,below_threshold,85.71428571428572,9872863834,Balapur
550628,550628,Sangamner,below_threshold,70.58823529411764,9872863837,Saundane
550629,550629,Mavadi,below_threshold,76.92307692307692,3203526018,Mhasadi
550630,550630,Kasbe Vani,below_threshold,63.1578947368421,10169907872,Kharvandi
550631,550631,Krishnagaon,below_threshold,70.0,9870870135,Karajgaon
550632,550632,Ozarkhed,below_threshold,66.66666666666667,3229532854,Ozar
550633,550633,Talegaon Vani,below_threshold,76.19047619047619,13717780056,Talegaon
550634,550634,Tisgaon,place_assigned_to_multiple_villages,100.0,10169532305,Tisgaon
550635,550635,Shindwad,below_threshold,80.0,9874975559,Shenwad
550636,550636,Sonjamb,below_threshold,71.42857142857143,3226704607,Konambe
550637,550637,Ambevani,below_threshold,76.92307692307692,11416658230,Ambai
550638,550638,Ghodewadi,below_threshold,75.0,9966515338,Golwadi
550639,550639,Parmori,below_threshold,61.53846153846154,3223415988,Manori
550640,550640,Awankhed,below_threshold,80.0,3243325561,Asakhed
550641,550641,Valkhed,matched,93.33333333333333,13717805210,Avalkhed
550642,550642,Varkhede,below_threshold,84.21052631578947,9870870405,Varkhede Bk
550643,550643,Khedgaon,below_threshold,82.35294117647058,10169498555,Kanhegaon
550644,550644,Bopegaon,below_threshold,80.0,9966515293,Belgaon
550645,550645,Gondegaon,place_assigned_to_multiple_villages,100.0,3224002797,Gondegaon
550646,550646,Jaulakevani,below_threshold,66.66666666666667,1196552246,Lakhani
550647,550647,Pade,below_threshold,72.72727272727273,1195108614,Padalde
550648,550648,Nilwandi,below_threshold,71.42857142857143,9870870162,Alwadi
550649,550649,Dindori,place_assigned_to_multiple_villages,100.0,5696372443,Dindori
550650,550650,Pimpalgaon Ketaki,below_threshold,80.0,9874975677,Pimpalgaon Kh
550651,550651,Rajapur,below_threshold,83.33333333333334,3076330444,Rajur
550652,550652,Materewadi,below_threshold,80.0,7994733947,Mastarwadi
550653,550653,Jopul,place_assigned_to_multiple_villages,100.0,3227967162,Jopul
550654,550654,Dhamanwadi,below_threshold,76.19047619047619,10169526750,Dhangarwadi
550655,550655,Lokhandewadi,below_threshold,85.71428571428572,10169907874,Landewadi
550656,550656,Palkhed,below_threshold,80.0,9872863839,Kalkhede
550657,550657,Wanarwadi,below_threshold,88.88888888888889,10706289194,Kanarwadi
550658,550658,Madakijamb,below_threshold,55.55555555555556,4043676427,Dolkhamb
550659,550659,Indore,place_assigned_to_multiple_villages,100.0,10720691522,Indore
550660,550660,Talegaon Dindori,below_threshold,73.33333333333334,2133372437,Talegaon Dighe
550661,550661,Akrale,below_threshold,85.71428571428572,3243277762,Kankrale
550662,550662,Korhate,matched,100.0,3227967164,Korhate
550663,550663,Khadak Sukene,below_threshold,57.14285714285714,3242195079,Kandhane
550664,550664,Chinchkhed,below_threshold,73.6842105263158,3243263859,Chinchave
550665,550665,Kurnoli,below_threshold,66.66666666666667,9966515381,Kolhi
550666,550666,Mohadi,matched,100.0,2678903678,Mohadi
550667,550667,Ganorwadi Ganeshgaon,below_threshold,58.82352941176471,9966515280,Chorwaghalgaon
550668,550668,Ambedindori,below_threshold,77.77777777777779,5696372443,Dindori
550669,550669,Khatwad,below_threshold,76.92307692307692,3223325247,Katrad
550670,550670,Dhakambe,below_threshold,75.0,3635085743,Dhodambe
550671,550671,Varvandi,matched,100.0,2980704610,Varvandi
550672,550672,Shivnai,below_threshold,85.71428571428572,9966515357,Shivrai
550673,550673,Janori,place_assigned_to_multiple_villages,100.0,13593215080,Janori | जानोरी
550674,550674,Jaulakedindori,below_threshold,66.66666666666667,5696372443,Dindori
550675,550675,Gandole,place_assigned_to_multiple_villages,100.0,3227967161,Gandole
550676,550676,Ambe,matched,100.0,3227078564,Ambe
550677,550677,Mohadand,below_threshold,80.0,245686418,Mokhada
550678,550678,Diksal,below_threshold,57.14285714285714,12619108260,Hisvahal
550679,550679,Toranmal,below_threshold,80.0,1195040740,Ranmala
550680,550680,Pahuchibari,below_threshold,63.63636363636363,2982354029,Pulachiwadi
550681,550681,Wirmal,below_threshold,66.66666666666667,13980808297,Mal
550682,550682,Karanjkhed,below_threshold,70.58823529411764,3224115692,Karanji
550683,550683,Amdongra,below_threshold,75.0,1184189650,Dongrale
550684,550684,Shivshet,below_threshold,66.66666666666667,5710116788,Shivade
550685,550685,Kapurne,below_threshold,66.66666666666667,9870870164,Mandurne
550686,550686,Mhasgan,below_threshold,80.0,9874975538,Mohagaon
550687,550687,Malegaon,below_threshold,87.5,3229752028,Malagaon
550688,550688,Umarpada,below_threshold,82.35294117647058,9875037951,Mogarpada
550689,550689,Kalambari,below_threshold,80.0,3224795412,Kalamb
550690,550690,Kakadpada,below_threshold,88.88888888888889,2632398691,Wakadpada
550691,550691,Kalune,below_threshold,76.92307692307692,3225032391,Kaluste
550692,550692,Dabhadi,ambiguous_candidates,100.0,7324621614,Dabhadi
550693,550693,Sadadpada,below_threshold,77.77777777777779,2632398691,Wakadpada
550694,550694,Abasa,matched,100.0,7276410989,Abasa
550695,550695,Bhoradha,below_threshold,80.0,3204686157,Horpada
550696,550696,Surgane,ambiguous_candidates,92.3076923076923,3243325622,Surane
550697,550697,Bhatvihira,below_threshold,66.66666666666667,1224895636,Borvihir
550698,550698,Domkhadak,below_threshold,75.0,245686418,Mokhada
550699,550699,Kopurli Kh.,below_threshold,86.95652173913044,7324621613,Kopurli Khurd
550700,550700,Pimpalpada,ambiguous_candidates,100.0,7324621615,Pimpalpada
550701,550701,Jogmodi,below_threshold,61.53846153846154,2678903678,Mohadi
550702,550702,Vadabari,below_threshold,71.42857142857143,9872863836,Vadjai
550703,550703,Harangaon,place_assigned_to_multiple_villages,94.73684210526316,9216389953,Dharangaon | धारणगाव
550704,550704,Asarbari,below_threshold,66.66666666666667,2084413111,Bari
550705,550705,Phanaspada,place_assigned_to_multiple_villages,100.0,13717733962,Phanaspada
550706,550706,Kopurli Bk.,below_threshold,78.26086956521739,7324621613,Kopurli Khurd
550707,550707,Khirkidepada,below_threshold,72.72727272727273,245687757,Khadkipada
550708,550708,Mohpada,place_assigned_to_multiple_villages,100.0,7324677696,Mohpada
550709,550709,Hatrundi,below_threshold,71.42857142857143,823469388,Khardi
550710,550710,Palashi Kh.,below_threshold,66.66666666666667,9966515294,Panvi Kh
550711,550711,Badagi,below_threshold,76.92307692307692,9966515422,Bhadali
550712,550712,Jamale,below_threshold,85.71428571428572,3224932331,Jambhale
550713,550713,Jale,below_threshold,80.0,1184188636,Ajnale
550714,550714,Junothi,below_threshold,61.53846153846154,13593215080,Janori | जानोरी
550715,550715,Tirdhe,matched,90.9090909090909,3224966273,Tirde
550716,550716,Kayare,below_threshold,66.66666666666667,3223415986,Kopare
550717,550717,Sawarna,below_threshold,76.92307692307692,9966515285,Satana
550718,550718,Nalshet,below_threshold,85.71428571428572,13649032712,Walshet
550719,550719,Rajbari,below_threshold,76.92307692307692,10169526753,Rajuri
550720,550720,Kumbhale,below_threshold,75.0,3224932331,Jambhale
550721,550721,Derapada,below_threshold,66.66666666666667,1196552365,Bendrepada
550722,550722,Borichibari,below_threshold,73.6842105263158,1224895636,Borvihir
550723,550723,Kelvihir,below_threshold,76.92307692307692,13717806503,Vihir
550724,550724,Wangani,below_threshold,76.92307692307692,1568907326,Waghai
550725,550725,Sadadpada,below_threshold,77.77777777777779,2632398691,Wakadpada
550726,550726,Lavhali,below_threshold,76.92307692307692,3242195076,Avhati
550727,550727,Kalampada,below_threshold,77.77777777777779,13336808676,Kalamwadi
550728,550728,Ranvihir,below_threshold,77.77777777777779,13717766260,Varasvihir
550729,550729,Khokartale,below_threshold,75.0,10169498564,Khokar
550730,550730,Shirale,below_threshold,71.42857142857143,5710116788,Shivade
550731,550731,Peint,below_threshold,61.53846153846154,2084413707,Pendshet
550732,550732,Khambala,matched,100.0,9966515290,Khambala
550733,550733,Dhondmal,below_threshold,75.0,5719107532,Dhondbar
550734,550734,Ambapur,below_threshold,80.0,3230458261,Mamdapur
550735,550735,Jambvihir,below_threshold,71.42857142857143,13717806503,Vihir
550736,550736,Patali,below_threshold,83.33333333333334,3226704608,Padali
550737,550737,Borwath,below_threshold,71.42857142857143,3241166615,Borhate
550738,550738,Kotambi,below_threshold,71.42857142857143,3226704607,Konambe
550739,550739,Usthale,below_threshold,72.72727272727273,13717802896,Tale
550740,550740,Bhedamal,below_threshold,75.0,3062694617,Bhendali
550741,550741,Tondawal,below_threshold,71.42857142857143,9966515291,Dawala
550742,550742,Andhrute,below_threshold,71.42857142857143,1196573211,Nandre
550743,550743,Garmal,below_threshold,66.66666666666667,9966515420,Parala
550744,550744,Belpada,below_threshold,70.58823529411764,1196552365,Bendrepada
550745,550745,Adgaon (Bhuvan),below_threshold,69.23076923076923,9966515247,Deogaon Shani
550746,550746,Gaondhond,below_threshold,66.66666666666667,3224002797,Gondegaon
550747,550747,Bilkas,below_threshold,66.66666666666667,9966515431,Birola
550748,550748,Umbarpada Bhuvan,below_threshold,58.33333333333333,9875037952,Baripada
550749,550749,Hanumantpada,below_threshold,75.0,9966515279,Hanumantgaon
550750,550750,Bhuwan,below_threshold,66.66666666666667,1196573366,Ubhand
550751,550751,Ambapani,below_threshold,76.92307692307692,11416658230,Ambai
550752,550752,Chafyachapada,below_threshold,64.0,3953285227,Bagechapadha
550753,550753,Kasatvihir,below_threshold,70.0,13717766260,Varasvihir
550754,550754,Jambhulmal,below_threshold,77.77777777777779,3224932331,Jambhale
550755,550755,Hanumantpada,below_threshold,75.0,9966515279,Hanumantgaon
550756,550756,Deogaon,below_threshold,85.71428571428572,2744860245,Devgaon
550757,550757,Ekadare,below_threshold,66.66666666666667,3242195079,Kandhane
550758,550758,Kahandolpada,below_threshold,72.72727272727273,245687757,Khadkipada
550759,550759,Umbrad,below_threshold,76.92307692307692,12619108259,Umbrane
550760,550760,Khadki,below_threshold,83.33333333333334,823469388,Khardi
550761,550761,Dhanpada,below_threshold,77.77777777777779,13717733962,Phanaspada
550762,550762,Khamshet,below_threshold,87.5,13717814767,Kharshet
550763,550763,Borpada,below_threshold,85.71428571428572,3204686157,Horpada
550764,550764,Ubhidhond,below_threshold,66.66666666666667,1196573366,Ubhand
550765,550765,Mangone,below_threshold,75.0,5569122010,Mangalane
550766,550766,Pawarpada,below_threshold,77.77777777777779,13336821941,Savarpada
550767,550767,Umbarpada Karanjali,below_threshold,53.84615384615385,3224115692,Karanji
550768,550768,Gawandhpada,below_threshold,70.0,2632398691,Wakadpada
550769,550769,Inambari,below_threshold,80.0,13978813260,Ambarji
550770,550770,Kumbharbari,below_threshold,84.21052631578947,9216398615,Kumbhari | कुंभारी
550771,550771,Savalghat,below_threshold,66.66666666666667,3242195076,Avhati
550772,550772,Karanjali,below_threshold,87.5,3224115692,Karanji
550773,550773,Nirgude Karanjali,below_threshold,58.33333333333333,3224115692,Karanji
550774,550774,Sambarpada,below_threshold,88.88888888888889,11166497290,Ambapada | અંબાપાડા
550775,550775,Tilbhat,below_threshold,66.66666666666667,7276194042,Bhati
550776,550776,Gangodbari,below_threshold,70.58823529411764,9870870151,Andhari
550777,550777,Shinde,place_assigned_to_multiple_villages,100.0,7127867248,Shinde
550778,550778,Dhabyachapada,below_threshold,72.0,3953285227,Bagechapadha
550779,550779,Aad Kh.,below_threshold,63.1578947368421,13717807294,Jharvad Khurd
550780,550780,Gonde,below_threshold,72.72727272727273,1195163989,Gotane
550781,550781,Raitale,below_threshold,80.0,3225702965,Naithale
550782,550782,Mankapur,below_threshold,76.92307692307692,3241559291,Manur
550783,550783,Dongarshet,below_threshold,66.66666666666667,1184189650,Dongrale
550784,550784,Pimpalwati,matched,90.0,3530742651,Pimpalwadi
550785,550785,Ghotwihira,below_threshold,57.14285714285714,7276444017,Khokarvihir
550786,550786,Kharpadi,below_threshold,85.71428571428572,823469388,Khardi
550787,550787,Phanaspada,place_assigned_to_multiple_villages,100.0,13717733962,Phanaspada
550788,550788,Nachlondhi,below_threshold,63.1578947368421,11392150306,Morchondi
550789,550789,Wazvad,below_threshold,66.66666666666667,10169526749,Wakadi
550790,550790,Devivchamal,below_threshold,60.0,1195065808,Diwanmala
550791,550791,Patharpada,below_threshold,80.0,13649015387,Sakharpada
550792,550792,Chikadi,below_threshold,71.42857142857143,10169526752,CHitali
550793,550793,Wadpada,below_threshold,87.5,2632398691,Wakadpada
550794,550794,Homepada,below_threshold,80.0,3204686157,Horpada
550795,550795,Shevkhandi,below_threshold,75.0,2950428639,Shendi
550796,550796,Bardapada,below_threshold,82.35294117647058,9875037952,Baripada
550797,550797,Gawandh,below_threshold,71.42857142857143,1195040651,Awadhan
550798,550798,Palashi Bk.,below_threshold,62.5,3953285229,Palsin
550799,550799,Shingdari,below_threshold,73.6842105263158,514921624,Shani Shinganapur | Shingnapur
550800,550800,Dolharmal,below_threshold,75.0,3112221718,Dollara
550801,550801,Bhaygaon,below_threshold,87.5,9966515313,Bhaggaon
550802,550802,Aad Bk.,below_threshold,66.66666666666667,245683981,Kangar Bk
550803,550803,Lingawane,below_threshold,66.66666666666667,5569122010,Mangalane
550804,550804,Hanumannagar,below_threshold,75.0,9966515279,Hanumantgaon
550805,550805,Kohor,below_threshold,72.72727272727273,10169498564,Khokar
550806,550806,Ruipetha,below_threshold,50.0,3223451328,Guha
550807,550807,Murmuti,below_threshold,71.42857142857143,13717767196,Murambi
550808,550808,Cholmukh,below_threshold,53.333333333333336,6366213653,Mutkhel
550809,550809,Dhanshet,below_threshold,75.0,13717814767,Kharshet
550810,550810,Abheti,below_threshold,72.72727272727273,7276194042,Bhati
550811,550811,Amlon,below_threshold,66.66666666666667,9874973167,Kalgaon
550812,550812,Sasune,below_threshold,76.92307692307692,245688892,Saudane
550813,550813,Kulwandi,below_threshold,71.42857142857143,245689100,Kalwan
550814,550814,Waghyachibari,below_threshold,64.0,2744860249,Vadyachiwadi
550815,550815,Fanaspada,below_threshold,84.21052631578947,13717733962,Phanaspada
550816,550816,Pate,below_threshold,61.53846153846154,10169526759,Patelwadi
550817,550817,Dhulghat,below_threshold,66.66666666666667,3226704606,Dhulwad
550818,550818,Donwade,place_assigned_to_multiple_villages,92.3076923076923,9872876741,Donwde
550819,550819,Umbardahad,below_threshold,70.0,3919984425,Umberkhand
550820,550820,Deodongari,below_threshold,63.1578947368421,12619108261,Naydongri
550821,550821,Bafanvihir,below_threshold,70.0,13717766260,Varasvihir
550822,550822,Deodongara,below_threshold,66.66666666666667,1184189650,Dongrale
550823,550823,Kas,below_threshold,66.66666666666667,3227967163,Karsul
550824,550824,Chinch Ohol,below_threshold,80.0,7127867247,Chincholi
550825,550825,Dol Ohol,below_threshold,53.333333333333336,3112221718,Dollara
550826,550826,Shindpada,below_threshold,66.66666666666667,7127867248,Shinde
550827,550827,Boripada,below_threshold,87.5,9875037952,Baripada
550828,550828,Behedpada,below_threshold,73.6842105263158,1196552365,Bendrepada
550829,550829,Kharshet,matched,100.0,13717814767,Kharshet
550830,550830,Sawarpada,below_threshold,88.88888888888889,13336821941,Savarpada
550831,550831,Khairaipali,below_threshold,76.19047619047619,3932231585,Chirapalli
550832,550832,Torangan,ambiguous_candidates,100.0,13717767198,Torangan
550833,550833,Hattipada,matched,100.0,13649033337,Hattipada
550834,550834,Dalpatpur,below_threshold,75.0,9872863834,Balapur
550835,550835,Chikhalpada,below_threshold,66.66666666666667,245687757,Khadkipada
550836,550836,Harsul,place_assigned_to_multiple_villages,100.0,245687213,Harsul
550837,550837,Sapatpali,below_threshold,66.66666666666667,3226704608,Padali
550838,550838,Chirapali,matched,94.73684210526316,3932231585,Chirapalli
550839,550839,Saraste,below_threshold,76.92307692307692,3243325621,Sarade
550840,550840,Jategaon Kh,below_threshold,84.21052631578947,3230458258,Jategaon
550841,550841,Jategaon Bk,below_threshold,84.21052631578947,3230458258,Jategaon
550842,550842,Koriwaz,below_threshold,57.14285714285714,3101864348,Kankori
550843,550843,Chinchwad,below_threshold,77.77777777777779,3243263859,Chinchave
550844,550844,Waygholpada,below_threshold,66.66666666666667,3204686157,Horpada
550845,550845,Belpali,below_threshold,70.58823529411764,10169526771,Bel Pandri
550846,550846,Gaddawane,below_threshold,66.66666666666667,3242195075,Audane
550847,550847,Nirgude (Harsul),below_threshold,63.63636363636363,245686771,Andarsul
550848,550848,Thanapada,below_threshold,84.21052631578947,13717733962,Phanaspada
550849,550849,Hatlondhi,below_threshold,66.66666666666667,9870870376,Londhe
550850,550850,Rajivnagar,below_threshold,70.0,9872868225,Mitranagar
550851,550851,Goldari,below_threshold,71.42857142857143,9966515338,Golwadi
550852,550852,Khadakohol,below_threshold,66.66666666666667,9966515380,Khandala
550853,550853,Kadegahan,below_threshold,70.58823529411764,3224002798,Karegaon
550854,550854,Ozar Khed,below_threshold,63.1578947368421,9966515414,Titarkheda
550855,550855,Berwal,below_threshold,66.66666666666667,3956215625,Umbermali | उंबरमाली | उंबरमाळी
550856,550856,Garmal,below_threshold,66.66666666666667,9966515420,Parala
550857,550857,Koulpondha,below_threshold,62.5,9870870376,Londhe
550858,550858,Ghytipada,below_threshold,77.77777777777779,13649033337,Hattipada
550859,550859,Mulvad,below_threshold,66.66666666666667,3223415989,Musalwadi
550860,550860,Savarvada,below_threshold,88.88888888888889,13336821941,Savarpada
550861,550861,Walan,matched,100.0,9966515433,Walan
550862,550862,Chourapada,below_threshold,82.35294117647058,3204686157,Horpada
550863,550863,Karanj Jali,below_threshold,77.77777777777779,3224115692,Karanji
550864,550864,Rayate,below_threshold,76.92307692307692,13717733960,Rayambe
550865,550865,Bhutmokhada,below_threshold,77.77777777777779,245686418,Mokhada
550866,550866,Kotambi Harsul,below_threshold,60.0,245687213,Harsul
550867,550867,Kalamuste,below_threshold,87.5,3225032391,Kaluste
550868,550868,Shirasgaon,ambiguous_candidates,100.0,9870870158,Shirasgaon
550869,550869,Nandurkipada,below_threshold,75.0,3225070527,Nandur Vaidya | Nandurvaidya | नांदुर वैद्य
550870,550870,Rautmal,below_threshold,71.42857142857143,1195040740,Ranmala
550871,550871,Gavatha,matched,92.3076923076923,13717734558,Gavtha
550872,550872,Murambi,place_assigned_to_multiple_villages,100.0,13717767196,Murambi
550873,550873,Bhagohol,below_threshold,62.5,9966515313,Bhaggaon
550874,550874,Vatakapada,below_threshold,73.6842105263158,2632398691,Wakadpada
550875,550875,Deola,ambiguous_candidates,100.0,3072172538,Deola
550876,550876,Kacharpada,below_threshold,80.0,10720691523,Kacharwadi
550877,550877,Adgaon (Harsul),below_threshold,66.66666666666667,245686771,Andarsul
550878,550878,Mahadeo Nagar,below_threshold,75.0,10169498565,Ashok Nagar
550879,550879,Somnathnagar,below_threshold,69.56521739130434,8618260688,Mirakhnagar
550880,550880,Shivaji Nagar,below_threshold,72.72727272727273,9870861469,Sevanagar
550881,550881,Holdar Nagar,below_threshold,69.56521739130434,10169498565,Ashok Nagar
550882,550882,Vele,below_threshold,72.72727272727273,3204688687,Velhane
550883,550883,Sapte,below_threshold,54.54545454545454,3227967631,Sakore
550884,550884,Kone,below_threshold,72.72727272727273,3226704607,Konambe
550885,550885,Vaghera,below_threshold,71.42857142857143,13336771586,Nashera
550886,550886,Ghodhadyachapada,below_threshold,57.14285714285714,245684590,Dhandharphal
550887,550887,Kharwal,matched,100.0,11274461524,Kharwal
550888,550888,Virnagar,below_threshold,77.77777777777779,9872868225,Mitranagar
550889,550889,Varasvihir,matched,100.0,13717766260,Varasvihir
550890,550890,Nandgaon,ambiguous_candidates,100.0,9966515312,Nandgaon
550891,550891,Torangan,ambiguous_candidates,100.0,13717767198,Torangan
550892,550892,Metkawara,below_threshold,62.5,245687416,Talwada
550893,550893,Welunje,below_threshold,61.53846153846154,13717810381,Ilunja
550894,550894,Gorthan,below_threshold,76.92307692307692,1195163989,Gotane
550895,550895,Malegaon,below_threshold,87.5,3229752028,Malagaon
550896,550896,Rohile,below_threshold,66.66666666666667,9870870149,Rohini
550897,550897,Hirdi,ambiguous_candidates,90.9090909090909,7276194043,Khirdi
550898,550898,Pmpri Trimbak,below_threshold,72.72727272727273,9870870157,Pimpri Bk
550899,550899,Divyachapada,below_threshold,66.66666666666667,3920307081,Dongricha Padha
550900,550900,Ganeshgaon Waghera,below_threshold,68.96551724137932,10169526741,Ganeshnagar
550901,550901,Vinayaknagar,below_threshold,69.56521739130434,8618260688,Mirakhnagar
550902,550902,Bramhanwade,ambiguous_candidates,90.9090909090909,2081198312,Brahmanwade
550903,550903,Dhumodi,below_threshold,61.53846153846154,2678903678,Mohadi
550904,550904,Shirasgaon,ambiguous_candidates,100.0,9870870158,Shirasgaon
550905,550905,Amboli,below_threshold,72.72727272727273,3224115690,Bolki
550906,550906,Ambai,ambiguous_candidates,100.0,11416658230,Ambai
550907,550907,Kachurli,matched,100.0,13717800218,Kachurli
550908,550908,Sapgaon,below_threshold,85.71428571428572,1195066013,Sadgaon
550909,550909,Pimplad Trimbak,below_threshold,68.75,9870870153,Pimpalwad Nikumbh
550910,550910,Talwade Trimbak,below_threshold,63.63636363636363,245687416,Talwada
550911,550911,Beze,below_threshold,60.0,245685734,Dubere
550912,550912,Chokore,below_threshold,61.53846153846154,3223415986,Kopare
550913,550913,Anjanneri,matched,94.11764705882352,13717802508,Anjaneri
550914,550914,Pegalwadi Tryambak,below_threshold,70.58823529411764,13717807314,Pegalwadi Budruk
550915,550915,Pegalwadi,below_threshold,80.0,9870870162,Alwadi
550916,550916,Trimbakeshwar,below_threshold,69.56521739130434,2298918715,Bableshwar
550917,550917,Metghar Killa,below_threshold,52.63157894736843,9966515239,Mhaski
550918,550918,Talegaon Trimbak,below_threshold,66.66666666666667,2133372437,Talegaon Dighe
550919,550919,Kalmuste,place_assigned_to_multiple_villages,93.33333333333333,3225032391,Kaluste
550920,550920,Umbharande,below_threshold,82.35294117647058,12619108259,Umbrane
550921,550921,Harshewadi,matched,100.0,13717809990,Harshewadi
550922,550922,Khambale,ambiguous_candidates,100.0,13593238638,Khambale | खंबाळे
550923,550923,Vadholi,below_threshold,85.71428571428572,13717802507,Wadholi
550924,550924,Mulegaon,below_threshold,82.35294117647058,3225070526,Mundegaon
550925,550925,Take Harsha,matched,100.0,658627008,Take harsha
550926,550926,Dahalewadi,below_threshold,80.0,13717733958,Jagalewadi
550927,550927,Zarwad Kh,below_threshold,63.63636363636363,13717807294,Jharvad Khurd
550928,550928,Dhadoshi,below_threshold,71.42857142857143,9872868223,Dhadri
550929,550929,Kojoli,below_threshold,72.72727272727273,9966515381,Kolhi
550930,550930,Bhilmal,matched,100.0,13717800219,Bhilmal
550931,550931,Pahine,matched,100.0,13249113646,Pahine
550932,550932,Kharoli,below_threshold,83.33333333333334,13649052160,Karol
550933,550933,Samundi,below_threshold,66.66666666666667,9872863837,Saundane
550934,550934,Aswaliharsha,below_threshold,83.33333333333334,13717814765,Asvali Harsh
550935,550935,Avhate,below_threshold,83.33333333333334,3242195076,Avhati
550936,550936,Met Chandrachi,below_threshold,63.63636363636363,3062694615,Chandori
550937,550937,Met Humbhachi,below_threshold,57.14285714285714,3203175862,Umbharti
550938,550938,Deogaon,below_threshold,85.71428571428572,2744860245,Devgaon
550939,550939,Alwand,below_threshold,83.33333333333334,245689100,Kalwan
550940,550940,Dapure,place_assigned_to_multiple_villages,90.9090909090909,12595959063,Dapur
550941,550941,Zarwad Bk,below_threshold,62.5,3224795411,Garwadi
550942,550942,Vaviharsha,matched,90.0,13717809993,Vavi Harsh
550943,550943,Take Deogaon,matched,91.66666666666666,13717813937,Take Devgaon
550944,550944,Met Yelyachi,below_threshold,52.63157894736843,3791215380,Ladachi
550945,550945,Ladachi,matched,100.0,3791215380,Ladachi
550946,550946,Naikwadi,below_threshold,87.5,1195065733,Anakwadi
550947,550947,Vadgaon,ambiguous_candidates,92.3076923076923,13717803233,Adgaon
550948,550948,Sapgaon,below_threshold,85.71428571428572,1195066013,Sadgaon
550949,550949,Indiranagar,place_assigned_to_multiple_villages,100.0,9872876742,Indiranagar
550950,550950,Vaishnavnagar,below_threshold,66.66666666666667,517527808,Vaishakhare
550951,550951,Kashyapnagar,below_threshold,69.56521739130434,10169498565,Ashok Nagar
550952,550952,Devargaon,below_threshold,88.88888888888889,9970364194,Nevargaon
550953,550953,Dhondegaon,below_threshold,84.21052631578947,3224002797,Gondegaon
550954,550954,Girnare,place_assigned_to_multiple_villages,100.0,13447690151,Girnare
550955,550955,Dugaon,place_assigned_to_multiple_villages,100.0,13447690150,Dugaon
550956,550956,Nagalwadi,below_threshold,84.21052631578947,13717733958,Jagalewadi
550957,550957,Ozarkhede,below_threshold,73.6842105263158,10272486022,Kokankhede
550958,550958,Subhashnagar,below_threshold,69.56521739130434,10169498565,Ashok Nagar
550959,550959,Shastrinagar,below_threshold,66.66666666666667,1195065880,Bharadenagar
550960,550960,Gangamhalungi,below_threshold,63.63636363636363,9966515252,Nagamthan
550961,550961,Govindpuri,below_threshold,63.63636363636363,10169498578,Govardhanpur
550962,550962,Shivangaon,below_threshold,80.0,9870870158,Shirasgaon
550963,550963,Pimpalgaon Garudeshwar,below_threshold,70.0,1672972938,Pimpalgaon Basvant
550964,550964,Ganeshgaon Trimbak,below_threshold,62.06896551724138,10169526741,Ganeshnagar
550965,550965,Rajewadi,below_threshold,75.0,3225032389,Ambewadi
550966,550966,Ganeshgaon Naik,below_threshold,69.56521739130434,10169907879,Ganegaon
550967,550967,Manoli,below_threshold,83.33333333333334,3223415988,Manori
550968,550968,Dari,below_threshold,80.0,9872868223,Dhadri
550969,550969,Matori,below_threshold,83.33333333333334,3223415988,Manori
550970,550970,Chandshi,below_threshold,75.0,3062694615,Chandori
550971,550971,Mungsare,below_threshold,85.71428571428572,3229554476,Mungse
550972,550972,Yashawantnagar,below_threshold,66.66666666666667,10169532307,Pravarannagar
550973,550973,Mahadeopur,below_threshold,70.58823529411764,10169526754,Mamdpur
550974,550974,Jalalpur,below_threshold,80.0,9872863834,Balapur
550975,550975,Govardhan,below_threshold,85.71428571428572,10169498578,Govardhanpur
550976,550976,Sawargaon,place_assigned_to_multiple_villages,100.0,5569122011,Sawargaon
550977,550977,Gangavhare,below_threshold,66.66666666666667,4050236379,Gangapur
550978,550978,Dudgaon,place_assigned_to_multiple_villages,92.3076923076923,13447690150,Dugaon
550979,550979,Wasali,below_threshold,71.42857142857143,2744860247,Nagosali
550980,550980,Tiradshet,below_threshold,71.42857142857143,3224966273,Tirde
550981,550981,Belgaon Dhaga,matched,100.0,3382890295,Belgaon Dhaga
550982,550982,Mahirawani,below_threshold,84.21052631578947,11400091815,Mahiravni
550983,550983,Talegaon Anjaneri,below_threshold,64.51612903225806,2133372437,Talegaon Dighe
550984,550984,Jategaon,ambiguous_candidates,100.0,3230458258,Jategaon
550985,550985,Pimplad Nasik,below_threshold,73.33333333333334,9870870153,Pimpalwad Nikumbh
550986,550986,Sarul,below_threshold,80.0,9966515374,Jarul
550987,550987,Rajur Bahula,below_threshold,58.82352941176471,3076330444,Rajur
550988,550988,Raigadnagar,below_threshold,69.56521739130434,1195065880,Bharadenagar
550989,550989,Dahegaon,ambiguous_candidates,94.11764705882352,13476187969,Dadhegaon
550990,550990,Gaulane,matched,100.0,3226797966,Gaulane
550991,550991,Ambebahula,below_threshold,66.66666666666667,9966515290,Khambala
550992,550992,Pimpri Sayyad,below_threshold,75.86206896551724,13717759775,Pimpari Sadardin
550993,550993,Vinchurgavali,below_threshold,72.72727272727273,6144059553,Kinhavali
550994,550994,Sultanpur,below_threshold,70.58823529411764,3635085744,Shilapur
550995,550995,Madsangavi,below_threshold,75.0,3224565445,Sangvi
550996,550996,Shilapur,matched,100.0,3635085744,Shilapur
550997,550997,Odha,below_threshold,61.53846153846154,3667062188,Rodavhaal
550998,550998,Lakhalgaon,ambiguous_candidates,100.0,3062514231,Lakhalgaon
550999,550999,Gangapadali,below_threshold,70.58823529411764,3226704608,Padali
551000,551000,Kalavi,below_threshold,66.66666666666667,245689100,Kalwan
551001,551001,Hinganwedhe,below_threshold,72.72727272727273,10706289185,Shinganwadi
551002,551002,Jakhori,below_threshold,76.92307692307692,13593215080,Janori | जानोरी
551003,551003,Kotamgaon,place_assigned_to_multiple_villages,100.0,8655594615,Kotamgaon
551004,551004,Babhaleshwar,matched,90.9090909090909,2298918715,Bableshwar
551005,551005,Mohagaon,matched,100.0,9874975538,Mohagaon
551006,551006,Chandgiri,below_threshold,82.35294117647058,3062694615,Chandori
551007,551007,Shinde,place_assigned_to_multiple_villages,100.0,7127867248,Shinde
551008,551008,Palashe,below_threshold,72.72727272727273,3926733375,Lahe
551009,551009,Shevgedarna,below_threshold,63.1578947368421,13978813259,Shendrun
551010,551010,Nanegaon,below_threshold,87.5,9966515312,Nandgaon
551011,551011,Belatgavhan,below_threshold,70.0,3243277767,Nilgavhan
551012,551012,Donwade,place_assigned_to_multiple_villages,92.3076923076923,9872876741,Donwde
551013,551013,Rahuri,below_threshold,83.33333333333334,3300225344,Ahurli
551014,551014,Bhagur Rural,below_threshold,66.66666666666667,9966515281,Bhagur
551015,551015,Lahvit,place_assigned_to_multiple_villages,100.0,13540622220,Lahavit | Lahvit | लहवित
551016,551016,Lohashingwe,below_threshold,63.1578947368421,6395446086,Shingave
551017,551017,Vanjarwadi,matched,100.0,10169907869,Vanjarwadi
551022,551022,Mhasurli,below_threshold,80.0,3204686155,Hadsuli
551023,551023,Shevgedang,below_threshold,63.1578947368421,3223427204,Shiregaon
551024,551024,Wanjole,below_threshold,71.42857142857143,3227967161,Gandole
551025,551025,Ahurli,ambiguous_candidates,100.0,3300225344,Ahurli
551026,551026,Nandadgaon,matched,100.0,13717767197,Nandadgaon
551027,551027,Rayambe,matched,100.0,13717733960,Rayambe
551028,551028,Karhole,ambiguous_candidates,100.0,13717734554,Karhole
551029,551029,Awali Dumala,below_threshold,57.14285714285714,1195065808,Diwanmala
551030,551030,Saturli,below_threshold,76.92307692307692,3229752246,Sakuri
551031,551031,Ondli,matched,100.0,2744860248,Ondli
551032,551032,Nagosali,matched,100.0,2744860247,Nagosali
551033,551033,Dhargaon,below_threshold,88.88888888888889,9216389953,Dharangaon | धारणगाव
551034,551034,Walvihir,below_threshold,76.92307692307692,13717806503,Vihir
551035,551035,Bhavli Bk,below_threshold,80.0,3225032390,Bhavli
551036,551036,Kawanai,matched,100.0,8853755167,Kawanai
551037,551037,Korapgaon,below_threshold,88.88888888888889,9966515415,Koradgaon
551038,551038,Pimpalgaon Bhatata,below_threshold,83.33333333333334,1672972938,Pimpalgaon Basvant
551039,551039,Kurnoli,below_threshold,66.66666666666667,9966515381,Kolhi
551040,551040,Dharnoli,below_threshold,71.42857142857143,9872868223,Dhadri
551041,551041,Kusegaon,matched,94.11764705882352,13717805206,Kushegaon
551042,551042,Shirsate,below_threshold,80.0,13717802505,Sirsata
551043,551043,Modale,matched,100.0,13717803231,Modale
551044,551044,Gadgadsangvi,below_threshold,66.66666666666667,3224565445,Sangvi
551045,551045,Murambi,place_assigned_to_multiple_villages,100.0,13717767196,Murambi
551046,551046,Wadivarhe,below_threshold,88.88888888888889,2269393582,Wadiwarhe
551047,551047,Lahamagewadi,below_threshold,70.0,3225032389,Ambewadi
551048,551048,Belgaon Kurhe,below_threshold,78.57142857142857,2696200043,Belgaon Tarhale
551049,551049,Kurhegaon,matched,100.0,13593195410,Kurhegaon | कुऱ्हेगाव
551050,551050,Gondedumala,matched,100.0,13593195411,Gondedumala | गोंदेदुमाला
551051,551051,Mukane,below_threshold,83.33333333333334,3243277765,Kukane
551052,551052,Sanjegaon,matched,100.0,13717780054,Sanjegaon
551053,551053,Manik Khamb,below_threshold,66.66666666666667,13476187970,Pimpalgaon Khamb
551054,551054,Mundegaon,matched,100.0,3225070526,Mundegaon
551055,551055,Padli Deshmukh,below_threshold,61.53846153846154,9870870166,Deshmukhwadi
551056,551056,Janori,place_assigned_to_multiple_villages,100.0,13593215080,Janori | जानोरी
551057,551057,Laxminagar,below_threshold,70.0,9872868225,Mitranagar
551058,551058,Krishnanagar,below_threshold,69.56521739130434,9870870377,Krishnapuri
551059,551059,Nandurvaidya,matched,100.0,3225070527,Nandur Vaidya | Nandurvaidya | नांदुर वैद्य
551060,551060,Sakur,place_assigned_to_multiple_villages,90.9090909090909,3229752246,Sakuri
551061,551061,Nandgaon Bk,below_threshold,84.21052631578947,9966515312,Nandgaon
551062,551062,Ghoti Kh,below_threshold,66.66666666666667,9966515426,Loni Kh
551063,551063,Biturli,below_threshold,61.53846153846154,3300225344,Ahurli
551064,551064,Waki,below_threshold,80.0,10169526749,Wakadi
551065,551065,Khambale,ambiguous_candidates,100.0,13593238638,Khambale | खंबाळे
551066,551066,Daundat,below_threshold,66.66666666666667,4043680312,Gunda
551067,551067,Umbarkon,below_threshold,82.35294117647058,10169498554,Umbargaon
551068,551068,Waghere,below_threshold,66.66666666666667,3224796671,Waghapur
551069,551069,Senvad Kh,below_threshold,62.5,9874975559,Shenwad
551070,551070,Garudeshwar,below_threshold,66.66666666666667,2298918715,Bableshwar
551071,551071,Malunje,below_threshold,82.35294117647058,10169498556,Malunje Kh
551072,551072,Samnere,below_threshold,66.66666666666667,13978813261,Shere
551073,551073,Mogare,below_threshold,66.66666666666667,3204688565,Moghan
551074,551074,Somaj,below_threshold,54.54545454545454,3224115693,Manjur
551075,551075,Ubhade,below_threshold,83.33333333333334,1196573366,Ubhand
551076,551076,Deole,below_threshold,83.33333333333334,3229681683,Deolane
551077,551077,Adwan,below_threshold,72.72727272727273,245689100,Kalwan
551078,551078,Tringalwadi,below_threshold,72.72727272727273,10706289185,Shinganwadi
551079,551079,Pardevi,below_threshold,72.72727272727273,245690884,Arvi
551080,551080,Balayduri,below_threshold,75.0,9872863834,Balapur
551081,551081,Senvad Bk,below_threshold,69.56521739130434,13717808757,Shenwad Budruk
551082,551082,Khairgaon,matched,100.0,13249148370,Khairgaon
551083,551083,Chinchale Khair,below_threshold,75.0,13649019281,Chinchale
551084,551084,Awal Khed,below_threshold,82.35294117647058,13717805210,Avalkhed
551085,551085,Titoli,below_threshold,66.66666666666667,3224935746,Titavi
551086,551086,Takeghoti,below_threshold,58.82352941176471,13717780056,Talegaon
551087,551087,Bortembhe,below_threshold,77.77777777777779,10706289191,Koltembhe
551088,551088,Kanchangaon,below_threshold,85.71428571428572,9966515427,Anchalgaon
551089,551089,Avachitwadi,below_threshold,83.33333333333334,10711515834,Avalyachiwadi
551090,551090,Talogha,matched,92.3076923076923,13717807315,Talogh
551091,551091,Taloshi,below_threshold,76.92307692307692,13717807315,Talogh
551092,551092,Nandgaonsado,matched,96.0,3225032392,Nandgaon Sado
551093,551093,Pimpri Sadroddin,below_threshold,87.5,13717759775,Pimpari Sadardin
551094,551094,Fangul Gavhan,matched,92.3076923076923,13717815901,Fangulgavahan
551095,551095,Borli,below_threshold,80.0,3224115690,Bolki
551096,551096,Waghyachiwadi,below_threshold,80.0,2744860249,Vadyachiwadi
551097,551097,Manwede,below_threshold,66.66666666666667,2081198312,Brahmanwade
551098,551098,Bhavli Kh,below_threshold,80.0,3225032390,Bhavli
551099,551099,Kaluste,place_assigned_to_multiple_villages,100.0,3225032391,Kaluste
551100,551100,Bharwaj,below_threshold,76.92307692307692,3230458256,Bharam
551101,551101,Manjargaon,ambiguous_candidates,100.0,5696370709,Manjargaon
551102,551102,Nirpan,below_threshold,66.66666666666667,3223538659,Undirgaon
551103,551103,Gavhande,below_threshold,71.42857142857143,9872868220,Chande
551104,551104,Jamunde,below_threshold,66.66666666666667,9870870163,Amode
551105,551105,Kurungwadi,matched,100.0,10720691520,Kurungwadi
551106,551106,Ambewadi,matched,100.0,3225032389,Ambewadi
551107,551107,Khadked,below_threshold,72.72727272727273,13717805212,Khed
551108,551108,Indore,place_assigned_to_multiple_villages,100.0,10720691522,Indore
551109,551109,Shenit,below_threshold,83.33333333333334,2950428639,Shendi
551110,551110,Pimpalgaon Dukra,below_threshold,82.75862068965517,9874975677,Pimpalgaon Kh
551111,551111,Pimpalgaon Ghadaga,below_threshold,81.08108108108108,9966515409,Pimplagaon Khandala
551112,551112,Ninavi,below_threshold,66.66666666666667,3224935746,Titavi
551113,551113,Kawaddara,below_threshold,62.5,245687416,Talwada
551114,551114,Bharvir Kh,below_threshold,66.66666666666667,9966515294,Panvi Kh
551115,551115,Bharvir Bk,below_threshold,63.1578947368421,10169532306,Kolhar Bk
551116,551116,Bhandardarawadi,below_threshold,84.61538461538461,2950400436,Bhandardara
551117,551117,Adsare Bk,below_threshold,73.6842105263158,9872868221,Nandale Bk
551118,551118,Dhamangaon,place_assigned_to_multiple_villages,90.0,9216389953,Dharangaon | धारणगाव
551119,551119,Adsare Kh,below_threshold,73.6842105263158,3077060882,Mandave Kh
551120,551120,Gambhirwadi,below_threshold,78.26086956521739,10720656099,Ambavchiwadi
551121,551121,Belgaon Tarhale,matched,100.0,2696200043,Belgaon Tarhale
551122,551122,Dhamani,below_threshold,71.42857142857143,3243325564,Khimani
551123,551123,Pimpalgaon Mor,below_threshold,83.33333333333334,9870870133,Pimpalgaon
551124,551124,Pardeshiwadi,below_threshold,72.72727272727273,10169907873,Ganeshwadi
551125,551125,Kanadwadi,ambiguous_candidates,100.0,2950452324,Kanadwadi
551126,551126,Khed,matched,100.0,13717805212,Khed
551127,551127,Adharwad,below_threshold,77.77777777777779,10720691523,Kacharwadi
551128,551128,Bambalewadi,below_threshold,84.21052631578947,3225032389,Ambewadi
551129,551129,Ghodewadi,below_threshold,75.0,9966515338,Golwadi
551130,551130,Sherawadi,below_threshold,75.0,9870870154,Shewari
551131,551131,Taked Bk,below_threshold,73.6842105263158,9870870405,Varkhede Bk
551132,551132,Taked Kh,below_threshold,63.1578947368421,658627008,Take harsha
551133,551133,Maidara Dhanoshi,below_threshold,56.00000000000001,3223415984,Aaradgaon
551134,551134,Sonoshi,below_threshold,71.42857142857143,13717808760,Moroshi
551135,551135,Barshingave,below_threshold,84.21052631578947,6395446086,Shingave
551136,551136,Rahulnagar,below_threshold,76.19047619047619,8618260688,Mirakhnagar
551137,551137,Wasali,below_threshold,71.42857142857143,2744860247,Nagosali
551138,551138,Ramnagar,below_threshold,77.77777777777779,9872868225,Mitranagar
551140,551140,Jogaltembhi,below_threshold,70.58823529411764,9966515241,Tembhi
551141,551141,Naigaon,below_threshold,85.71428571428572,3230459660,Saigaon
551142,551142,Songiri,below_threshold,62.5,12619108261,Naydongri
551143,551143,Bramhan Wade,below_threshold,86.95652173913044,2081198312,Brahmanwade
551144,551144,Jaygaon,below_threshold,85.71428571428572,3243325624,Vaygaon
551145,551145,Deshwandi,below_threshold,76.19047619047619,9870870166,Deshmukhwadi
551146,551146,Patpimpri,below_threshold,80.0,9872863835,Pimpri
551147,551147,Hiwargaon,matched,100.0,5696375921,Hiwargaon
551148,551148,Komalwadi,below_threshold,87.5,10169526774,Malwadi
551149,551149,Keru Patilnagar,below_threshold,58.33333333333333,9870861469,Sevanagar
551150,551150,Baragaon Pimpri,matched,100.0,5696375922,Baragaon Pimpri
551151,551151,Sundarpur,below_threshold,71.42857142857143,12595959063,Dapur
551152,551152,Wadzire,below_threshold,75.0,2269393582,Wadiwarhe
551153,551153,Malegaon,below_threshold,87.5,3229752028,Malagaon
551154,551154,Maparwadi,below_threshold,84.21052631578947,7994733947,Mastarwadi
551155,551155,Kundewadi,below_threshold,84.21052631578947,5719107531,Aundhewadi
551156,551156,Kedarpur,below_threshold,76.92307692307692,12595959063,Dapur
551157,551157,Shahapur,below_threshold,88.88888888888889,3224119082,Shahajapur
551158,551158,Datli,below_threshold,72.72727272727273,3226704608,Padali
551159,551159,Musalgaon,matched,100.0,5705969375,Musalgaon
551160,551160,Kundewadi,below_threshold,84.21052631578947,5719107531,Aundhewadi
551161,551161,Gurewadi,below_threshold,87.5,10720685424,Garewadi
551162,551162,Bhatwadi,below_threshold,88.88888888888889,5993537469,Bhagatwadi
551163,551163,Shastrinagar,below_threshold,66.66666666666667,1195065880,Bharadenagar
551164,551164,Wadgaon Sinnar,below_threshold,71.42857142857143,2746993408,Nimgaon Sinner
551165,551165,Chondhi,below_threshold,75.0,11392150306,Morchondi
551166,551166,Somthane,below_threshold,71.42857142857143,1195163989,Gotane
551167,551167,Sangavi,ambiguous_candidates,92.3076923076923,3224565445,Sangvi
551168,551168,Dahiwadi,below_threshold,80.0,2744860249,Vadyachiwadi
551169,551169,Mahajanpur,below_threshold,80.0,3224119082,Shahajapur
551170,551170,Mendhi,below_threshold,66.66666666666667,2950428639,Shendi
551171,551171,Khadangali,below_threshold,70.58823529411764,8853755167,Kawanai
551172,551172,Vadangali,below_threshold,66.66666666666667,3226704608,Padali
551173,551173,Nimgaon Deopur,below_threshold,71.42857142857143,2746993408,Nimgaon Sinner
551174,551174,Gulvanch,below_threshold,66.66666666666667,3226797966,Gaulane
551175,551175,Kirtangali,below_threshold,63.1578947368421,4201470093,Ratanwadi
551176,551176,Eklahare,below_threshold,71.42857142857143,3224627663,Lohare
551177,551177,Nimgaon Sinner,matched,100.0,2746993408,Nimgaon Sinner
551178,551178,Pimpalgaon,ambiguous_candidates,100.0,9870870133,Pimpalgaon
551179,551179,Ujjani,below_threshold,66.66666666666667,13593215080,Janori | जानोरी
551180,551180,Bharatpur,below_threshold,77.77777777777779,9970364195,Haibatpur
551181,551181,Laxmanpur,below_threshold,77.77777777777779,12619108257,Lakhmapur
551182,551182,Shaha,below_threshold,66.66666666666667,3224119082,Shahajapur
551183,551183,Karwadi,below_threshold,87.5,2632398690,Katarwadi
551184,551184,Rampur,ambiguous_candidates,100.0,10169498577,Rampur
551185,551185,Shrirampur,place_assigned_to_multiple_villages,100.0,6475704175,Shrirampur
551186,551186,Panchale,place_assigned_to_multiple_villages,100.0,5696978253,Panchale
551187,551187,Deopur,below_threshold,72.72727272727273,12595959063,Dapur
551188,551188,Khopadi Bk.,below_threshold,63.1578947368421,9216410461,Kolpewadi
551189,551189,Dharangaon,place_assigned_to_multiple_villages,100.0,9216389953,Dharangaon | धारणगाव
551190,551190,Fardapur,below_threshold,76.92307692307692,12595959063,Dapur
551191,551191,Khopadi Kh.,below_threshold,66.66666666666667,9966515294,Panvi Kh
551192,551192,Bhokani,below_threshold,76.92307692307692,3223538489,Bhokar
551193,551193,Khambale,ambiguous_candidates,100.0,13593238638,Khambale | खंबाळे
551194,551194,Chincholi,ambiguous_candidates,100.0,7127867247,Chincholi
551195,551195,Mohu,below_threshold,85.71428571428572,8163613649,Moh
551196,551196,Mohdari,below_threshold,76.92307692307692,2678903678,Mohadi
551197,551197,Vadgaon Pingala,below_threshold,61.53846153846154,9874973195,Bhadgaon (ma)
551198,551198,Vinchur Dalvi,below_threshold,70.0,4026062333,Vinchur
551199,551199,Jamgaon,below_threshold,85.71428571428572,10169526748,Jalgaon
551200,551200,Paste,below_threshold,66.66666666666667,3225032391,Kaluste
551201,551201,Saradwadi,below_threshold,77.77777777777779,2950452324,Kanadwadi
551202,551202,Chandrapur,below_threshold,77.77777777777779,10169498580,Khanapur
551203,551203,Sawatamalinagar,below_threshold,58.33333333333333,9870861469,Sevanagar
551204,551204,Pandhurli,matched,100.0,3226704609,Pandhurli
551205,551205,Ghorwad,below_threshold,76.92307692307692,3241166616,Golwad
551206,551206,Khaparale,below_threshold,75.0,11274461524,Kharwal
551207,551207,Harsule,place_assigned_to_multiple_villages,92.3076923076923,245687213,Harsul
551208,551208,Sonari,below_threshold,66.66666666666667,3229752246,Sakuri
551209,551209,Sonambe,below_threshold,85.71428571428572,3226704607,Konambe
551210,551210,Shivade,matched,100.0,5710116788,Shivade
551211,551211,Borkhind,below_threshold,80.0,3204686154,Borkund
551212,551212,Agas Khind,below_threshold,63.1578947368421,13980598095,Manekhind
551213,551213,Belu,below_threshold,66.66666666666667,13980808296,Veluk
551214,551214,Aundhewadi,matched,100.0,5719107531,Aundhewadi
551215,551215,Dhondbar,matched,100.0,5719107532,Dhondbar
551216,551216,Konambe,matched,100.0,3226704607,Konambe
551217,551217,Jayprakashnagar,below_threshold,69.23076923076923,8618260688,Mirakhnagar
551218,551218,Manegaon,below_threshold,87.5,10169907877,Panegaon
551219,551219,Dhondvirnagar,below_threshold,75.0,9872876742,Indiranagar
551220,551220,Atkawade,below_threshold,80.0,3204688682,Talwade
551221,551221,Dubere,matched,100.0,245685734,Dubere
551222,551222,Patole,below_threshold,66.66666666666667,3230458262,Patoda
551223,551223,Gonde,below_threshold,72.72727272727273,1195163989,Gotane
551224,551224,Shivajinagar,below_threshold,76.19047619047619,9870861469,Sevanagar
551225,551225,Dattanagar,below_threshold,70.0,9872868225,Mitranagar
551226,551226,Ramnagar,below_threshold,77.77777777777779,9872868225,Mitranagar
551227,551227,Krishnanagar,below_threshold,69.56521739130434,9870870377,Krishnapuri
551228,551228,Adwadi,below_threshold,83.33333333333334,9870870162,Alwadi
551229,551229,Dhulwad,matched,100.0,3226704606,Dhulwad
551230,551230,Dapur,place_assigned_to_multiple_villages,100.0,12595959063,Dapur
551231,551231,Chapadgaon,place_assigned_to_multiple_villages,100.0,3062659455,Chapadgaon
551232,551232,Pimpale,place_assigned_to_multiple_villages,100.0,3226704610,Pimpale
551233,551233,Hivare,below_threshold,76.92307692307692,5710116788,Shivade
551234,551234,Ashapur,below_threshold,80.0,3224796671,Waghapur
551235,551235,Thangaon,below_threshold,82.35294117647058,9966515253,Chandgaon
551236,551236,Padali,matched,100.0,3226704608,Padali
551237,551237,Sonewadi,below_threshold,77.77777777777779,2639458995,Dongerwadi
551238,551238,Bhojapur,below_threshold,76.92307692307692,9966505613,Bhaur
551239,551239,Chas,matched,100.0,3224795410,Chas
551240,551240,Kasarwadi,below_threshold,88.88888888888889,2632398690,Katarwadi
551241,551241,Nalwadi,ambiguous_candidates,92.3076923076923,9870870162,Alwadi
551242,551242,Mith-Sagare,below_threshold,66.66666666666667,9872868225,Mitranagar
551243,551243,Pimparwadi,ambiguous_candidates,90.0,3530742651,Pimpalwadi
551244,551244,Mirgaon,below_threshold,85.71428571428572,3229550432,Virgaon
551245,551245,Kolgaonmal,below_threshold,70.58823529411764,9874973167,Kalgaon
551246,551246,Pathare Bk.,below_threshold,63.1578947368421,245683981,Kangar Bk
551247,551247,Pathare Kh.,below_threshold,60.0,3077060882,Mandave Kh
551248,551248,Waregaon,below_threshold,87.5,3224002798,Karegaon
551249,551249,Sayale,below_threshold,76.92307692307692,1195040642,Savalde
551250,551250,Maldhon,below_threshold,72.72727272727273,2933139433,Madh | मढ
551251,551251,Dusangwadi,below_threshold,76.19047619047619,10169526750,Dhangarwadi
551252,551252,Wavi,ambiguous_candidates,100.0,245686035,Wavi
551253,551253,Pangari Bk,below_threshold,84.21052631578947,245683981,Kangar Bk
551254,551254,Pangari Kh,below_threshold,77.77777777777779,9966515294,Panvi Kh
551255,551255,Marhal Bk.,below_threshold,63.1578947368421,9872868221,Nandale Bk
551256,551256,Marhal Kh.,below_threshold,63.1578947368421,3077060882,Mandave Kh
551257,551257,Fulenagar,below_threshold,70.0,9870896967,Sundernagar
551258,551258,Kahandalwadi,below_threshold,80.0,9966515380,Khandala
551259,551259,Ghotewadi,below_threshold,75.0,9966515338,Golwadi
551260,551260,Gulapur,below_threshold,71.42857142857143,3062694616,Nagapur
551261,551261,Suregaon,matched,100.0,10169526770,Suregaon
551262,551262,Dodi Bk.,below_threshold,71.42857142857143,9966505590,Loni Bk
551263,551263,Shindewadi (N.V.),below_threshold,64.0,10706289185,Shinganwadi
551264,551264,Dodi Kh.,below_threshold,71.42857142857143,9966515426,Loni Kh
551265,551265,Manori,place_assigned_to_multiple_villages,100.0,3223415988,Manori
551266,551266,Kankori,matched,100.0,3101864348,Kankori
551267,551267,Nirhale,below_threshold,80.0,3225702965,Naithale
551268,551268,Fattepur,below_threshold,66.66666666666667,10169907875,Watapur
551269,551269,Nandur Shingote,matched,100.0,2214442700,Nandur Shingote
551270,551270,Dixi,below_threshold,66.66666666666667,10169498571,Dighi
551271,551271,Jivhale,below_threshold,71.42857142857143,3224627661,Javalke
551272,551272,Thergaon,below_threshold,75.0,2213151069,Ghargaon | घारगाव
551273,551273,Kasabe Sukene,below_threshold,60.0,13978813281,Masaune
551274,551274,Mauje Sukene,below_threshold,63.63636363636363,10169498556,Malunje Kh
551275,551275,Oney,below_threshold,60.0,1195163989,Gotane
551276,551276,Datyane,below_threshold,85.71428571428572,1195108582,Dahyane
551277,551277,Narayangaon,below_threshold,77.77777777777779,10169498575,Naygaon
551278,551278,Gondegaon,place_assigned_to_multiple_villages,100.0,3224002797,Gondegaon
551279,551279,Chandori,matched,100.0,3062694615,Chandori
551280,551280,Nagapur,place_assigned_to_multiple_villages,100.0,3062694616,Nagapur
551281,551281,Chitegaon,below_threshold,84.21052631578947,9966515423,Chikatgaon
551282,551282,Chehedi Kh.,below_threshold,52.63157894736843,9874975804,Dhankhedi
551283,551283,Varhe Davna,below_threshold,57.14285714285714,9966515414,Titarkheda
551284,551284,Shimpi Takali,below_threshold,60.0,10169526752,CHitali
551285,551285,Lalpadi,below_threshold,76.92307692307692,9870870162,Alwadi
551286,551286,Darna Sangvi,below_threshold,66.66666666666667,3224565445,Sangvi
551287,551287,Antarweli,below_threshold,66.66666666666667,2632398690,Katarwadi
551288,551288,Mukhed,below_threshold,80.0,13717805212,Khed
551289,551289,Pachorewani,below_threshold,70.0,10169526764,Pachegaon
551290,551290,Ahergaon,below_threshold,82.35294117647058,3224002800,Padhegaon
551291,551291,Pimpalgaon Baswant,matched,94.44444444444444,1672972938,Pimpalgaon Basvant
551292,551292,Umbarkhed,below_threshold,73.6842105263158,3919984425,Umberkhand
551293,551293,Behed,below_threshold,66.66666666666667,13717805212,Khed
551294,551294,Narayan Tembhi,below_threshold,60.0,9966515241,Tembhi
551295,551295,Karsul,matched,100.0,3227967163,Karsul
551296,551296,Vadali Najik,below_threshold,58.33333333333333,2744860249,Vadyachiwadi
551297,551297,Shirasgaon,ambiguous_candidates,100.0,9870870158,Shirasgaon
551298,551298,Kokangaon,below_threshold,88.88888888888889,9874975802,Kakangaon
551299,551299,Sakore,ambiguous_candidates,100.0,3227967631,Sakore
551300,551300,Amrut Nagar,below_threshold,66.66666666666667,9872868225,Mitranagar
551301,551301,Vijay Nagar,below_threshold,70.0,9870861469,Sevanagar
551302,551302,Banganganagar,below_threshold,68.96551724137932,9966515258,Babhulgaon Ganga
551303,551303,Shirwade Wani,below_threshold,63.63636363636363,3223427204,Shiregaon
551304,551304,Gorthan,below_threshold,76.92307692307692,1195163989,Gotane
551305,551305,Redgaon,below_threshold,80.0,3224002798,Karegaon
551306,551306,Nandur Kh.,below_threshold,88.88888888888889,10169526755,Nandur Bk
551307,551307,Sawargaon,place_assigned_to_multiple_villages,100.0,5569122011,Sawargaon
551308,551308,Wavi,ambiguous_candidates,100.0,245686035,Wavi
551309,551309,Palkhed,below_threshold,80.0,9872863839,Kalkhede
551310,551310,Lonwadi,below_threshold,76.92307692307692,9870870162,Alwadi
551311,551311,Davachwadi,below_threshold,81.81818181818181,10706289189,Daryachiwadi
551312,551312,Kumbhari,matched,100.0,9216398615,Kumbhari | कुंभारी
551313,551313,Ranwad,below_threshold,80.0,4201470093,Ratanwadi
551314,551314,Panchkeshwar,below_threshold,70.0,13649016979,Pachghar
551315,551315,Deopur,below_threshold,72.72727272727273,12595959063,Dapur
551316,551316,Nandurdi,below_threshold,73.6842105263158,9966515257,Nandur Dhok
551317,551317,Khede,below_threshold,88.88888888888889,13717805212,Khed
551318,551318,Ugaon,ambiguous_candidates,90.9090909090909,6144036816,Sugaon
551319,551319,Shivadi,below_threshold,85.71428571428572,5710116788,Shivade
551320,551320,Sarole Kh.,below_threshold,63.1578947368421,10169498556,Malunje Kh
551321,551321,Bramhangaon Vanas,below_threshold,78.57142857142857,245689567,Bramhangaon
551322,551322,Vanasgaon,below_threshold,75.0,3243325624,Vaygaon
551323,551323,Khadak Malegaon,below_threshold,66.66666666666667,9874975802,Kakangaon
551324,551324,Takali Vinchur,below_threshold,66.66666666666667,4026062333,Vinchur
551325,551325,Kotamgaon,place_assigned_to_multiple_villages,100.0,8655594615,Kotamgaon
551326,551326,Khangaon Najik,below_threshold,78.57142857142857,650715931,Khangaon Thadi
551327,551327,Thetale,below_threshold,72.72727272727273,13717802896,Tale
551328,551328,Vitthalwadi,below_threshold,73.6842105263158,3243279559,Valawadi
551329,551329,Subhash Nagar,below_threshold,75.0,10169498565,Ashok Nagar
551330,551330,Vishnu Nagar,below_threshold,69.56521739130434,10169498565,Ashok Nagar
551331,551331,Vinchur,place_assigned_to_multiple_villages,100.0,4026062333,Vinchur
551332,551332,Nimgaon Wakada,below_threshold,66.66666666666667,9966515409,Pimplagaon Khandala
551333,551333,Bramhangaon Vinchur,below_threshold,73.33333333333334,245689567,Bramhangaon
551334,551334,Welapur,below_threshold,71.42857142857143,9872863834,Balapur
551335,551335,Pachore Bk.,below_threshold,60.0,9872876740,Vinchur Bk
551336,551336,Shiwapur,below_threshold,87.5,3635085744,Shilapur
551337,551337,Maralgoi Kh.,below_threshold,66.66666666666667,9874975677,Pimpalgaon Kh
551338,551338,Pachore Kh.,below_threshold,55.55555555555556,5696978253,Panchale
551339,551339,Mavalgoi Bk.,below_threshold,66.66666666666667,9966505590,Loni Bk
551340,551340,Hanumannagar,below_threshold,75.0,9966515279,Hanumantgaon
551341,551341,Golegaon,below_threshold,82.35294117647058,3224002797,Gondegaon
551342,551342,Gondegaon,place_assigned_to_multiple_villages,100.0,3224002797,Gondegaon
551343,551343,Bokaddare,below_threshold,66.66666666666667,3223538489,Bhokar
551344,551344,Dongargaon,below_threshold,82.35294117647058,9966515260,Dongaon
551345,551345,Dahegaon,ambiguous_candidates,94.11764705882352,13476187969,Dadhegaon
551346,551346,Wahegaon,below_threshold,82.35294117647058,3224002800,Padhegaon
551347,551347,Bharwas,below_threshold,76.92307692307692,3230458256,Bharam
551348,551348,Nandgaon,ambiguous_candidates,100.0,9966515312,Nandgaon
551349,551349,Dhanore,below_threshold,76.92307692307692,9872868224,Dhadre
551350,551350,Dharangaon Veer,below_threshold,80.0,9216389953,Dharangaon | धारणगाव
551351,551351,Dharangaon Khadak,below_threshold,74.07407407407408,9216389953,Dharangaon | धारणगाव
551352,551352,Gajarwadi,below_threshold,87.5,3224795411,Garwadi
551353,551353,Dindori,place_assigned_to_multiple_villages,100.0,5696372443,Dindori
551354,551354,Nandur Madhyameshwar,matched,91.89189189189189,6395400239,Nandur Madmeshwar
551355,551355,Sarole Thadi,below_threshold,61.53846153846154,650715931,Khangaon Thadi
551356,551356,Khedale Zunge,below_threshold,54.54545454545454,11819396025,Kendal BK | केंदळ बुद्रूक
551357,551357,Kalgaon,ambiguous_candidates,100.0,9874973167,Kalgaon
551358,551358,Rui,below_threshold,66.66666666666667,10169526753,Rajuri
551359,551359,Deogaon,below_threshold,85.71428571428572,2744860245,Devgaon
551360,551360,Mahadevnagar (N.V.),below_threshold,68.96551724137932,10169498574,Changdevnagar
551361,551361,Manori Kh.,below_threshold,80.0,3223415988,Manori
551362,551362,Wakad,matched,90.9090909090909,10169526749,Wakadi
551363,551363,Shirwade Wakad,below_threshold,60.86956521739131,13249148369,Sadakwadi
551364,551364,Kanlad,matched,100.0,10056609695,KANLAD
551365,551365,Pimpri,ambiguous_candidates,100.0,9872863835,Pimpri
551366,551366,Raulas,below_threshold,66.66666666666667,9966515292,Surala
551367,551367,Gitakunj,below_threshold,57.14285714285714,1195163989,Gotane
551368,551368,Niphad,below_threshold,62.5,3243277768,Nimshevadi
551369,551369,Rasalpur,below_threshold,75.0,10169526773,Kamalpur
551370,551370,Pimpalas,matched,100.0,6395445092,Pimpalas
551371,551371,Kothure,matched,100.0,6366213199,Kothure
551372,551372,Kurudgaon,below_threshold,77.77777777777779,9966515415,Koradgaon
551373,551373,Jalgaon,matched,100.0,10169526748,Jalgaon
551374,551374,Shriram Nagar,below_threshold,69.56521739130434,6475704175,Shrirampur
551375,551375,Sonewadi Kh.,below_threshold,66.66666666666667,2639458995,Dongerwadi
551376,551376,Sonewadi Bk.,below_threshold,66.66666666666667,2639458995,Dongerwadi
551377,551377,Rampur,ambiguous_candidates,100.0,10169498577,Rampur
551378,551378,Naitale,matched,93.33333333333333,3225702965,Naithale
551379,551379,Shivare,below_threshold,85.71428571428572,5710116788,Shivade
551380,551380,Sundarpur,below_threshold,71.42857142857143,12595959063,Dapur
551381,551381,Kathargaon,below_threshold,84.21052631578947,13249148370,Khairgaon
551382,551382,Shingave,place_assigned_to_multiple_villages,100.0,6395446086,Shingave
551383,551383,Saikhede,below_threshold,87.5,3062694614,Saikheda
551384,551384,Songaon,below_threshold,85.71428571428572,9966515260,Dongaon
551385,551385,Chatori,below_threshold,80.0,3062694615,Chandori
551386,551386,Sawali,below_threshold,71.42857142857143,4043676433,Hedawali
551387,551387,Ramnagar,below_threshold,77.77777777777779,9872868225,Mitranagar
551388,551388,Pimpalgaon Nipani,below_threshold,74.28571428571429,1672972938,Pimpalgaon Basvant
551389,551389,Talwade,ambiguous_candidates,100.0,3204688682,Talwade
551390,551390,Mahajanpur,below_threshold,80.0,3224119082,Shahajapur
551391,551391,Bhendali,matched,100.0,3062694617,Bhendali
551392,551392,Karanjgaon,ambiguous_candidates,100.0,3062514230,Karanjgaon
551393,551393,Chapadgaon,place_assigned_to_multiple_villages,100.0,3062659455,Chapadgaon
551394,551394,Bhuse,matched,100.0,5696373231,Bhuse
551395,551395,Aurangpur,below_threshold,70.58823529411764,4050236379,Gangapur
551396,551396,Shrirampur,place_assigned_to_multiple_villages,100.0,6475704175,Shrirampur
551397,551397,Mhalsakore,matched,100.0,5696370710,Mhalsakore
551398,551398,Majargaon,ambiguous_candidates,94.73684210526316,5696370709,Manjargaon
551399,551399,Khangaon Thadi,matched,100.0,650715931,Khangaon Thadi
551400,551400,Tarukhedle,below_threshold,70.58823529411764,9870861470,Upkhede
551401,551401,Tamaswadi,ambiguous_candidates,100.0,3223481286,Tamaswadi
551402,551402,Karanji Kh.,below_threshold,82.35294117647058,3224115692,Karanji
551403,551403,Bramhanwade,ambiguous_candidates,90.9090909090909,2081198312,Brahmanwade
551407,551407,Ambegaon,below_threshold,80.0,9966515293,Belgaon
551408,551408,Somthan-desh,below_threshold,57.14285714285714,3224058277,Kokamthan
551409,551409,Nilkhede,below_threshold,75.0,9872863839,Kalkhede
551410,551410,Murami,place_assigned_to_multiple_villages,92.3076923076923,13717767196,Murambi
551411,551411,Katarni,below_threshold,75.0,2632398690,Katarwadi
551412,551412,Visapur,place_assigned_to_multiple_villages,92.3076923076923,9870870351,Isapur
551413,551413,Gorakhnagar,below_threshold,81.81818181818181,8618260688,Mirakhnagar
551414,551414,Balapur,place_assigned_to_multiple_villages,100.0,9872863834,Balapur
551415,551415,Gujarkhede,below_threshold,70.58823529411764,3243325563,Jaikhed
551416,551416,Vikharni,below_threshold,71.42857142857143,823469388,Khardi
551417,551417,Adgaon Repal,below_threshold,69.56521739130434,9874973195,Bhadgaon (ma)
551418,551418,Lauki Shiras,below_threshold,54.54545454545454,9870870158,Shirasgaon
551419,551419,Valadgaon,below_threshold,87.5,9966515275,Ladgaon
551420,551420,Shirasgaon Lauki,below_threshold,76.92307692307692,9870870158,Shirasgaon
551421,551421,Dahegaon Patoda,below_threshold,66.66666666666667,13476187969,Dadhegaon
551422,551422,Patoda,matched,100.0,3230458262,Patoda
551423,551423,Kanadi,below_threshold,83.33333333333334,10056609695,KANLAD
551424,551424,Thangaon,below_threshold,82.35294117647058,9966515253,Chandgaon
551425,551425,Pimpri,ambiguous_candidates,100.0,9872863835,Pimpri
551426,551426,Satare,below_threshold,76.92307692307692,3019899225,Savarde
551427,551427,Pimpalgaon Lep,below_threshold,83.33333333333334,9870870133,Pimpalgaon
551428,551428,Jaulke,below_threshold,76.92307692307692,3224627661,Javalke
551429,551429,Deshmane Bk.,below_threshold,66.66666666666667,3229532853,Desrane
551430,551430,Deshmane Kh.,below_threshold,66.66666666666667,3077060882,Mandave Kh
551431,551431,Manori Bk.,below_threshold,80.0,3223415988,Manori
551432,551432,Jalgaon Neur,below_threshold,73.6842105263158,10169526748,Jalgaon
551433,551433,Shevage,below_threshold,85.71428571428572,9874975803,Shewage
551434,551434,Purangaon,below_threshold,82.35294117647058,10169907877,Panegaon
551435,551435,Neurgaon,below_threshold,82.35294117647058,9970364194,Nevargaon
551436,551436,Mukhed,below_threshold,80.0,13717805212,Khed
551437,551437,Satyagaon,matched,94.11764705882352,9870870165,Sayagaon
551438,551438,Ankai,matched,100.0,6171493752,Ankai
551439,551439,Basantnagar,below_threshold,70.0,9870861469,Sevanagar
551440,551440,Chandgaon,ambiguous_candidates,100.0,9966515253,Chandgaon
551441,551441,Naygavhan,below_threshold,88.88888888888889,9966515434,Naigavhan
551442,551442,Aherwadi,below_threshold,88.88888888888889,3635085745,Kanherwadi
551443,551443,Somthanjosh,below_threshold,60.0,3224058277,Kokamthan
551444,551444,Rajapur,below_threshold,83.33333333333334,3076330444,Rajur
551445,551445,Panhalsathe,below_threshold,73.6842105263158,5696978253,Panchale
551446,551446,Pimpalkhute Tisare,below_threshold,62.06896551724138,1196627095,Pimparkhede
551447,551447,Jaydare,below_threshold,71.42857142857143,3230458257,Jamdari
551448,551448,Kusur,below_threshold,54.54545454545454,3227967163,Karsul
551449,551449,Savkhede,below_threshold,80.0,3243325561,Asakhed
551450,551450,Ankute,below_threshold,66.66666666666667,3204688562,Kulthe
551451,551451,Kusmadi,matched,100.0,3230458259,Kusmadi
551452,551452,Hadap Sawargaon,below_threshold,75.0,5569122011,Sawargaon
551453,551453,Lahit,place_assigned_to_multiple_villages,90.9090909090909,13540622220,Lahavit | Lahvit | लहवित
551454,551454,Khirdisathe,below_threshold,70.58823529411764,7276194043,Khirdi
551455,551455,Mamdapur,ambiguous_candidates,100.0,3230458261,Mamdapur
551456,551456,Kolgaon,below_threshold,85.71428571428572,9874973167,Kalgaon
551457,551457,Nagarsul,below_threshold,87.5,2883204661,Nagarsol
551458,551458,Dhamode,below_threshold,83.33333333333334,9870870163,Amode
551459,551459,Nandur,below_threshold,83.33333333333334,1196573211,Nandre
551460,551460,Ganeshpur,below_threshold,70.58823529411764,4050236379,Gangapur
551461,551461,Vaibothi,below_threshold,61.53846153846154,3203205458,Vitai
551462,551462,Rendale,below_threshold,71.42857142857143,13983479496,Kenvale
551463,551463,Nyaharkhede Kh.,below_threshold,72.0,9870870405,Varkhede Bk
551464,551464,Nyaharkhede Bk.,below_threshold,80.0,9870870405,Varkhede Bk
551465,551465,Matulthan,matched,100.0,3224002799,Matulthan
551466,551466,Vadgaon Balhe,below_threshold,66.66666666666667,9874973195,Bhadgaon (ma)
551467,551467,Balhegaon,matched,100.0,9966515428,Balhegaon
551468,551468,Nagde,below_threshold,72.72727272727273,1196573211,Nandre
551469,551469,Mahalgaaon,matched,94.73684210526316,9966515278,Mahalgaon
551470,551470,Dhanakwadi,below_threshold,88.88888888888889,1195065733,Anakwadi
551471,551471,Kasarkhede,below_threshold,82.35294117647058,3243325561,Asakhed
551472,551472,Tandulwadi,below_threshold,84.21052631578947,10720656084,Gandulwad
551473,551473,Khairgavhan,below_threshold,80.0,9966515434,Naigavhan
551474,551474,Devargaon,below_threshold,88.88888888888889,9970364194,Nevargaon
551475,551475,Savargaon,below_threshold,88.88888888888889,5569122011,Sawargaon
551476,551476,Gopalwadi,below_threshold,87.5,9966515338,Golwadi
551477,551477,Antarveli,below_threshold,62.5,3223415987,Manjari
551478,551478,Dhulgaon,below_threshold,85.71428571428572,13447690150,Dugaon
551479,551479,Bhatgaon,ambiguous_candidates,93.33333333333333,9870870150,Hatgaon
551480,551480,Dhanore,below_threshold,76.92307692307692,9872868224,Dhadre
551481,551481,Babhulgaon Bk.,below_threshold,75.86206896551724,9966515258,Babhulgaon Ganga
551482,551482,Babhulgaon Kh.,below_threshold,75.86206896551724,9966515258,Babhulgaon Ganga
551483,551483,Angangaon,below_threshold,84.21052631578947,10169526742,Ranjangaon
551484,551484,Rayate,below_threshold,76.92307692307692,13717733960,Rayambe
551485,551485,Erandgaon Kh.,below_threshold,72.0,11739985290,Nandgaon Koli
551486,551486,Dahegaon Dhul,below_threshold,72.72727272727273,13476187969,Dadhegaon
551487,551487,Erandgaon Bk.,below_threshold,72.0,11739985290,Nandgaon Koli
551488,551488,Satali,below_threshold,66.66666666666667,3226704608,Padali
551489,551489,Bhingare,below_threshold,75.0,6395446086,Shingave
551490,551490,Mahalkhede Patoda,below_threshold,56.00000000000001,9872863839,Kalkhede
551491,551491,Mahalkhede Chandvad,below_threshold,62.857142857142854,9966515410,Sawkhed Khandala
551492,551492,Nimgaon Madh,below_threshold,73.6842105263158,10169498572,Nimgaon
551493,551493,Chichodi Bk.,below_threshold,70.0,7127867247,Chincholi
551494,551494,Chichodi Kh.,below_threshold,70.0,7127867247,Chincholi
551495,551495,Paregaon,ambiguous_candidates,93.33333333333333,10720685420,Pargaon
551496,551496,Badapur,below_threshold,85.71428571428572,9872863834,Balapur
551497,551497,Kotamgaon Kh.,below_threshold,85.71428571428572,8655594615,Kotamgaon
551498,551498,Kotamgaon Bk.,below_threshold,85.71428571428572,8655594615,Kotamgaon
551499,551499,Adgaon Chothava,below_threshold,62.06896551724138,650715931,Khangaon Thadi
551500,551500,Nandesar,below_threshold,71.42857142857143,1196573211,Nandre
551501,551501,Devdari,below_threshold,61.53846153846154,9872863836,Vadjai
551502,551502,Kharvandi,matched,100.0,10169907872,Kharvandi
551503,551503,Rahadi,matched,100.0,9966515418,Rahadi
551504,551504,Kolam Kh.,below_threshold,70.58823529411764,10169532306,Kolhar Bk
551505,551505,Angulgaon,below_threshold,75.0,9874973167,Kalgaon
551506,551506,Saigaon,matched,100.0,3230459660,Saigaon
551507,551507,Panjarwadi,ambiguous_candidates,90.0,10169907869,Vanjarwadi
551508,551508,Kolam Bk.,below_threshold,82.35294117647058,10169532306,Kolhar Bk
551509,551509,Bharam,matched,100.0,3230458256,Bharam
551510,551510,Vaghale,below_threshold,71.42857142857143,3667062189,Vashala
551511,551511,Dongarogaon,below_threshold,77.77777777777779,9966515260,Dongaon
551512,551512,Talwade,ambiguous_candidates,100.0,3204688682,Talwade
551513,551513,Kautkhede,below_threshold,82.35294117647058,3243325565,Kupkhede
551514,551514,Garkhede,below_threshold,75.0,9872863839,Kalkhede
551515,551515,Dhamangaon,place_assigned_to_multiple_villages,90.0,9216389953,Dharangaon | धारणगाव
551516,551516,Andarsul,matched,100.0,245686771,Andarsul
551517,551517,Gondgaon,place_assigned_to_multiple_villages,94.11764705882352,3224002797,Gondegaon
551518,551518,Pimpalkhute Bk.,below_threshold,66.66666666666667,3226704610,Pimpale
551519,551519,Pimpalkhute Kh.,below_threshold,66.66666666666667,3226704610,Pimpale
551520,551520,Adsuregaon,below_threshold,88.88888888888889,10169526770,Suregaon
551521,551521,Bhulegaon,below_threshold,77.77777777777779,9966515428,Balhegaon
551522,551522,Bhaykhede,below_threshold,70.58823529411764,9872863839,Kalkhede
551523,551523,Deothan,below_threshold,71.42857142857143,3229681683,Deolane
551524,551524,Suregaon Rasta,below_threshold,72.72727272727273,10169526770,Suregaon
551525,551525,Deolane,place_assigned_to_multiple_villages,100.0,3229681683,Deolane
551526,551526,Bokate,below_threshold,76.92307692307692,3241166615,Borhate
551527,551527,Undirwadi,below_threshold,73.6842105263158,5719107531,Aundhewadi
551528,551528,Dugalgaon,below_threshold,82.35294117647058,10169526760,Ukalgaon
551529,551529,Khamgaon,below_threshold,82.35294117647058,8655594615,Kotamgaon
551530,551530,Pimpalgaon Jalal,below_threshold,76.92307692307692,9870870133,Pimpalgaon
