census_code,lgd_code,village_name,district,block_code,households,population,literates,cultivators,ag_labourers,hh_industry,other_workers
549593,549593,Bardipada,Nashik,193,123,513,247,154,5,0,19
549594,549594,Chinchale,Nashik,193,210,1495,1093,233,253,1,12
549595,549595,Chandrapur,Nashik,193,175,693,354,123,127,0,11
549596,549596,Hadkaichond,Nashik,193,143,572,332,191,75,0,10
549597,549597,Gondune,Nashik,193,66,282,147,151,10,0,3
549598,549598,Ranjune,Nashik,193,87,421,195,7,272,0,1
549599,549599,Kukudne,Nashik,193,276,1013,451,93,401,1,5
549600,549600,Deshmukh Nagar,Nashik,193,229,1234,785,471,92,3,14
549601,549601,Songir,Nashik,193,79,324,169,89,141,1,2
549602,549602,Udmal,Nashik,193,113,491,259,0,21,0,3
549603,549603,Deogaon,Nashik,193,132,557,311,94,227,0,0
549604,549604,Pangarne,Nashik,193,158,627,394,123,33,0,23
549605,549605,Wangan,Nashik,193,176,733,383,158,271,0,1
549606,549606,Pimpalsond,Nashik,193,236,884,448,323,265,0,8
549607,549607,Malgonde,Nashik,193,96,761,492,8,243,2,5
549608,549608,Khuntavihir,Nashik,193,187,579,366,326,71,3,13
549609,549609,Mohapada,Nashik,193,67,324,169,7,217,1,1
549610,549610,Ranvihir,Nashik,193,79,305,142,13,182,0,2
549611,549611,Galbari,Nashik,193,143,530,258,121,91,0,4
549612,549612,Karanjul(kelwan),Nashik,193,266,1307,900,190,451,0,9
549613,549613,Chinchpada,Nashik,193,106,691,504,39,193,0,27
549614,549614,Sundarban,Nashik,193,158,714,386,197,252,0,1
549615,549615,Raghatvihir,Nashik,193,261,1149,584,51,378,0,8
549616,549616,Fanaspada,Nashik,193,157,655,390,193,77,0,23
549617,549617,Mandha,Nashik,193,346,1431,611,441,294,0,21
549618,549618,Guhijambhulpada,Nashik,193,251,982,578,560,34,5,17
549619,549619,Rasha,Nashik,193,206,753,377,326,164,3,11
549620,549620,Borchond,Nashik,193,159,738,322,14,416,0,5
549621,549621,Nimbarpada,Nashik,193,184,697,356,12,423,3,13
549622,549622,Umbarthan,Nashik,193,631,3154,2059,829,473,11,158
549623,549623,Subhashnagar,Nashik,193,216,939,580,55,388,0,17
549624,549624,Dolhare,Nashik,193,193,1070,759,292,122,1,10
549625,549625,Amzar,Nashik,193,99,382,219,59,162,1,3
549626,549626,Satkhamb,Nashik,193,148,605,399,123,321,1,24
549627,549627,Ambatha,Nashik,193,266,1568,1058,174,458,0,16
549628,549628,Kothule,Nashik,193,297,1204,625,56,631,2,12
549629,549629,Krishnanagar,Nashik,193,75,399,205,71,147,0,5
549630,549630,Gopalnagar,Nashik,193,149,595,313,111,12,0,10
549631,549631,Kathipada,Nashik,193,744,2998,1761,409,946,3,68
549632,549632,Dodichapada,Nashik,193,180,770,499,6,31,0,13
549633,549633,Torandongri,Nashik,193,269,1093,572,279,12,0,1
549634,549634,Baflun,Nashik,193,191,845,378,387,98,0,5
549635,549635,Mhaiskhadak,Nashik,193,194,895,479,289,286,0,5
549636,549636,Udaldari,Nashik,193,189,876,248,30,508,0,10
549637,549637,Karanjul Surgana,Nashik,193,255,894,473,156,465,0,7
549638,549638,Vijaynagar,Nashik,193,76,299,152,11,162,1,4
549639,549639,Shrirampur,Nashik,193,154,935,647,93,172,0,8
549640,549640,Devaldari,Nashik,193,131,632,434,195,36,0,5
549641,549641,Walutzira,Nashik,193,173,609,366,88,287,0,3
549642,549642,Bhavandagad,Nashik,193,167,680,409,267,154,0,8
549643,549643,Bhadar,Nashik,193,367,1905,1074,565,353,0,8
549644,549644,Nawapur,Nashik,193,66,257,140,131,25,0,1
549645,549645,Umbarpada,Nashik,193,99,589,427,84,69,1,22
549646,549646,Bhormal,Nashik,193,479,2232,1346,409,480,2,35
549647,549647,Umbarvihir,Nashik,193,122,522,294,131,125,0,9
549648,549648,Palvihir,Nashik,193,126,663,370,32,278,0,6
549649,549649,Khokari,Nashik,193,317,1280,729,229,215,1,11
549650,549650,Jamunmatha,Nashik,193,78,330,193,46,114,0,7
549651,549651,Wadpada,Nashik,193,64,264,170,132,16,0,1
549652,549652,Karanjali,Nashik,193,218,1054,686,130,279,1,80
549653,549653,Talpada,Nashik,193,212,862,413,326,148,0,12
549654,549654,Karwande,Nashik,193,144,711,454,317,4,0,2
549655,549655,Durgapur,Nashik,193,141,619,367,106,245,0,2
549656,549656,Chinchpada,Nashik,193,95,391,221,150,12,1,1
549657,549657,Ladgaon,Nashik,193,143,720,340,71,299,3,6
549658,549658,Bubli,Nashik,193,223,1357,969,329,175,4,48
549659,549659,Umaremal,Nashik,193,137,719,467,318,39,6,12
549660,549660,Malgavhan,Nashik,193,279,1179,775,248,143,2,14
549661,549661,Udaypur,Nashik,193,226,1074,562,270,187,0,4
549662,549662,Garmal,Nashik,193,262,1136,699,312,199,0,10
549663,549663,Suryagad,Nashik,193,139,750,361,135,49,2,13
549664,549664,Pratapgad,Nashik,193,249,925,557,255,303,0,23
549665,549665,Alangun,Nashik,193,389,2632,1901,349,371,2,95
549666,549666,Hatrundi,Nashik,193,425,1698,928,690,327,1,9
549667,549667,Patali,Nashik,193,55,246,101,152,6,0,2
549668,549668,Payarpada,Nashik,193,108,494,227,230,41,0,6
549669,549669,Umbarde,Nashik,193,42,170,86,16,71,0,5
549670,549670,Ganeshnagar,Nashik,193,146,640,356,366,1,0,3
549671,549671,Hanumantmal,Nashik,193,283,1149,628,223,543,0,1
549672,549672,Ahmadgavhan,Nashik,193,177,875,539,416,100,0,8
549673,549673,Bival,Nashik,193,321,1192,714,155,243,1,7
549674,549674,Vadmal,Nashik,193,108,451,225,295,7,0,1
549675,549675,Mani,Nashik,193,231,1468,1068,319,240,1,32
549676,549676,Khobala Mani,Nashik,193,601,2559,1352,546,419,0,20
549677,549677,Palsan,Nashik,193,359,2196,1488,431,370,4,70
549678,549678,Palashet,Nashik,193,85,443,221,99,157,0,2
549679,549679,Merdand,Nashik,193,84,437,159,111,28,0,2
549680,549680,Khadakmal,Nashik,193,175,841,410,167,309,0,11
549681,549681,Deola,Nashik,193,81,332,174,64,65,3,12
549682,549682,Kukudmunda,Nashik,193,380,1667,691,235,499,4,12
549683,549683,Morchonda,Nashik,193,104,425,258,166,20,1,6
549684,549684,Umbarde (M),Nashik,193,269,962,527,304,282,0,11
549685,549685,Shribhuvan,Nashik,193,485,2697,1599,696,146,5,90
549686,549686,Mothamal,Nashik,193,189,1137,689,421,35,2,11
549687,549687,Hatgad,Nashik,193,561,3054,1660,592,378,4,29
549688,549688,Sajole,Nashik,193,285,1419,688,336,247,2,61
549689,549689,Pohali,Nashik,193,363,1347,705,200,481,0,20
549690,549690,Nagshewadi,Nashik,193,274,1520,637,370,459,0,5
549691,549691,Vanjulpada,Nashik,193,161,870,466,164,80,0,0
549692,549692,Hatti Bk.,Nashik,193,201,1098,708,244,204,2,5
549693,549693,Chirai,Nashik,193,48,314,133,60,101,0,3
549694,549694,Mohapada,Nashik,193,204,1183,799,168,231,2,23
549695,549695,Roti,Nashik,193,53,279,148,31,64,0,1
549696,549696,Ghodambe,Nashik,193,184,998,684,361,102,21,22
549697,549697,Borgaon,Nashik,193,493,2291,1705,618,145,42,317
549698,549698,Hiradipada,Nashik,193,123,543,342,285,27,5,11
549699,549699,Chikhali,Nashik,193,244,1152,658,302,337,3,13
549700,549700,Sarad,Nashik,193,266,1652,1120,363,40,6,50
549701,549701,Ghagbari,Nashik,193,204,848,539,444,1,3,12
549702,549702,Kharude,Nashik,193,182,1081,582,308,232,1,6
549703,549703,Umbarpada Digar,Nashik,193,142,706,430,110,174,6,2
549704,549704,Sanjaynagar,Nashik,193,96,574,308,197,116,3,15
549705,549705,Harantekadi,Nashik,193,188,825,524,323,130,0,15
549706,549706,Shinde,Nashik,193,487,2405,1545,443,646,2,27
549707,549707,Waghdhond,Nashik,193,225,1065,616,278,324,2,9
549708,549708,Sabardara,Nashik,193,149,607,299,2,185,0,6
549709,549709,Bhintghar,Nashik,193,214,793,399,195,265,0,11
549710,549710,Malegaon,Nashik,193,180,744,320,346,209,2,2
549711,549711,Salbhoye,Nashik,193,167,1000,717,98,314,2,12
549712,549712,Chikadi,Nashik,193,255,1185,542,126,682,1,14
549713,549713,Pilukpada,Nashik,193,257,1060,487,392,136,0,12
549714,549714,Rokadpada,Nashik,193,356,1348,699,420,446,5,10
549715,549715,Dangrale,Nashik,193,327,1747,644,961,71,7,2
549716,549716,Rahude,Nashik,193,278,1627,936,720,20,1,26
549717,549717,Sule,Nashik,193,116,387,245,261,2,0,3
549718,549718,Wangan Sule,Nashik,193,232,1157,668,248,23,0,3
549719,549719,Amdapalsan,Nashik,193,184,975,553,115,370,0,19
549720,549720,Awalpada,Nashik,193,109,517,235,151,132,0,2
549721,549721,Bendwal,Nashik,193,75,288,163,169,10,2,4
549722,549722,Bhawada,Nashik,193,122,558,321,248,4,1,7
549723,549723,Rakshasbhuvan,Nashik,193,157,615,299,242,118,0,12
549724,549724,Karanjul,Nashik,193,176,667,294,239,171,0,1
549725,549725,Amdabarhe,Nashik,193,132,641,305,398,7,0,7
549726,549726,Dudhawal,Nashik,193,131,504,275,181,3,0,4
549727,549727,Gahale,Nashik,193,205,1026,534,286,266,1,13
549728,549728,Kahandolsa,Nashik,193,122,791,494,309,10,2,4
549729,549729,Waghadi,Nashik,193,67,341,113,1,163,0,2
549730,549730,Kotamba,Nashik,193,44,251,155,29,34,73,6
549731,549731,Pimpalchond,Nashik,193,132,456,292,52,156,0,1
549732,549732,Vaghanakhi,Nashik,193,137,626,328,395,0,0,6
549733,549733,Mahismal,Nashik,193,63,338,168,73,15,0,1
549734,549734,Galwad,Nashik,193,127,561,336,21,297,0,4
549735,549735,Ronghane,Nashik,193,186,735,443,154,77,0,0
549736,549736,Nadagdari,Nashik,193,44,173,93,100,3,0,0
549737,549737,Wadpada,Nashik,193,99,456,309,118,158,0,5
549738,549738,Murumdari,Nashik,193,108,542,225,121,191,0,1
549739,549739,Sadudne,Nashik,193,178,624,362,59,298,1,12
549740,549740,Bhatvihir,Nashik,193,93,423,225,184,90,1,3
549741,549741,Mankhed,Nashik,193,473,2385,1489,319,683,1,60
549742,549742,Jambhulpada,Nashik,193,184,785,370,215,277,1,5
549743,549743,Bijurpada,Nashik,193,81,369,156,101,61,0,8
549744,549744,Sambarkhal,Nashik,193,266,1269,617,72,612,2,2
549745,549745,Gadga,Nashik,193,185,919,511,248,277,0,6
549746,549746,Hatti (B),Nashik,193,116,586,403,52,41,5,58
549747,549747,Gopalpur,Nashik,193,147,812,494,103,204,1,9
549748,549748,Gurtembhi,Nashik,193,163,846,444,110,95,0,8
549749,549749,Thangaon,Nashik,193,519,2390,1334,1020,305,3,80
549750,549750,Bedse,Nashik,193,215,1017,620,289,126,1,10
549751,549751,Ambode,Nashik,193,327,1481,715,308,110,2,35
549752,549752,Mandve,Nashik,193,77,412,247,168,0,0,1
549753,549753,Sarmal,Nashik,193,65,271,127,56,0,0,1
549754,549754,Undohal,Nashik,193,136,565,192,112,50,0,0
549755,549755,Khadki Digar,Nashik,193,108,474,279,284,17,0,4
549756,549756,Kelavan,Nashik,193,96,425,215,107,1,0,4
549757,549757,Bhenshet,Nashik,193,103,463,216,176,62,1,9
549758,549758,Khobale Digar,Nashik,193,177,888,273,256,278,0,6
549759,549759,Kahandolpada,Nashik,193,58,313,129,74,6,0,2
549760,549760,Bhati,Nashik,193,51,268,73,78,65,0,2
549761,549761,Khirdi,Nashik,193,310,1541,654,40,520,2,7
549762,549762,Khokarvihir,Nashik,193,210,1076,538,255,381,2,13
549763,549763,Zagadpada,Nashik,193,97,450,215,95,0,0,3
549764,549764,Ambupada,Nashik,193,129,986,720,120,20,0,2
549765,549765,Kotambi,Nashik,193,165,714,348,45,27,1,12
549766,549766,Modhalpada,Nashik,193,185,850,283,185,280,14,4
549767,549767,Khirman,Nashik,193,100,446,243,89,111,0,3
549768,549768,Kalmane,Nashik,193,158,688,370,215,186,2,8
549769,549769,Barhe,Nashik,193,185,865,527,193,97,0,44
549770,549770,Alivdand,Nashik,193,46,188,118,23,25,0,3
549771,549771,Bhegu,Nashik,193,252,1380,885,340,245,0,28
549772,549772,Sayalpada,Nashik,193,120,478,276,125,108,0,6
549773,549773,Wanganpada,Nashik,193,103,391,176,128,42,0,5
549774,549774,Haste,Nashik,193,177,770,312,182,171,0,12
549775,549775,Ambepada,Nashik,193,134,916,637,26,113,0,17
549776,549776,Jahule,Nashik,193,194,786,487,189,170,1,11
549777,549777,Suktale,Nashik,193,124,481,330,207,74,1,4
549778,549778,Tapupada,Nashik,193,83,288,175,60,120,0,5
549779,549779,Hemadpada,Nashik,193,135,540,296,161,117,0,1
549780,549780,Masteman,Nashik,193,142,586,305,252,145,0,2
549781,549781,Mangdhe,Nashik,193,227,1039,547,159,593,1,2
549782,549782,Warambhe,Nashik,193,283,1022,533,374,150,0,12
549784,549784,Punad Nagar,Nashik,194,614,2785,485,797,469,12,33
549785,549785,Kharde Digar,Nashik,194,459,2526,1142,594,593,6,21
549786,549786,Umbardhe,Nashik,194,41,144,54,30,58,0,2
549787,549787,Supale Digar,Nashik,194,239,1250,303,309,411,2,15
549788,549788,Kathare Digar,Nashik,194,246,1074,631,384,250,1,29
549789,549789,Pratap Nagar,Nashik,194,286,1623,730,676,19,2,26
549790,549790,Koswan,Nashik,194,381,1973,766,831,282,9,25
549791,549791,Khadaki,Nashik,194,208,952,413,329,123,0,21
549792,549792,Jaidar,Nashik,194,257,1167,512,176,308,8,94
549793,549793,Sule,Nashik,194,201,1432,817,287,299,4,28
549794,549794,Lakhani,Nashik,194,201,855,347,200,274,9,8
549795,549795,Punegaon,Nashik,194,182,886,419,423,105,1,13
549796,549796,Virshet,Nashik,194,247,1060,305,608,119,0,7
549797,549797,Chaphapada,Nashik,194,119,560,207,183,84,0,2
549798,549798,Dhanoli,Nashik,194,169,934,334,186,416,0,5
549799,549799,Babkhede,Nashik,194,137,637,280,101,246,1,5
549800,549800,Kumsadi,Nashik,194,148,773,216,232,206,0,7
549801,549801,Bhandane (Hatgad),Nashik,194,147,598,308,272,97,1,10
549802,549802,Ambapur,Nashik,194,144,661,320,397,34,0,4
549803,549803,Verule,Nashik,194,139,649,298,218,219,1,3
549804,549804,Karmale,Nashik,194,134,844,418,347,132,2,11
549805,549805,Shiv-Bhandane,Nashik,194,86,455,307,264,5,3,7
549806,549806,Jamle pale,Nashik,194,93,381,164,137,39,2,7
549807,549807,Balapur,Nashik,194,92,462,229,137,150,1,5
549808,549808,Gopalkhadi,Nashik,194,164,957,734,279,88,0,23
549809,549809,Hingave,Nashik,194,206,1137,676,344,258,2,26
549810,549810,Dhekale,Nashik,194,186,910,454,374,127,1,21
549811,549811,Belbare,Nashik,194,75,397,247,54,141,0,9
549812,549812,Gangapur,Nashik,194,99,481,308,219,43,0,4
549813,549813,Kanashi,Nashik,194,851,4855,3605,404,844,40,492
549814,549814,Golakhal,Nashik,194,456,2566,1204,1118,416,0,13
549815,549815,Warkhede,Nashik,194,188,1028,578,313,216,1,17
549816,549816,Karambhel Kanashi,Nashik,194,176,1047,619,483,106,4,20
549817,549817,Khadakwan,Nashik,194,166,891,472,210,265,3,4
549818,549818,Karambhel Hatgad,Nashik,194,82,421,208,229,40,0,3
549819,549819,Shingashi,Nashik,194,289,1486,779,529,317,1,26
549820,549820,Bhakurde,Nashik,194,115,681,282,185,175,2,9
549821,549821,Kosurde,Nashik,194,113,677,411,323,53,0,6
549822,549822,Dalwat,Nashik,194,380,2264,1603,290,535,9,96
549823,549823,Jamle (Hatgad),Nashik,194,82,476,249,75,173,0,6
549824,549824,Daregaon Hatgad,Nashik,194,108,494,268,261,44,1,5
549825,549825,Jirwade (Hatgad),Nashik,194,115,967,800,146,143,4,26
549826,549826,Shepupada,Nashik,194,110,606,286,361,7,2,7
549827,549827,Shrungarwadi,Nashik,194,92,499,259,88,191,0,3
549828,549828,Tatani,Nashik,194,168,830,392,156,258,2,20
549829,549829,Malagaon Bk.,Nashik,194,161,862,374,159,320,0,9
549830,549830,Sidharthanagar,Nashik,194,92,477,202,153,94,0,6
549831,549831,Bhutane,Nashik,194,111,718,338,259,144,0,4
549832,549832,Sheri Digar,Nashik,194,88,464,216,278,11,0,5
549833,549833,Pimple Bk.,Nashik,194,303,1831,991,428,425,5,32
549834,549834,Savarpada,Nashik,194,151,1058,499,350,215,0,3
549835,549835,Dahyane Digar,Nashik,194,199,1065,437,545,149,0,19
549836,549836,Malagaon Kh.,Nashik,194,178,1044,536,453,178,2,37
549837,549837,Hundyamokh,Nashik,194,169,891,427,346,80,3,9
549838,549838,Ganore,Nashik,194,390,2627,1622,737,405,5,42
549839,549839,Dhaner Digar,Nashik,194,179,1243,663,535,78,3,30
549840,549840,Dare Bhanagi,Nashik,194,293,1556,967,607,252,0,16
549841,549841,Bijore,Nashik,194,304,1645,1025,356,592,4,22
549842,549842,Visapur,Nashik,194,332,2037,1349,467,461,7,42
549843,549843,Chacher,Nashik,194,187,1067,575,288,309,1,21
549844,549844,Bhadvan,Nashik,194,158,861,636,306,191,4,10
549845,549845,Gangavan,Nashik,194,131,659,331,327,3,0,3
549846,549846,Kakane,Nashik,194,241,1231,787,349,242,0,53
549847,549847,Mokbhanagi,Nashik,194,560,2737,1827,762,563,9,108
549848,549848,Desrane,Nashik,194,389,1977,1092,547,609,7,60
549849,549849,Nalid,Nashik,194,239,1140,535,300,448,0,2
549850,549850,Bhandane {Pimpale},Nashik,194,183,1025,553,339,248,2,9
549851,549851,Padgan,Nashik,194,138,767,408,311,195,0,4
549852,549852,Dharde Digar,Nashik,194,126,679,326,365,96,0,5
549853,549853,Pimple Kh.,Nashik,194,120,619,344,393,51,1,8
549854,549854,Mohobari,Nashik,194,136,643,319,124,302,0,3
549855,549855,Inshi,Nashik,194,255,1315,693,262,603,10,12
549856,549856,Ravalji,Nashik,194,497,2561,1539,565,788,2,53
549857,549857,Khedgaon,Nashik,194,211,1005,588,136,278,2,25
549858,549858,Patvihir,Nashik,194,274,1506,929,419,319,0,53
549859,549859,Nakode,Nashik,194,311,1426,941,389,356,4,45
549860,549860,Eklahare,Nashik,194,290,1384,645,306,241,9,228
549861,549861,Lingame,Nashik,194,276,1125,574,460,149,0,4
549862,549862,Amdar,Nashik,194,177,689,308,244,144,0,12
549863,549863,Wadale(Hatgad),Nashik,194,113,645,352,267,93,1,7
549864,549864,Bendipada,Nashik,194,252,1204,539,631,112,3,19
549865,549865,Desgaon,Nashik,194,152,1039,585,278,123,0,22
549866,549866,Sarale Digar,Nashik,194,228,1012,432,487,219,0,14
549867,549867,Chankapur,Nashik,194,308,2015,1305,320,242,5,64
549868,549868,Jaipur,Nashik,194,174,695,282,216,217,0,14
549869,549869,Gosrane,Nashik,194,180,948,465,192,341,0,9
549870,549870,Barde,Nashik,194,136,628,372,130,113,2,7
549871,549871,Asoli,Nashik,194,42,212,117,57,72,0,3
549872,549872,Wadi Bk.,Nashik,194,312,1430,746,511,340,1,98
549873,549873,Pale Kh.,Nashik,194,489,2363,1462,668,610,20,53
549874,549874,Pale Bk.,Nashik,194,467,2211,1143,344,772,14,138
549875,549875,Kalamthe,Nashik,194,128,636,329,184,213,0,5
549876,549876,Vithewadipale,Nashik,194,86,439,260,171,0,1,7
549877,549877,Dahyanepale,Nashik,194,82,498,304,113,141,0,17
549878,549878,Abhona,Nashik,194,1268,5863,4541,166,548,67,1156
549879,549879,Bhagurdi,Nashik,194,184,926,500,210,209,0,18
549880,549880,Mohamukh,Nashik,194,169,902,508,350,150,0,8
549881,549881,Tirhal Kh.,Nashik,194,202,765,368,487,21,0,10
549882,549882,Tirhal Bk.,Nashik,194,106,550,231,246,86,0,10
549883,549883,Devali  Karhad,Nashik,194,249,1327,617,404,357,0,14
549884,549884,Khirad,Nashik,194,221,1393,891,455,109,2,26
549885,549885,Sukapur Hatgad,Nashik,194,154,835,400,452,42,0,6
549886,549886,Wadpada,Nashik,194,157,879,415,413,78,0,5
549887,549887,Palasdar,Nashik,194,139,923,460,350,186,3,13
549888,549888,Mohpada,Nashik,194,180,796,355,421,18,1,11
549889,549889,Bordaivat,Nashik,194,254,1378,724,801,54,4,20
549890,549890,Ambika Ozar,Nashik,194,144,608,334,326,21,1,31
549891,549891,Ozar,Nashik,194,126,588,377,92,87,1,4
549892,549892,Amburdi Kh.,Nashik,194,59,234,145,20,40,0,2
549893,549893,Amburdi Bk.,Nashik,194,82,427,220,244,33,0,9
549894,549894,Dattanagar,Nashik,194,100,642,377,294,24,0,5
549895,549895,Vanjari,Nashik,194,110,598,386,325,40,0,2
549896,549896,Savakipale,Nashik,194,118,644,355,211,156,0,4
549897,549897,Kundane {Kanashi},Nashik,194,160,980,494,323,236,0,25
549898,549898,Jamshet,Nashik,194,141,667,356,203,226,1,5
549899,549899,Chinchore,Nashik,194,133,679,320,127,242,0,4
549900,549900,Devaliwani,Nashik,194,285,1543,783,559,350,1,19
549901,549901,Jamale(Wani),Nashik,194,354,1993,1047,868,263,5,29
549902,549902,Bilwadi,Nashik,194,245,1401,610,611,247,2,12
549903,549903,Mohandari,Nashik,194,237,1572,832,513,156,9,33
549904,549904,Nanduri,Nashik,194,330,1591,834,434,152,42,86
549905,549905,Daregaonwani,Nashik,194,188,831,416,314,79,0,6
549906,549906,Saptashrungagad,Nashik,194,506,2604,1845,38,139,29,858
549907,549907,Katalgaon,Nashik,194,142,782,375,390,63,0,24
549908,549908,Gobapur,Nashik,194,232,1111,458,484,180,5,49
549909,549909,Athambe,Nashik,194,258,1651,989,524,206,4,69
549910,549910,Sakore,Nashik,194,179,887,525,164,286,1,29
549911,549911,Sakorepada,Nashik,194,174,913,415,452,112,0,12
549912,549912,Jirwade Otur,Nashik,194,104,475,254,70,185,2,18
549913,549913,Kalwan Kh,Nashik,194,413,2157,1405,708,474,5,44
549914,549914,Manur,Nashik,194,857,5448,4111,482,750,35,567
549915,549915,Kalwan Bk.,Nashik,194,4390,20541,15305,896,1963,380,4157
549916,549916,Navi Bej,Nashik,194,686,3352,2135,611,858,41,233
549917,549917,Bej,Nashik,194,421,1978,1362,215,648,2,115
549918,549918,Bhendi,Nashik,194,492,2457,1655,853,429,3,141
549919,549919,Niwane,Nashik,194,896,4772,3421,1646,605,29,208
549920,549920,Dahyane (Otur),Nashik,194,189,997,652,332,216,11,46
549921,549921,Bhusani,Nashik,194,224,1155,721,396,278,7,14
549922,549922,Shirasamani,Nashik,194,503,2379,1494,591,707,4,87
549923,549923,Sadadvihir,Nashik,194,86,427,182,87,120,0,1
549924,549924,Pimpripale,Nashik,194,187,988,533,428,102,2,14
549925,549925,Pimpri Markanda,Nashik,194,151,832,359,113,169,0,4
549926,549926,Kanherwadi,Nashik,194,74,485,270,198,54,0,3
549927,549927,Kurdane (Otur),Nashik,194,370,1706,1065,648,364,6,41
549928,549928,Otur,Nashik,194,535,2744,1611,358,705,8,97
549929,549929,Narul,Nashik,194,380,2692,1798,740,183,10,68
549930,549930,Mulane(wani),Nashik,194,238,1301,549,574,155,1,22
549931,549931,Wadale[Wani],Nashik,194,155,910,415,379,224,0,14
549932,549932,Mehadar,Nashik,194,129,794,444,340,108,0,54
549933,549933,Machidhodap,Nashik,194,13,76,35,0,0,2,0
549934,549934,Pilakos,Nashik,194,536,2687,1678,966,465,7,149
549935,549935,Bagadu,Nashik,194,268,1266,853,512,278,4,15
549936,549936,Bhaur,Nashik,195,811,4262,2959,1334,845,46,144
549937,549937,Khamkhede,Nashik,195,570,2803,2041,881,547,36,107
549938,549938,Savaki [Lohoner],Nashik,195,592,3176,2124,647,810,9,108
549939,549939,Vithewadi,Nashik,195,447,2877,2131,476,374,11,95
549940,549940,Zirepimple,Nashik,195,266,1342,978,696,108,2,30
549941,549941,Satwaichiwadi,Nashik,195,433,2247,1618,683,420,46,126
549942,549942,Malwadi,Nashik,195,339,1542,1047,170,274,8,184
549943,549943,Fulemalwadi,Nashik,195,336,1638,1176,538,295,0,47
549944,549944,Lohoner,Nashik,195,1727,8195,5796,1205,1768,247,682
549945,549945,Khalap,Nashik,195,826,4016,2919,1590,552,6,75
549946,549946,Vasol,Nashik,195,555,2801,1907,552,511,7,68
549947,549947,Phule Nagar,Nashik,195,246,1086,704,273,193,1,22
549948,549948,Deopurpada,Nashik,195,424,2236,1553,601,476,100,57
549949,549949,Mahalpatane,Nashik,195,794,3783,2621,1020,790,14,76
549950,549950,Nimbole,Nashik,195,686,3559,2320,879,766,150,221
549951,549951,Dongargaon,Nashik,195,602,2887,2089,1081,313,3,35
549952,549952,Meshi,Nashik,195,1195,5673,3965,1830,718,20,217
549953,549953,Dahiwad,Nashik,195,978,5160,3754,1235,812,28,329
549954,549954,Mahatma Fule Nagar,Nashik,195,542,2775,1902,951,448,4,48
549955,549955,Umarane,Nashik,195,2054,10646,7604,2145,1916,69,759
549956,549956,Tisgaon,Nashik,195,639,3036,2184,941,472,5,75
549957,549957,Varhale,Nashik,195,234,1036,702,469,105,1,26
549958,549958,Sangavi,Nashik,195,308,1554,988,531,276,4,25
549959,549959,Chinchave (Nimbait),Nashik,195,556,2960,2021,590,638,24,60
549960,549960,Ramnagar,Nashik,195,393,2023,1376,894,217,3,54
549961,549961,Kumbharde,Nashik,195,421,2171,1581,950,165,12,33
549962,549962,Giranare,Nashik,195,582,2993,2083,846,417,28,95
549963,549963,Warwandi,Nashik,195,325,1732,1199,706,299,35,19
549964,549964,Matane,Nashik,195,369,1926,1468,330,314,7,145
549965,549965,Deola,Nashik,195,2486,12049,9714,1232,1076,234,2168
549966,549966,Vijaynagar,Nashik,195,128,636,460,256,53,15,18
549967,549967,Khuntewadi,Nashik,195,484,2117,1487,640,358,27,57
549968,549968,Khadaktale,Nashik,195,277,1359,965,469,294,8,16
549969,549969,Pimpalgaon,Nashik,195,875,4012,2814,1010,971,13,206
549970,549970,Shrirampur,Nashik,195,404,1878,1362,843,158,11,58
549971,549971,Gunjalnagar,Nashik,195,790,3655,2744,390,518,14,531
549972,549972,Rameshwar,Nashik,195,545,2984,2168,747,496,7,136
549973,549973,Wajgaon,Nashik,195,640,3369,2313,631,477,7,431
549974,549974,Kharde (Wakhari),Nashik,195,1069,5300,3632,1675,781,76,166
549975,549975,Warshi,Nashik,195,212,1084,625,355,204,6,50
549976,549976,Hanmantpada,Nashik,195,139,730,369,157,257,1,12
549977,549977,Sheri(Lohoner),Nashik,195,233,1400,1080,432,175,0,35
549978,549978,Kankapur,Nashik,195,276,1410,1082,366,155,5,32
549979,549979,Kanchane,Nashik,195,87,408,259,53,173,11,3
549980,549980,Wadali Wakhari,Nashik,195,128,727,496,221,177,1,21
549981,549981,Bhavade,Nashik,195,111,615,418,262,98,0,5
549982,549982,Subhashnagar,Nashik,195,342,1661,1146,580,285,7,50
549983,549983,Wakhari,Nashik,195,1000,5172,3504,1670,846,69,157
549984,549984,Bhilwad,Nashik,195,102,502,263,118,176,0,8
549985,549985,Kapashi,Nashik,195,287,1319,857,403,171,9,18
549986,549986,Golwad,Nashik,196,333,2094,934,746,381,26,29
549987,549987,Mahatma Phule Nagar,Nashik,196,196,1024,557,235,304,19,10
549988,549988,Bhimnagar,Nashik,196,122,822,304,38,377,7,6
549989,549989,Mohalangi,Nashik,196,313,1948,1489,470,423,10,24
549990,549990,Borhate,Nashik,196,169,869,343,327,232,3,10
549991,549991,Mailwade,Nashik,196,169,1128,495,260,306,1,12
549992,549992,Ganeshnagar,Nashik,196,201,1179,706,654,10,0,64
549993,549993,Deothan-Digar,Nashik,196,201,1150,560,130,409,6,16
549994,549994,Kondharabad,Nashik,196,4,11,7,0,8,0,0
549995,549995,Shevare,Nashik,196,264,1460,749,396,487,4,41
549996,549996,Kathagad,Nashik,196,253,1317,741,159,463,4,75
549997,549997,Taharabad,Nashik,196,1466,7587,5261,627,1889,125,586
549998,549998,Raver,Nashik,196,135,750,317,14,380,1,0
549999,549999,Antapur,Nashik,196,1172,6276,4285,1181,1662,141,282
550000,550000,Morane-Digar,Nashik,196,14,89,71,22,4,6,20
550001,550001,Mulher,Nashik,196,704,3959,2845,382,857,99,338
550002,550002,Jamoti,Nashik,196,220,1282,469,60,661,0,9
550003,550003,Dagadpada (N.V.),Nashik,196,169,1054,597,93,509,1,1
550004,550004,Vade Digar,Nashik,196,135,1049,675,91,260,0,20
550005,550005,Visapur,Nashik,196,0,0,0,0,0,0,0
550006,550006,Ambapur,Nashik,196,2,15,9,0,7,0,0
550007,550007,Jaitapur,Nashik,196,208,1350,547,484,189,0,7
550008,550008,Hatnoor,Nashik,196,90,461,253,23,250,1,0
550009,550009,Jad,Nashik,196,233,1600,876,414,265,3,38
550010,550010,Gautamnagar,Nashik,196,165,1038,369,292,396,0,3
550011,550011,Aliyabad,Nashik,196,527,3279,2132,1129,352,6,56
550012,550012,Kharad,Nashik,196,128,943,308,230,380,0,4
550013,550013,Ajande,Nashik,196,80,531,325,224,47,10,5
550014,550014,Bordaiwat,Nashik,196,119,651,192,318,190,0,3
550015,550015,Kadyachamala,Nashik,196,273,1519,752,541,283,16,9
550016,550016,Babhulane,Nashik,196,168,958,513,143,283,2,7
550017,550017,Parshuramnagar,Nashik,196,110,662,387,323,21,0,3
550018,550018,Waghambe,Nashik,196,283,1891,1048,307,324,1,44
550019,550019,Bhimkhet,Nashik,196,299,1526,564,558,279,2,16
550020,550020,Salher,Nashik,196,570,3112,1595,889,352,11,91
550021,550021,Manur,Nashik,196,647,3819,1554,1149,429,57,88
550022,550022,Bhilwad,Nashik,196,423,2615,1571,395,392,1,75
550023,550023,Tungan Digar,Nashik,196,303,1469,883,518,288,7,14
550024,550024,Katarwel,Nashik,196,317,1543,887,429,510,2,45
550025,550025,Daswel,Nashik,196,370,1945,1457,575,470,15,58
550026,550026,Pimpalkothe,Nashik,196,480,2102,1512,684,392,15,56
550027,550027,Daregaon,Nashik,196,364,1719,1215,772,281,0,10
550028,550028,Nandin,Nashik,196,393,1920,1340,804,248,1,38
550029,550029,Jaipur,Nashik,196,188,928,555,254,254,38,9
550030,550030,Wadipisol,Nashik,196,241,1199,707,235,433,2,9
550031,550031,Tinghari,Nashik,196,144,782,501,82,380,0,2
550032,550032,Vade Kh.,Nashik,196,240,1225,641,222,334,1,40
550033,550033,Shripurvade,Nashik,196,363,1833,1368,716,284,20,41
550034,550034,Eklahare,Nashik,196,297,1538,866,381,499,1,21
550035,550035,Tandulwadi,Nashik,196,368,1814,1163,383,545,8,48
550036,550036,Bhadane,Nashik,196,208,992,617,262,256,16,26
550037,550037,Sompur,Nashik,196,624,3192,2090,405,837,49,195
550038,550038,Jaikheda,Nashik,196,1565,7662,5521,895,1677,107,556
550039,550039,Waghale,Nashik,196,411,2278,1552,550,438,12,42
550040,550040,Rajpurpande,Nashik,196,137,629,379,163,179,0,8
550041,550041,Deopur,Nashik,196,35,187,140,39,71,0,0
550042,550042,Anandpur,Nashik,196,274,1338,987,516,235,7,41
550043,550043,Ladud,Nashik,196,170,1336,985,328,217,4,13
550044,550044,Nitane,Nashik,196,587,2771,1916,502,573,27,78
550045,550045,Bijote,Nashik,196,366,1869,1353,687,267,22,20
550046,550046,Akhatwade,Nashik,196,463,2084,1506,701,507,8,17
550047,550047,Parner,Nashik,196,312,1669,1226,472,240,4,31
550048,550048,Bilpuri,Nashik,196,209,1016,753,271,282,5,6
550049,550049,Bodhari,Nashik,196,177,814,425,128,93,11,30
550050,550050,Chirai,Nashik,196,236,1109,731,341,139,1,41
550051,550051,Rahud,Nashik,196,172,748,504,384,93,4,9
550052,550052,Mahad,Nashik,196,204,930,644,274,141,5,0
550053,550053,Bahirane,Nashik,196,104,488,333,94,72,0,4
550054,550054,Varche Tembhe,Nashik,196,266,1267,856,353,292,5,20
550055,550055,Talwade Bhamer,Nashik,196,382,2213,1574,294,688,5,71
550056,550056,Utrane,Nashik,196,649,2839,1936,886,634,24,64
550057,550057,Tembhe,Nashik,196,328,1668,1138,443,447,8,24
550058,550058,Malgaon Bhamer,Nashik,196,226,1423,650,356,413,0,19
550059,550059,Ijamane,Nashik,196,196,964,585,248,298,0,13
550060,550060,Khamlon,Nashik,196,355,1661,1103,572,344,2,66
550061,550061,Dyane,Nashik,196,603,2715,2019,815,481,17,84
550062,550062,Bramhanpade,Nashik,196,437,2176,1578,524,550,13,24
550063,550063,Askheda,Nashik,196,746,3346,2324,729,661,53,152
550064,550064,Gorane,Nashik,196,340,1638,1181,657,235,12,18
550065,550065,Fopir,Nashik,196,187,1086,625,365,238,2,31
550066,550066,Nampur,Nashik,196,3543,16748,12005,1181,2331,439,2612
550067,550067,Bijorase,Nashik,196,372,1940,1269,534,393,7,54
550068,550068,Morane Sandas,Nashik,196,234,1100,670,206,368,14,18
550069,550069,Ambasan,Nashik,196,959,4411,3153,1320,1019,35,135
550070,550070,Kakadgaon,Nashik,196,192,882,654,161,198,0,25
550071,550071,Nalkas,Nashik,196,166,868,653,341,128,10,10
550072,550072,Ratir,Nashik,196,244,1295,784,427,213,4,101
550073,550073,Ramtir,Nashik,196,258,1188,904,539,64,5,20
550074,550074,Kupkhede,Nashik,196,288,1392,985,241,396,9,51
550075,550075,Khirmani,Nashik,196,395,1798,1285,311,630,24,55
550076,550076,Kotbel,Nashik,196,612,3369,2108,1083,497,53,61
550077,550077,Jakhod,Nashik,196,205,1218,597,192,494,9,24
550078,550078,Narkol,Nashik,196,85,433,257,17,221,0,6
550079,550079,Mungase,Nashik,196,235,1076,733,155,392,6,19
550080,550080,Vijaynagar,Nashik,196,93,522,308,203,111,1,6
550081,550081,Pingalwade,Nashik,196,601,2982,2097,1089,515,14,66
550082,550082,Karanjad,Nashik,196,499,2582,1707,667,462,24,134
550083,550083,Bhuyane,Nashik,196,177,979,615,265,220,1,6
550084,550084,Dholbare,Nashik,196,174,1285,407,297,63,0,417
550085,550085,Dasane,Nashik,196,212,1164,725,357,419,2,8
550086,550086,Kersane,Nashik,196,447,2230,1423,683,556,11,49
550087,550087,Virgaon,Nashik,196,953,4940,3699,945,744,145,250
550088,550088,Avhati,Nashik,196,258,1392,923,499,320,1,16
550089,550089,Vanoli,Nashik,196,463,2239,1592,559,499,33,37
550090,550090,Dongrej,Nashik,196,342,1460,1033,557,325,1,9
550091,550091,Vatar,Nashik,196,527,2579,1891,634,500,32,89
550092,550092,Chaundhane,Nashik,196,605,3021,2023,576,881,20,45
550093,550093,Tarsali,Nashik,196,320,1568,1051,490,397,11,33
550094,550094,Kautikpada,Nashik,196,410,2095,1554,904,240,5,39
550095,550095,Mulane,Nashik,196,380,1850,1204,648,102,5,182
550096,550096,Aundane,Nashik,196,554,2680,1668,419,566,10,160
550097,550097,Bhakshi,Nashik,196,959,4497,3393,548,421,51,799
550098,550098,Vathode,Nashik,196,95,473,96,245,12,4,1
550099,550099,Gandhinagar,Nashik,196,116,557,204,314,115,1,1
550100,550100,Kerovanagar,Nashik,196,65,330,150,138,30,0,14
550101,550101,Salwan,Nashik,196,134,844,277,16,373,1,4
550102,550102,Kopmal,Nashik,196,103,593,126,4,333,0,8
550103,550103,Pisore,Nashik,196,88,546,88,132,161,0,1
550104,550104,Bhawade,Nashik,196,89,592,155,329,48,2,2
550105,550105,Malgaon Kh.,Nashik,196,79,396,184,179,64,1,10
550106,550106,Talwade Digar,Nashik,196,538,2827,2013,639,644,37,76
550107,550107,Pathave Digar,Nashik,196,453,2757,1480,872,521,8,35
550108,550108,Sarpargaon,Nashik,196,115,567,328,136,263,2,8
550109,550109,Kelzar,Nashik,196,255,1276,453,644,209,3,13
550110,550110,Tatani,Nashik,196,200,1394,832,397,171,5,24
550111,550111,Bhavnagar,Nashik,196,180,796,474,398,7,0,7
550112,550112,Sakode,Nashik,196,295,1476,748,732,254,4,20
550113,550113,Morkure,Nashik,196,143,625,409,191,142,1,21
550114,550114,Bhildar,Nashik,196,193,1030,741,499,64,1,13
550115,550115,Kikwari Kh.,Nashik,196,331,1578,1118,351,260,24,53
550116,550116,Kikwari Bk.,Nashik,196,185,863,526,223,180,0,46
550117,550117,Vinchure,Nashik,196,244,1140,816,236,190,4,31
550118,550118,Joran,Nashik,196,448,2245,1445,593,316,7,83
550119,550119,Deopur,Nashik,196,209,1139,750,325,14,0,22
550120,550120,Kapaleshwar,Nashik,196,175,1370,1097,241,26,0,47
550121,550121,Karanjkhed,Nashik,196,207,926,558,200,311,18,3
550122,550122,Bundhate,Nashik,196,538,2836,1638,522,807,20,76
550123,550123,Dangsaundane,Nashik,196,678,3325,2492,796,609,58,264
550124,550124,Dahindule,Nashik,196,269,1868,1281,257,151,0,72
550125,550125,Nikwel,Nashik,196,308,1556,946,251,381,6,44
550126,550126,Kandhane,Nashik,196,576,2911,2060,631,411,48,136
550127,550127,Nave Nirpur,Nashik,196,270,1379,954,397,343,0,42
550128,550128,Nirpur,Nashik,196,308,1411,1003,351,362,8,54
550129,550129,Tilwan,Nashik,196,272,1319,882,305,183,17,40
550130,550130,Sarwar,Nashik,196,102,585,426,146,205,2,8
550131,550131,Wadi Chaulher,Nashik,196,112,585,350,65,261,0,6
550132,550132,Dodheshwar,Nashik,196,318,2371,1483,892,183,2,62
550133,550133,Karhe,Nashik,196,338,1720,1103,397,365,4,52
550134,550134,Chaugaon,Nashik,196,769,4122,2898,1368,441,15,171
550135,550135,Arai,Nashik,196,1277,6166,4156,886,1286,29,198
550136,550136,Malegaon Tilwan,Nashik,196,251,1223,875,89,238,24,104
550137,550137,Munjwad,Nashik,196,1136,5244,3918,842,1248,71,465
550138,550138,Khamtane,Nashik,196,395,2021,1361,462,375,13,87
550139,550139,Navegaon,Nashik,196,182,838,546,270,237,2,14
550140,550140,Pimpaldar,Nashik,196,301,1536,968,537,334,15,45
550141,550141,More Nagar,Nashik,196,435,2132,1602,319,417,7,239
550142,550142,Darhane,Nashik,196,287,1522,1011,365,261,14,53
550143,550143,Indiranagar,Nashik,196,269,1344,914,113,275,7,108
550144,550144,Thengode,Nashik,196,1523,7660,5265,1828,1398,102,396
550145,550145,Navi Shemali,Nashik,196,300,1460,835,175,455,0,27
550146,550146,Sarade,Nashik,196,459,2340,1641,630,200,4,86
550147,550147,Vaygaon,Nashik,196,463,2270,1640,721,339,0,75
550148,550148,Surane,Nashik,196,334,1510,1010,407,342,1,19
550149,550149,Deolane,Nashik,196,565,3001,2007,739,621,136,73
550150,550150,Ajmir Saundane,Nashik,196,1180,5749,3661,982,1100,20,186
550151,550151,Shemali,Nashik,196,509,2465,1670,483,490,25,92
550152,550152,Bramhangaon,Nashik,196,1778,9012,6058,1688,2040,59,409
550153,550153,Yashawantnagar,Nashik,196,546,3101,2160,694,475,16,47
550154,550154,Dhandri,Nashik,196,628,3214,2304,689,399,6,70
550155,550155,Lakhamapur,Nashik,196,1592,7672,5175,1315,1783,84,466
550156,550156,Kajwade,Nashik,197,491,2406,1275,644,569,15,144
550157,550157,Rampura,Nashik,197,133,831,303,346,117,4,2
550158,550158,Chinchave(Galane),Nashik,197,487,2396,1609,756,571,3,45
550159,550159,Nagzari,Nashik,197,129,767,395,49,442,30,104
550160,550160,Galne,Nashik,197,439,2636,1548,364,618,10,82
550161,550161,Lulle,Nashik,197,293,1492,845,218,291,2,18
550162,550162,Virane,Nashik,197,416,2117,1282,456,344,12,73
550163,550163,Pohane,Nashik,197,463,2404,1367,796,605,5,35
550164,550164,Garegaon,Nashik,197,211,1068,751,493,154,8,14
550165,550165,Valwade,Nashik,197,489,2551,1382,323,792,17,101
550166,550166,Valwadi,Nashik,197,295,1455,966,442,273,1,19
550167,550167,Nimshevadi,Nashik,197,194,1043,620,346,142,4,44
550168,550168,Garbad,Nashik,197,149,853,534,278,199,0,15
550169,550169,Tipe,Nashik,197,154,843,314,344,116,0,7
550170,550170,Mordar,Nashik,197,150,954,423,73,517,0,6
550171,550171,Khakurdi,Nashik,197,737,3797,2356,701,760,20,181
550172,550172,Vadner,Nashik,197,560,3056,1973,406,687,53,188
550173,550173,Kothare Kh.,Nashik,197,233,1241,786,262,214,2,14
550174,550174,Kothare Bk.,Nashik,197,226,1076,670,204,177,5,5
550175,550175,Sawatawadi,Nashik,197,413,2138,1202,237,671,22,94
550176,550176,Satmane,Nashik,197,380,1939,1180,477,462,24,62
550177,550177,Dongrale,Nashik,197,549,2743,1797,470,625,20,137
550178,550178,Bharadenagar,Nashik,197,200,1073,635,215,448,1,30
550179,550179,Ghanegaon,Nashik,197,303,1599,999,329,360,8,35
550180,550180,Kaulane (Galane),Nashik,197,351,1903,1122,389,208,17,43
550181,550181,Vanpat,Nashik,197,361,1762,1146,839,228,5,37
550182,550182,Tingri,Nashik,197,376,1867,1135,258,461,141,105
550183,550183,Dahidi,Nashik,197,471,2354,1371,486,291,14,127
550184,550184,Kankrale,Nashik,197,495,2768,1555,880,584,10,60
550185,550185,Vadel,Nashik,197,1379,6821,4573,1016,1708,75,465
550186,550186,Kukane,Nashik,197,642,3265,2195,576,864,14,96
550187,550187,Karanj Gavhan,Nashik,197,1014,5026,3287,1497,717,27,353
550188,550188,Hatane,Nashik,197,475,2413,1520,724,218,35,163
550189,550189,Khadaki,Nashik,197,485,2478,1653,733,506,15,82
550190,550190,Lendane,Nashik,197,404,2107,1476,587,345,13,27
550191,550191,Dabli,Nashik,197,430,2674,1897,568,464,2,57
550192,550192,Vajirkhede,Nashik,197,705,3441,2497,913,723,7,141
550193,550193,Vadgaon,Nashik,197,909,4596,3172,712,861,27,490
550194,550194,Dasane,Nashik,197,394,1898,1348,438,635,7,48
550195,550195,Lonwade,Nashik,197,292,1505,1003,319,502,4,38
550196,550196,Rajmane,Nashik,197,390,2241,1183,970,342,4,13
550197,550197,Lakhani,Nashik,197,143,728,483,206,201,11,11
550198,550198,Astane,Nashik,197,610,3083,1916,894,522,5,170
550199,550199,Tokade,Nashik,197,464,2315,1625,343,374,13,72
550200,550200,Mohapada,Nashik,197,107,675,254,154,83,0,12
550201,550201,Jalku,Nashik,197,376,1994,926,368,496,5,260
550202,550202,Kandhane,Nashik,197,324,1519,1044,285,256,15,28
550203,550203,Zodge,Nashik,197,1528,7442,5280,800,1184,63,995
550204,550204,Gugulwad,Nashik,197,290,1448,846,493,309,4,24
550205,550205,Palasdare,Nashik,197,349,2027,1295,616,290,7,17
550206,550206,Bhilkot,Nashik,197,337,1533,985,573,191,6,25
550207,550207,Devarpada,Nashik,197,606,2855,1962,542,894,13,88
550208,550208,Manke,Nashik,197,202,984,596,192,388,2,10
550209,550209,Dahikute,Nashik,197,103,506,368,213,62,2,7
550210,550210,Sayane Kh,Nashik,197,201,964,684,304,170,4,12
550211,550211,Chikhalohal,Nashik,197,768,3637,2503,580,915,22,174
550212,550212,Nale,Nashik,197,124,575,416,186,128,0,5
550213,550213,Sajvahal,Nashik,197,410,2002,1240,467,563,7,54
550214,550214,Shendurni,Nashik,197,237,1146,751,358,181,5,39
550215,550215,Sayane Bk,Nashik,197,701,3541,2363,531,958,58,264
550216,550216,Savandgaon,Nashik,197,607,3275,1852,506,1219,8,48
550217,550217,Dundhe,Nashik,197,498,2064,1479,632,408,0,28
550218,550218,Ravalgaon,Nashik,197,1890,9212,6549,375,1753,44,829
550219,550219,Ajang,Nashik,197,1375,6824,4545,841,1991,88,333
550220,550220,Kashti,Nashik,197,483,2690,1721,236,753,13,117
550221,550221,Nilgavhan,Nashik,197,347,1891,1136,163,609,4,114
550222,550222,Pimpalgaon,Nashik,197,782,3975,2702,574,1077,1,110
550223,550223,Jalgaon (Galane),Nashik,197,776,3725,2402,674,829,13,83
550224,550224,Belgaon,Nashik,197,362,1740,1214,343,332,0,22
550225,550225,Talwade,Nashik,197,1482,7249,4920,1987,1547,33,181
550226,550226,Pandharun,Nashik,197,335,2349,1611,461,583,9,138
550227,550227,Dhavali Vihir,Nashik,197,790,3933,2459,730,1141,24,162
550228,550228,Ganeshnagar  (Mitranagar) (N.V.),Nashik,197,124,602,477,35,371,0,1
550229,550229,Aghar Bk,Nashik,197,1015,4463,2848,974,1362,20,174
550230,550230,Dabhadi,Nashik,197,3668,17832,12584,1882,4148,137,1447
550231,550231,Tehare,Nashik,197,1142,5479,3876,812,706,39,448
550232,550232,Mungase,Nashik,197,902,4458,3169,1827,448,61,241
550233,550233,Chinchavad,Nashik,197,944,4631,3264,1895,640,60,82
550234,550234,Aghar Kh,Nashik,197,651,3267,2231,1020,659,27,170
550235,550235,Patane,Nashik,197,1331,6109,4353,1137,1701,28,258
550236,550236,Vake,Nashik,197,497,2467,1787,1007,343,1,73
550237,550237,Nandgaon Kh.,Nashik,197,111,530,370,190,41,0,5
550238,550238,Nandgaon,Nashik,197,984,4750,3225,1321,912,14,125
550239,550239,Saundane,Nashik,197,1510,7603,5746,1438,1298,233,668
550240,550240,Kaulane (N),Nashik,197,616,3004,2144,559,806,25,232
550241,550241,Nagaon (D),Nashik,197,474,2301,1560,546,266,35,228
550242,550242,Jwardi Bk.,Nashik,197,247,1174,887,291,148,5,35
550243,550243,Mehune,Nashik,197,677,3276,2392,1119,308,33,104
550244,550244,Varhane,Nashik,197,430,2285,1507,521,387,8,310
550245,550245,Varhanepada,Nashik,197,136,630,454,143,30,3,45
550246,550246,Sonaj,Nashik,197,877,4169,3058,986,706,19,147
550247,550247,Takali,Nashik,197,939,4529,3233,1118,842,15,157
550248,550248,Shirsondi,Nashik,197,399,1807,1265,626,223,13,61
550249,550249,Manjare,Nashik,197,412,1820,1265,757,188,0,28
550250,550250,Ghodegaon,Nashik,197,265,1465,858,181,562,0,33
550251,550251,Ghodegaonchoki,Nashik,197,141,682,462,149,14,3,20
550252,550252,Jalgaon (Nimbait),Nashik,197,786,4444,2991,1585,335,13,247
550253,550253,Kalewadi,Nashik,197,195,1087,720,507,76,4,12
550254,550254,Savkarwadi,Nashik,197,610,2811,1961,1272,207,37,74
550255,550255,Zadi,Nashik,197,777,3989,2560,1627,485,7,87
550256,550256,Erandgaon,Nashik,197,437,2158,1527,651,543,4,35
550257,550257,Chondhi,Nashik,197,344,1867,1301,594,407,5,13
550258,550258,Chandanpuri,Nashik,197,1289,6623,4218,656,1772,124,661
550259,550259,Yesgaon Bk,Nashik,197,742,3699,2427,648,819,54,176
550260,550260,Yesgaon Kh,Nashik,197,534,2430,1615,661,496,39,33
550261,550261,Bhuigavhan,Nashik,197,135,675,296,58,275,3,6
550262,550262,Ajande,Nashik,197,236,1227,842,544,161,37,15
550263,550263,Ajande Kh.,Nashik,197,118,786,343,81,293,0,17
550264,550264,Khayade,Nashik,197,434,2232,1600,563,365,11,38
550265,550265,Mathurpada,Nashik,197,219,1047,752,369,200,0,39
550266,550266,Jwardi Kh,Nashik,197,42,202,127,75,20,0,13
550267,550267,Nimgaon Kh,Nashik,197,187,1001,640,262,221,1,35
550268,550268,Nimgaon,Nashik,197,1444,6995,5048,1755,805,29,316
550269,550269,Gilane,Nashik,197,360,1766,1274,556,211,46,98
550270,550270,Malagaon,Nashik,197,598,3057,1953,422,788,31,178
550271,550271,Nimgulekupa,Nashik,197,98,448,346,189,9,4,9
550272,550272,Nimgule,Nashik,197,141,602,470,141,138,0,26
550273,550273,Dubagule,Nashik,197,190,929,660,375,155,1,21
550274,550274,Patharde,Nashik,197,152,879,584,295,123,3,15
550275,550275,Chaukatpada,Nashik,197,174,698,493,239,136,4,9
550276,550276,Jatpade,Nashik,197,299,1571,1062,473,260,12,21
550277,550277,Nimbait,Nashik,197,796,3775,2584,941,307,17,67
550278,550278,Jeur,Nashik,197,306,1562,1002,455,332,3,50
550279,550279,Sakuri(Nimbait),Nashik,197,730,3920,2508,954,894,9,116
550280,550280,Malhanagaon,Nashik,197,254,1341,851,269,209,19,47
550281,550281,Gigaon,Nashik,197,281,1317,912,384,318,0,33
550282,550282,Roze,Nashik,197,253,1159,619,226,442,3,14
550283,550283,Padalde,Nashik,197,562,2599,1829,837,410,16,76
550284,550284,Satarpada,Nashik,197,70,299,195,73,109,0,6
550285,550285,Sherul,Nashik,197,604,2637,1783,542,369,6,35
550286,550286,Hiswal Bk,Nashik,197,443,2038,1425,358,366,14,57
550287,550287,Deoghat,Nashik,197,659,3153,2001,894,447,37,52
550288,550288,Dapur,Nashik,197,263,1370,724,198,559,2,4
550289,550289,Sakur,Nashik,197,349,1562,1109,377,368,6,37
550290,550290,Kalwadi,Nashik,197,1239,6098,4222,1088,1251,25,424
550291,550291,Dahiwal,Nashik,197,660,3362,2308,553,603,43,219
550292,550292,Bodhe,Nashik,197,103,540,190,75,145,0,29
550293,550293,Sitane,Nashik,197,146,854,542,241,109,20,107
550294,550294,Khalane,Nashik,197,128,738,417,180,167,6,62
550295,550295,Ronzane,Nashik,197,255,1480,890,276,201,9,38
550296,550296,Chinchagavhan,Nashik,197,637,3378,2051,712,866,17,66
550297,550297,Nardane,Nashik,197,302,1509,880,401,280,8,21
550298,550298,Umbardhe,Nashik,197,277,1392,777,220,479,1,35
550305,550305,Boygaon,Nashik,198,236,1093,754,468,99,11,36
550306,550306,Darhel,Nashik,198,206,1211,722,288,288,2,16
550307,550307,Nandur,Nashik,198,264,1411,906,871,8,0,5
550308,550308,Parekarwadi,Nashik,198,99,581,301,189,110,28,3
550309,550309,Kondhar,Nashik,198,270,1374,826,534,205,2,29
550310,550310,Dhaner,Nashik,198,167,818,540,318,138,4,8
550311,550311,Bhardi,Nashik,198,129,670,459,391,3,3,2
550312,550312,Nawasari,Nashik,198,198,1100,695,382,155,4,20
550313,550313,Khadgaon,Nashik,198,438,2414,1584,782,288,7,68
550314,550314,Panzandeo,Nashik,198,304,1237,931,293,200,6,48
550315,550315,Astagaon,Nashik,198,429,2276,1405,655,561,3,71
550316,550316,Dhotane Bk.,Nashik,198,213,1026,778,298,242,20,20
550317,550317,Panewadi,Nashik,198,498,2842,2001,523,399,50,283
550318,550318,Nagapur,Nashik,198,557,2808,1880,371,543,3,285
550319,550319,Ekwai,Nashik,198,178,990,743,398,99,4,29
550320,550320,Karhi,Nashik,198,269,1648,1086,311,179,5,84
550321,550321,Satane,Nashik,198,180,1048,715,219,92,26,156
550322,550322,Anakwade,Nashik,198,388,1930,1296,406,442,3,58
550323,550323,Wanjarwadi,Nashik,198,416,2238,1491,829,219,14,79
550324,550324,Malegaon Karyat,Nashik,198,106,478,348,161,25,5,31
550325,550325,Ghadeghewadi,Nashik,198,140,782,493,155,198,0,15
550326,550326,Narayangaon,Nashik,198,129,675,348,217,152,3,14
550327,550327,Dhotane Kh.,Nashik,198,183,972,726,426,90,13,30
550328,550328,Hiswal Kh.,Nashik,198,358,1820,1345,405,254,4,112
550329,550329,Hiswal Bk.,Nashik,198,449,2344,1583,543,319,37,92
550330,550330,Hirenagar,Nashik,198,166,825,467,233,213,0,1
550331,550331,Nandgaon Rural,Nashik,198,217,1003,828,35,1,2,244
550332,550332,Shriramnagar,Nashik,198,231,1106,858,85,232,1,137
550333,550333,Phulenagar,Nashik,198,175,807,517,145,217,10,69
550334,550334,Hinganwadi,Nashik,198,201,1358,832,210,480,0,15
550335,550335,Girnanagar,Nashik,198,692,3208,2398,238,487,12,525
550336,550336,Krantinagar,Nashik,198,382,1796,1306,433,271,1,119
550337,550337,Malaharwadi,Nashik,198,429,2039,1299,227,416,23,263
550338,550338,Gangadhari,Nashik,198,430,2208,1607,369,162,11,296
550339,550339,Pokhari Patode,Nashik,198,412,1937,1301,499,510,6,47
550340,550340,Tandulwadi,Nashik,198,237,1132,685,209,229,0,77
550341,550341,Dahigaon,Nashik,198,227,1118,792,426,131,0,46
550342,550342,Azadnagar,Nashik,198,87,480,367,211,62,1,18
550343,550343,Mandwad,Nashik,198,717,3364,2345,1202,389,41,72
550344,550344,Shastrinager,Nashik,198,117,635,406,298,31,1,27
550345,550345,Besgaon,Nashik,198,189,984,699,395,84,1,65
550346,550346,Mohegaon,Nashik,198,297,1643,1052,521,193,2,65
550347,550347,Laxminagar,Nashik,198,305,1382,995,714,88,2,19
550348,550348,Morzar,Nashik,198,220,1075,704,459,94,18,33
550349,550349,Bangaon Bk.,Nashik,198,291,1618,1106,407,184,4,162
550350,550350,Bangaon Kh.,Nashik,198,135,659,457,229,75,6,32
550351,550351,Takli Bk.,Nashik,198,374,1990,1241,767,176,15,47
550352,550352,Takli Kh.,Nashik,198,164,794,520,218,139,3,9
550353,550353,Khirdipatode,Nashik,198,239,1546,914,377,177,4,106
550354,550354,Wadali Kh.,Nashik,198,133,724,451,184,162,1,19
550355,550355,Wadali Bk.,Nashik,198,381,1933,1371,568,262,2,83
550356,550356,Bhalur,Nashik,198,566,3209,2212,1046,653,13,80
550357,550357,Lohashingve,Nashik,198,462,2445,1496,992,271,5,27
550358,550358,Soygaon,Nashik,198,281,1548,949,211,348,5,27
550359,550359,Bhauri,Nashik,198,257,1385,913,559,161,0,12
550360,550360,Wakhari,Nashik,198,501,2528,1694,1039,298,6,40
550361,550361,Pimprale,Nashik,198,432,2573,1388,758,545,32,193
550362,550362,Kalamdari,Nashik,198,487,2173,1503,418,738,0,29
550363,550363,Malgaon,Nashik,198,347,1713,1073,221,516,7,34
550364,550364,Borale,Nashik,198,413,2198,1241,318,701,1,67
550365,550365,Amode,Nashik,198,439,2377,1642,356,515,12,58
550366,550366,Mangalane,Nashik,198,204,1064,565,200,427,0,5
550367,550367,Vehelgaon,Nashik,198,882,4245,2512,645,690,23,224
550368,550368,Jamdari,Nashik,198,726,4144,2154,687,978,18,365
550369,550369,Talwade,Nashik,198,431,2344,1383,654,433,6,54
550370,550370,Palshi,Nashik,198,471,2317,1353,816,450,11,39
550371,550371,Sawargaon,Nashik,198,792,3859,2279,815,1089,9,75
550372,550372,Naydongari,Nashik,198,1730,9190,5993,865,2048,71,595
550373,550373,Birole,Nashik,198,208,1059,526,189,321,0,9
550374,550374,Muldongari,Nashik,198,562,3258,1636,434,1042,5,17
550375,550375,Aswaldara,Nashik,198,56,383,107,11,15,0,48
550376,550376,Sakore,Nashik,198,1707,8548,6036,1823,1671,31,409
550377,550377,New_panzan,Nashik,198,145,673,471,69,204,3,30
550378,550378,Babhulwadi,Nashik,198,144,774,431,164,215,0,15
550379,550379,Doctorwadi,Nashik,198,90,468,333,92,11,0,24
550380,550380,Chandore,Nashik,198,444,2249,1332,598,458,4,27
550381,550381,Rankhede,Nashik,198,302,1586,748,448,408,1,9
550382,550382,Hingane Dehere,Nashik,198,180,695,505,151,231,2,12
550383,550383,Pimpri_haveli,Nashik,198,449,2055,1276,542,288,4,32
550384,550384,Pardhadi,Nashik,198,621,2707,1776,861,683,4,37
550385,550385,Pimparkhed,Nashik,198,612,3321,2036,786,650,15,236
550386,550386,Jalgaon Kh.,Nashik,198,430,1993,1462,588,318,0,84
550387,550387,Jalgaon Bk.,Nashik,198,670,3395,1908,899,663,11,67
550388,550388,Ganeshnagar,Nashik,198,158,1044,576,165,400,1,16
550389,550389,Manikpunj,Nashik,198,269,1357,895,527,264,0,19
550390,550390,Kasabkhede,Nashik,198,246,1518,785,478,301,1,0
550391,550391,Pohi,Nashik,198,113,654,347,81,203,2,2
550392,550392,Kasari,Nashik,198,594,3138,1722,536,935,6,96
550393,550393,Chinchvihir,Nashik,198,209,1159,690,646,13,2,12
550394,550394,Kusumtel,Nashik,198,185,1168,622,190,335,0,59
550395,550395,Dheku Kh.,Nashik,198,389,2210,1333,624,394,2,66
550396,550396,Dheku Bk.,Nashik,198,148,720,464,191,203,0,8
550397,550397,Chandanpuri,Nashik,198,130,925,487,154,220,1,13
550398,550398,Lodhare,Nashik,198,393,1996,1301,736,248,6,39
550399,550399,Vasantnagar,Nashik,198,113,535,306,220,35,0,5
550400,550400,Jategaon,Nashik,198,1148,5636,3676,1613,1088,12,231
550401,550401,Gondegaon,Nashik,198,254,1148,830,523,134,1,21
550402,550402,Jawalki,Nashik,198,175,795,572,198,183,0,35
550403,550403,Bolthan,Nashik,198,1006,4861,3621,558,486,55,715
550404,550404,Rohile Bk,Nashik,198,168,696,471,124,214,0,39
550405,550405,Nawapur,Nashik,199,295,1365,836,610,223,1,5
550406,550406,Indira Nagar,Nashik,199,157,842,532,474,24,2,3
550407,550407,Jaitapur,Nashik,199,95,542,350,184,90,1,8
550408,550408,Hatti,Nashik,199,202,1085,739,364,243,2,22
550409,550409,Sherisalaiban,Nashik,199,85,415,237,4,231,0,2
550410,550410,Kundane,Nashik,199,82,452,351,182,48,1,8
550411,550411,Kanmandale,Nashik,199,568,3047,2070,1024,418,12,41
550412,550412,Vijaynagar,Nashik,199,172,846,551,304,115,12,21
550413,550413,Dhodambe,Nashik,199,743,3668,2570,590,1029,42,144
550414,550414,Ekrukhe,Nashik,199,133,648,468,243,99,0,27
550415,550415,Dahyane,Nashik,199,288,1328,848,331,392,15,64
550416,550416,Paregaon,Nashik,199,380,2375,1621,799,343,7,48
550417,550417,Dudhkhede,Nashik,199,229,1268,786,513,251,2,9
550418,550418,Shivare,Nashik,199,367,1748,1211,428,473,9,25
550419,550419,Borale,Nashik,199,260,1294,910,462,252,0,3
550420,550420,Chikhalambe,Nashik,199,192,1196,810,310,331,0,12
550421,550421,Bahaduri,Nashik,199,638,3391,2453,1175,637,4,81
550422,550422,Jambutke,Nashik,199,157,762,510,24,437,5,8
550423,550423,Goharan,Nashik,199,143,780,558,229,230,2,5
550424,550424,Bhayale,Nashik,199,363,1965,1431,860,233,11,28
550425,550425,Shinde,Nashik,199,283,1686,1310,673,245,0,61
550426,550426,Vadalibhoi,Nashik,199,1832,9003,6485,2302,1009,241,763
550427,550427,Vadner Bhairao,Nashik,199,3163,16933,11997,4423,3330,72,643
550428,550428,Pimpalnare,Nashik,199,392,2183,1345,361,706,1,16
550429,550429,Dhondgavhan,Nashik,199,693,3889,2848,1108,720,9,89
550430,550430,Dhotarkhede,Nashik,199,51,232,158,84,73,9,2
550431,550431,Khadakjamb,Nashik,199,538,3130,2383,1174,371,23,60
550432,550432,Puri,Nashik,199,480,2651,1887,1012,338,5,66
550433,550433,Kheldari,Nashik,199,363,2099,1435,394,238,4,57
550434,550434,Shirur,Nashik,199,332,1715,1140,449,280,5,18
550435,550435,Rajderwadi,Nashik,199,243,1231,777,345,234,0,4
550436,550436,Nandurtek,Nashik,199,287,1659,1105,333,557,1,2
550437,550437,Rahod,Nashik,199,555,2677,1844,898,347,27,69
550438,550438,Vadbare,Nashik,199,162,846,554,175,191,7,51
550439,550439,Indraiwadi,Nashik,199,30,166,111,24,44,0,1
550440,550440,Shivajinagar,Nashik,199,144,713,522,322,72,0,5
550441,550441,Deogaon,Nashik,199,177,892,629,384,70,4,16
550442,550442,Asarkhede,Nashik,199,251,1376,983,541,154,8,19
550443,550443,Adgaon,Nashik,199,307,1664,1089,577,267,7,34
550444,550444,Shelu,Nashik,199,310,1515,1115,510,309,24,52
550445,550445,Bhutyane,Nashik,199,279,1451,1042,650,211,3,10
550446,550446,Malsane,Nashik,199,156,842,604,236,105,5,43
550447,550447,Sogras,Nashik,199,292,1542,1066,400,329,16,63
550448,550448,Narayangaon,Nashik,199,189,1045,717,479,49,31,29
550449,550449,Bhatgaon,Nashik,199,302,1544,1076,607,177,12,82
550450,550450,Shirsane,Nashik,199,296,1606,1097,554,252,3,40
550451,550451,Chinchole,Nashik,199,156,855,624,406,78,0,1
550452,550452,Bharvir,Nashik,199,240,1204,896,426,206,0,20
550453,550453,Talwade,Nashik,199,151,864,634,382,78,0,8
550454,550454,Mangrul,Nashik,199,433,2175,1420,437,563,12,106
550455,550455,Pathar-shembe,Nashik,199,409,2010,1409,795,296,4,53
550456,550456,Nimgavhan,Nashik,199,189,939,667,440,93,1,16
550457,550457,Ganur,Nashik,199,461,2274,1557,826,265,9,97
550458,550458,Parsul,Nashik,199,475,2210,1603,879,296,6,40
550459,550459,Tisgaon,Nashik,199,264,1352,966,457,197,2,38
550460,550460,Bopane,Nashik,199,193,910,668,371,92,3,21
550461,550461,Hivarkhede,Nashik,199,376,1923,1350,743,209,15,85
550462,550462,Nhanave,Nashik,199,219,1019,830,450,130,3,25
550463,550463,Uswad,Nashik,199,613,3138,2219,662,349,6,155
550464,550464,Daregaon,Nashik,199,500,2727,1948,752,325,59,64
550465,550465,Varadi,Nashik,199,123,626,411,183,142,10,13
550466,550466,Vad,Nashik,199,202,986,645,331,203,1,7
550467,550467,Kanadgaon,Nashik,199,511,2860,1856,701,668,4,61
550468,550468,Kundalgaon,Nashik,199,542,2917,1869,982,440,8,150
550469,550469,Nimon,Nashik,199,497,2570,1788,949,388,10,85
550470,550470,Dongaon,Nashik,199,226,1119,854,431,152,1,96
550471,550471,Mesankhede Bk.,Nashik,199,134,641,430,151,57,0,5
550472,550472,Kokankhede,Nashik,199,332,1861,1143,867,188,2,23
550473,550473,Dugaon,Nashik,199,868,4430,3372,1550,494,52,251
550474,550474,Dongargaon,Nashik,199,277,1541,1103,523,215,3,35
550475,550475,Kalamdare,Nashik,199,237,1308,918,560,147,3,33
550476,550476,Sutarkhede,Nashik,199,292,1629,1154,576,249,4,22
550477,550477,Harnul,Nashik,199,139,754,531,287,94,2,9
550478,550478,Harsul,Nashik,199,185,1042,739,316,183,10,29
550479,550479,Ahirkhede,Nashik,199,196,1030,724,403,150,2,8
550480,550480,Pimpalgaon-dhabli,Nashik,199,155,869,621,321,135,3,21
550481,550481,Mesankhede Kh,Nashik,199,513,2724,1941,731,399,22,149
550482,550482,Shingve,Nashik,199,530,2701,1958,852,375,36,180
550483,550483,Dahegaon Manmad,Nashik,199,512,2861,1851,670,516,13,229
550484,550484,Wagdardi,Nashik,199,341,1808,1226,426,314,3,82
550485,550485,Bhadane,Nashik,199,314,1997,1329,745,300,0,16
550486,550486,Raypur,Nashik,199,637,3386,2462,1203,345,55,84
550487,550487,Vadgaon Pangu,Nashik,199,394,2092,1549,687,56,8,144
550488,550488,Rapali,Nashik,199,194,1012,733,302,124,1,95
550489,550489,Katarwadi,Nashik,199,213,1150,807,426,111,0,53
550490,550490,Khadakozar,Nashik,199,539,2971,2054,1383,214,25,68
550491,550491,Jopul,Nashik,199,360,1943,1285,813,235,22,92
550492,550492,Bhoyegaon,Nashik,199,330,1809,1285,793,208,9,41
550493,550493,Urdhul,Nashik,199,455,2450,1788,951,125,7,28
550494,550494,Dighwad,Nashik,199,532,2301,1707,914,188,7,118
550495,550495,Dahiwad,Nashik,199,156,597,460,192,83,2,12
550496,550496,Kazisangvi,Nashik,199,431,2163,1614,701,383,4,102
550497,550497,Soni Sangvi,Nashik,199,127,714,576,227,53,1,30
550498,550498,Vitave,Nashik,199,384,1764,1370,574,307,4,72
550499,550499,Panhale,Nashik,199,262,1387,1019,297,56,0,39
550500,550500,Gangave,Nashik,199,329,1473,1110,514,57,23,32
550501,550501,Nimbale,Nashik,199,375,1999,1450,675,240,11,97
550502,550502,Salsane,Nashik,199,288,1561,1132,726,143,3,17
550503,550503,Redgaon Kh,Nashik,199,308,1341,1020,487,83,7,46
550504,550504,Pate,Nashik,199,193,920,688,410,125,0,14
550505,550505,Koltek,Nashik,199,160,744,573,275,151,0,12
550506,550506,Hirapur,Nashik,199,494,2612,1939,1192,241,9,44
550507,550507,Devergaon,Nashik,199,584,3432,2430,966,628,31,80
550508,550508,Gurhale,Nashik,199,94,516,320,173,103,0,1
550509,550509,Pimplad,Nashik,199,614,3074,2225,988,444,12,100
550510,550510,Narayankhede,Nashik,199,48,230,145,41,47,0,12
550511,550511,Vahegaonsal,Nashik,199,462,2356,1720,797,272,26,125
550512,550512,Vaki Kh,Nashik,199,359,2017,1396,717,286,7,67
550513,550513,Vaki Bk,Nashik,199,290,1542,1122,517,202,1,37
550514,550514,Kalkhode,Nashik,199,309,1442,1043,615,193,0,18
550515,550515,Talegaon Rohi,Nashik,199,813,4329,3020,1562,589,17,101
550517,550517,Mokhnal,Nashik,200,178,1221,808,496,61,4,13
550518,550518,Dehare,Nashik,200,109,530,253,18,65,1,3
550519,550519,Savarpathali,Nashik,200,158,740,345,286,182,2,15
550520,550520,Gandole,Nashik,200,195,1287,874,323,163,1,31
550521,550521,Tetmala,Nashik,200,98,505,314,19,251,0,3
550522,550522,Chikadi,Nashik,200,106,487,299,169,79,16,11
550523,550523,Dhondalpada,Nashik,200,160,854,521,163,425,0,1
550524,550524,Nanashi,Nashik,200,772,4336,2748,410,912,31,130
550525,550525,Radtodi,Nashik,200,107,474,290,175,95,1,9
550526,550526,Ambad,Nashik,200,229,1284,678,567,211,1,26
550527,550527,Devalipada,Nashik,200,142,740,357,264,122,3,9
550528,550528,Charose,Nashik,200,227,1476,810,377,333,2,6
550529,550529,Badagichapada,Nashik,200,266,1332,816,474,51,0,34
550530,550530,Deoghar,Nashik,200,142,664,341,57,326,0,4
550531,550531,Chelharpada,Nashik,200,88,417,234,111,122,3,6
550532,550532,Kaudasar,Nashik,200,267,1498,757,757,197,4,18
550533,550533,Shiwarpada,Nashik,200,189,957,636,366,174,0,8
550534,550534,Vani Kh.,Nashik,200,404,2213,1399,637,275,1,350
550535,550535,Pimpalgaon Dhum,Nashik,200,243,1443,896,545,292,4,4
550536,550536,Joran,Nashik,200,213,1029,565,405,201,1,5
550537,550537,Joranpada,Nashik,200,122,548,354,23,304,7,5
550538,550538,Thepanwadi,Nashik,200,144,922,695,274,89,0,31
550539,550539,Sadrale,Nashik,200,103,537,320,207,80,0,33
550540,550540,Mahaje,Nashik,200,357,1769,1135,461,409,7,64
550541,550541,Golshi,Nashik,200,240,1373,916,117,276,5,20
550542,550542,Jalkhed,Nashik,200,359,1930,1227,583,447,4,81
550543,550543,Kokangaon Bk.,Nashik,200,264,1430,866,310,296,2,11
550544,550544,Shreeramnagar,Nashik,200,106,575,356,353,26,0,7
550545,550545,Waghad,Nashik,200,246,1402,856,351,207,1,19
550546,550546,Umrale Kh.,Nashik,200,269,1443,900,330,136,8,52
550547,550547,Oze,Nashik,200,247,1354,925,393,430,4,12
550548,550548,Mheluske,Nashik,200,281,1525,1025,443,302,6,27
550549,550549,Kadawa Mhalungi,Nashik,200,233,1318,866,163,134,0,52
550550,550550,Hatnore,Nashik,200,334,1949,1394,668,280,0,26
550551,550551,Jambutake,Nashik,200,404,2307,1523,761,454,3,72
550552,550552,Umrale Bk.,Nashik,200,641,3604,2539,684,610,26,158
550553,550553,Chachadgaon,Nashik,200,469,2424,1487,366,431,30,76
550554,550554,Ambegaon,Nashik,200,295,1654,875,204,535,5,29
550555,550555,Zaralipada,Nashik,200,132,1026,739,128,162,5,20
550556,550556,Pophalwade,Nashik,200,272,1757,903,271,130,1,8
550557,550557,Dhaur,Nashik,200,267,1378,925,288,160,0,11
550558,550558,Pimpraj,Nashik,200,104,750,396,115,243,0,3
550559,550559,Vilwandi,Nashik,200,607,3196,1479,1744,103,1,18
550560,550560,Kochargaon,Nashik,200,829,5041,2463,1449,940,2,26
550561,550561,Bhoryachapada,Nashik,200,159,928,439,395,114,0,6
550562,550562,Nalegaon,Nashik,200,444,2561,1572,601,473,6,31
550563,550563,Rasegaon,Nashik,200,501,2563,1864,648,614,16,112
550564,550564,Deherewadi,Nashik,200,125,718,381,214,180,1,14
550565,550565,Rawalgaon,Nashik,200,465,2860,1758,774,353,1,24
550566,550566,Tilloli,Nashik,200,289,1820,1369,604,117,4,32
550567,550567,June Dhagur,Nashik,200,265,1581,925,481,437,7,24
550568,550568,Navedhagur,Nashik,200,203,1243,834,221,305,7,22
550569,550569,Gawalwadi,Nashik,200,113,623,356,66,167,0,27
550570,550570,Ramshej,Nashik,200,447,2496,1740,562,560,5,73
550571,550571,Pimpalnare,Nashik,200,587,3178,2294,1182,430,11,212
550572,550572,Manori,Nashik,200,159,885,646,222,125,3,85
550573,550573,Bhanwad,Nashik,200,327,1985,1162,549,444,14,39
550574,550574,Borvand,Nashik,200,125,631,244,94,170,0,2
550575,550575,Wagdeopada,Nashik,200,233,1521,962,405,173,0,6
550576,550576,Shindpada,Nashik,200,234,1228,515,198,514,2,23
550577,550577,Deosane,Nashik,200,307,1317,598,437,273,4,11
550578,550578,Sarsale,Nashik,200,157,868,394,194,345,1,11
550579,550579,Karanjkhed,Nashik,200,344,1453,697,582,216,8,70
550580,550580,Chausale,Nashik,200,381,2144,1216,636,105,4,59
550581,550581,Pingalwadi,Nashik,200,119,645,415,340,1,0,2
550582,550582,Pimpri Anchala,Nashik,200,302,1911,1417,312,391,0,65
550583,550583,Dagadpimpri,Nashik,200,129,647,405,412,0,1,2
550584,550584,Kolher,Nashik,200,197,1038,637,412,104,0,19
550585,550585,Maledumala,Nashik,200,338,1919,1286,535,336,12,53
550586,550586,Haste Dumala,Nashik,200,501,2495,1533,779,282,17,25
550587,550587,Khoripada,Nashik,200,86,468,280,260,12,2,6
550588,550588,Eklahare,Nashik,200,172,878,482,443,60,1,7
550589,550589,Karanjali,Nashik,200,133,692,382,193,191,0,16
550590,550590,Deopada,Nashik,200,230,1088,578,540,15,2,24
550591,550591,Talyachapada,Nashik,200,183,896,529,351,109,0,7
550592,550592,Vare,Nashik,200,216,1559,1127,301,286,3,62
550593,550593,Palasvihir,Nashik,200,416,2202,1177,704,406,13,61
550594,550594,Vanare,Nashik,200,303,1532,798,857,78,0,37
550595,550595,Vanjole,Nashik,200,137,828,412,339,107,1,7
550596,550596,Titave,Nashik,200,314,2204,1293,770,140,14,53
550597,550597,Deothanpada,Nashik,200,191,1066,647,612,14,1,12
550598,550598,Deothan,Nashik,200,122,804,415,99,2,1,157
550599,550599,Devapur,Nashik,200,0,0,0,0,0,0,0
550600,550600,Bandharpada,Nashik,200,167,1017,627,525,0,2,8
550601,550601,Koshimbe,Nashik,200,323,1944,1205,624,367,33,51
550602,550602,Dahivi,Nashik,200,196,1070,697,273,196,0,16
550603,550603,Takanchapada,Nashik,200,115,562,319,320,46,0,8
550604,550604,Malegaon,Nashik,200,199,1084,535,288,311,0,4
550605,550605,Phopshi,Nashik,200,182,818,496,178,287,0,24
550606,550606,Vaglud,Nashik,200,132,666,474,26,196,0,12
550607,550607,Dahegaon,Nashik,200,237,1233,835,507,256,0,22
550608,550608,Lakhamapur,Nashik,200,1102,5289,3866,913,598,100,682
550609,550609,Karanjwan,Nashik,200,616,3144,2146,596,789,39,120
550610,550610,Khedale,Nashik,200,238,1371,988,351,279,5,23
550611,550611,Pimparkhed,Nashik,200,297,1938,1308,366,444,15,59
550612,550612,Kokangaon Kh.,Nashik,200,232,1375,808,633,113,1,16
550613,550613,Nalwadpada,Nashik,200,568,3087,1763,696,733,12,40
550614,550614,Nalwadi,Nashik,200,304,1508,924,333,558,1,21
550615,550615,Nigdol,Nashik,200,371,2251,1521,456,525,6,89
550616,550616,Ahiwantwadi,Nashik,200,447,2501,1515,980,456,2,19
550617,550617,Goldari,Nashik,200,90,435,237,77,147,0,6
550618,550618,Chamdari,Nashik,200,83,462,221,159,128,0,7
550619,550619,Jirwade,Nashik,200,42,277,185,131,41,0,1
550620,550620,Pandane,Nashik,200,304,1779,1363,352,334,14,70
550621,550621,Punegaon,Nashik,200,205,1169,702,354,295,3,20
550622,550622,Ambaner,Nashik,200,378,2223,1360,1104,239,0,12
550623,550623,Mandane,Nashik,200,155,832,509,436,87,2,8
550624,550624,Chandikapur,Nashik,200,230,990,668,294,230,0,13
550625,550625,Bhatode,Nashik,200,316,1885,1260,742,142,1,11
550626,550626,Mulane,Nashik,200,172,1003,687,410,123,6,20
550627,550627,Babapur,Nashik,200,218,964,628,217,143,1,19
550628,550628,Sangamner,Nashik,200,222,1123,715,351,238,2,31
550629,550629,Mavadi,Nashik,200,422,2134,1625,558,474,10,54
550630,550630,Kasbe Vani,Nashik,200,3359,16795,12312,1020,1753,308,3011
550631,550631,Krishnagaon,Nashik,200,331,1768,1126,66,527,24,103
550632,550632,Ozarkhed,Nashik,200,351,1777,1250,179,260,0,124
550633,550633,Talegaon Vani,Nashik,200,355,1967,1314,656,426,2,17
550634,550634,Tisgaon,Nashik,200,445,2455,1829,666,670,21,54
550635,550635,Shindwad,Nashik,200,455,2506,1795,836,487,20,53
550636,550636,Sonjamb,Nashik,200,658,3388,2549,912,754,4,87
550637,550637,Ambevani,Nashik,200,511,3659,2766,662,467,5,117
550638,550638,Ghodewadi,Nashik,200,215,1084,789,406,166,7,25
550639,550639,Parmori,Nashik,200,437,2380,1733,662,383,12,179
550640,550640,Awankhed,Nashik,200,518,2810,1917,1033,394,59,62
550641,550641,Valkhed,Nashik,200,377,1842,1329,284,441,9,100
550642,550642,Varkhede,Nashik,200,774,4150,2991,1146,765,57,199
550643,550643,Khedgaon,Nashik,200,1368,7766,5393,1150,1839,73,574
550644,550644,Bopegaon,Nashik,200,642,3686,2834,900,468,12,91
550645,550645,Gondegaon,Nashik,200,215,1182,870,507,192,7,27
550646,550646,Jaulakevani,Nashik,200,333,1695,1290,404,366,12,55
550647,550647,Pade,Nashik,200,463,2700,1844,884,535,9,77
550648,550648,Nilwandi,Nashik,200,353,2047,1442,465,432,2,12
550649,550649,Dindori,Nashik,200,3606,17734,12979,1068,1258,220,3146
550650,550650,Pimpalgaon Ketaki,Nashik,200,290,1360,977,249,497,1,22
550651,550651,Rajapur,Nashik,200,333,1723,1121,336,456,6,44
550652,550652,Materewadi,Nashik,200,800,4338,3165,1195,575,3,267
550653,550653,Jopul,Nashik,200,529,2711,1914,760,553,27,99
550654,550654,Dhamanwadi,Nashik,200,180,1352,1028,253,206,0,30
550655,550655,Lokhandewadi,Nashik,200,307,1659,1272,636,236,8,27
550656,550656,Palkhed,Nashik,200,813,4576,3173,1012,1316,9,82
550657,550657,Wanarwadi,Nashik,200,189,1000,677,338,119,12,62
550658,550658,Madakijamb,Nashik,200,542,2850,1973,805,404,10,86
550659,550659,Indore,Nashik,200,386,2134,1300,504,467,1,56
550660,550660,Talegaon Dindori,Nashik,200,518,2761,2154,618,586,48,255
550661,550661,Akrale,Nashik,200,346,1688,1305,360,217,22,94
550662,550662,Korhate,Nashik,200,386,2105,1542,601,179,13,65
550663,550663,Khadak Sukene,Nashik,200,272,1588,1273,576,180,0,27
550664,550664,Chinchkhed,Nashik,200,782,3883,2823,1167,554,3,98
550665,550665,Kurnoli,Nashik,200,210,1369,987,391,283,5,43
550666,550666,Mohadi,Nashik,200,1542,8033,6042,1636,1634,71,436
550667,550667,Ganorwadi Ganeshgaon,Nashik,200,134,721,464,295,137,3,7
550668,550668,Ambedindori,Nashik,200,516,2756,1978,539,529,15,134
550669,550669,Khatwad,Nashik,200,268,1458,1093,431,175,0,100
550670,550670,Dhakambe,Nashik,200,500,2890,2094,802,468,10,131
550671,550671,Varvandi,Nashik,200,248,1248,872,246,225,5,56
550672,550672,Shivnai,Nashik,200,236,1301,870,348,209,2,47
550673,550673,Janori,Nashik,200,1453,7626,5279,1568,2054,118,213
550674,550674,Jaulakedindori,Nashik,200,590,2880,2177,263,134,24,621
550675,550675,Gandole,Nashik,201,187,845,456,106,291,2,13
550676,550676,Ambe,Nashik,201,595,3176,1725,504,970,24,42
550677,550677,Mohadand,Nashik,201,107,545,341,140,124,0,12
550678,550678,Diksal,Nashik,201,91,427,236,2,236,0,6
550679,550679,Toranmal,Nashik,201,78,375,223,229,4,0,5
550680,550680,Pahuchibari,Nashik,201,271,1403,756,498,280,2,14
550681,550681,Wirmal,Nashik,201,121,558,348,202,34,0,16
550682,550682,Karanjkhed,Nashik,201,170,857,428,54,478,1,15
550683,550683,Amdongra,Nashik,201,65,283,154,75,87,0,2
550684,550684,Shivshet,Nashik,201,101,549,314,0,9,0,6
550685,550685,Kapurne,Nashik,201,142,632,399,4,7,0,4
550686,550686,Mhasgan,Nashik,201,280,1732,1120,458,199,1,32
550687,550687,Malegaon,Nashik,201,231,1048,713,241,280,0,8
550688,550688,Umarpada,Nashik,201,149,585,369,97,280,1,8
550689,550689,Kalambari,Nashik,201,174,861,492,46,404,0,8
550690,550690,Kakadpada,Nashik,201,80,277,179,60,100,0,11
550691,550691,Kalune,Nashik,201,67,302,189,14,161,0,5
550692,550692,Dabhadi,Nashik,201,114,565,389,55,128,1,5
550693,550693,Sadadpada,Nashik,201,337,1692,983,77,301,0,9
550694,550694,Abasa,Nashik,201,110,563,242,14,335,1,4
550695,550695,Bhoradha,Nashik,201,101,503,254,235,86,1,2
550696,550696,Surgane,Nashik,201,137,598,373,3,12,0,18
550697,550697,Bhatvihira,Nashik,201,90,464,244,16,213,0,3
550698,550698,Domkhadak,Nashik,201,95,396,285,62,52,1,18
550699,550699,Kopurli Kh.,Nashik,201,246,1035,693,200,173,0,14
550700,550700,Pimpalpada,Nashik,201,229,913,613,44,200,0,16
550701,550701,Jogmodi,Nashik,201,151,593,408,53,53,3,13
550702,550702,Vadabari,Nashik,201,162,816,545,162,193,1,22
550703,550703,Harangaon,Nashik,201,352,1483,931,341,433,3,45
550704,550704,Asarbari,Nashik,201,252,1488,1116,210,420,0,34
550705,550705,Phanaspada,Nashik,201,209,933,514,248,155,1,10
550706,550706,Kopurli Bk.,Nashik,201,255,1236,708,204,287,7,8
550707,550707,Khirkidepada,Nashik,201,334,1421,867,248,546,0,15
550708,550708,Mohpada,Nashik,201,196,895,659,171,261,0,14
550709,550709,Hatrundi,Nashik,201,349,1643,1018,211,662,3,41
550710,550710,Palashi Kh.,Nashik,201,130,504,323,20,290,2,4
550711,550711,Badagi,Nashik,201,110,612,462,137,57,3,7
550712,550712,Jamale,Nashik,201,83,438,262,22,204,0,3
550713,550713,Jale,Nashik,201,212,975,589,80,222,2,27
550714,550714,Junothi,Nashik,201,194,854,489,266,173,1,19
550715,550715,Tirdhe,Nashik,201,157,735,467,187,254,0,9
550716,550716,Kayare,Nashik,201,170,721,419,308,93,0,12
550717,550717,Sawarna,Nashik,201,225,1131,492,109,297,4,5
550718,550718,Nalshet,Nashik,201,84,393,209,106,79,0,0
550719,550719,Rajbari,Nashik,201,135,718,374,54,83,0,6
550720,550720,Kumbhale,Nashik,201,373,1946,1151,38,439,1,13
550721,550721,Derapada,Nashik,201,101,383,247,4,181,0,4
550722,550722,Borichibari,Nashik,201,109,475,298,195,84,0,7
550723,550723,Kelvihir,Nashik,201,30,133,78,23,46,0,0
550724,550724,Wangani,Nashik,201,242,1415,728,64,421,0,44
550725,550725,Sadadpada,Nashik,201,46,191,100,76,50,0,1
550726,550726,Lavhali,Nashik,201,43,140,78,41,46,0,2
550727,550727,Kalampada,Nashik,201,95,450,243,70,221,0,3
550728,550728,Ranvihir,Nashik,201,173,681,378,59,365,1,6
550729,550729,Khokartale,Nashik,201,267,1490,854,61,345,0,16
550730,550730,Shirale,Nashik,201,50,250,169,48,20,0,5
550731,550731,Peint,Nashik,201,1368,6858,5089,183,617,57,1130
550732,550732,Khambala,Nashik,201,121,735,393,104,316,1,9
550733,550733,Dhondmal,Nashik,201,461,2445,1153,84,856,3,18
550734,550734,Ambapur,Nashik,201,88,533,307,90,143,1,2
550735,550735,Jambvihir,Nashik,201,112,544,371,198,72,0,15
550736,550736,Patali,Nashik,201,112,552,347,180,190,0,6
550737,550737,Borwath,Nashik,201,212,1263,1014,280,228,0,34
550738,550738,Kotambi,Nashik,201,307,1494,988,378,385,6,27
550739,550739,Usthale,Nashik,201,380,1695,955,301,665,0,6
550740,550740,Bhedamal,Nashik,201,97,548,324,229,54,0,8
550741,550741,Tondawal,Nashik,201,114,544,260,41,142,1,8
550742,550742,Andhrute,Nashik,201,118,559,352,62,315,5,7
550743,550743,Garmal,Nashik,201,73,381,202,99,8,0,2
550744,550744,Belpada,Nashik,201,93,402,186,0,280,0,3
550745,550745,Adgaon (Bhuvan),Nashik,201,177,963,639,99,41,2,17
550746,550746,Gaondhond,Nashik,201,57,290,145,76,99,0,0
550747,550747,Bilkas,Nashik,201,76,407,256,49,83,9,2
550748,550748,Umbarpada Bhuvan,Nashik,201,96,431,219,111,148,0,2
550749,550749,Hanumantpada,Nashik,201,145,770,301,201,187,1,5
550750,550750,Bhuwan,Nashik,201,165,1115,664,20,316,0,15
550751,550751,Ambapani,Nashik,201,47,251,88,0,124,0,0
550752,550752,Chafyachapada,Nashik,201,139,660,381,9,10,1,2
550753,550753,Kasatvihir,Nashik,201,58,301,153,0,2,0,0
550754,550754,Jambhulmal,Nashik,201,120,588,324,276,126,0,3
550755,550755,Hanumantpada,Nashik,201,215,1254,949,61,186,14,30
550756,550756,Deogaon,Nashik,201,182,804,526,77,291,1,16
550757,550757,Ekadare,Nashik,201,233,1088,407,113,32,0,2
550758,550758,Kahandolpada,Nashik,201,140,695,331,202,238,0,1
550759,550759,Umbrad,Nashik,201,249,1113,366,112,102,0,5
550760,550760,Khadki,Nashik,201,109,665,264,225,175,1,3
550761,550761,Dhanpada,Nashik,201,129,514,197,173,160,0,1
550762,550762,Khamshet,Nashik,201,95,431,183,9,251,0,2
550763,550763,Borpada,Nashik,201,66,388,180,129,102,1,8
550764,550764,Ubhidhond,Nashik,201,95,489,288,21,194,0,13
550765,550765,Mangone,Nashik,201,162,835,497,140,350,0,4
550766,550766,Pawarpada,Nashik,201,48,245,148,52,42,7,6
550767,550767,Umbarpada Karanjali,Nashik,201,102,407,225,55,123,21,4
550768,550768,Gawandhpada,Nashik,201,102,428,290,179,61,0,13
550769,550769,Inambari,Nashik,201,111,802,604,81,133,0,17
550770,550770,Kumbharbari,Nashik,201,126,678,420,202,1,2,4
550771,550771,Savalghat,Nashik,201,107,426,294,130,119,0,8
550772,550772,Karanjali,Nashik,201,444,2228,1693,488,82,7,117
550773,550773,Nirgude Karanjali,Nashik,201,226,1477,1060,426,136,1,71
550774,550774,Sambarpada,Nashik,201,43,201,156,101,1,0,16
550775,550775,Tilbhat,Nashik,201,70,319,250,168,10,0,11
550776,550776,Gangodbari,Nashik,201,115,434,280,128,42,0,5
550777,550777,Shinde,Nashik,201,243,1291,795,291,431,1,16
550778,550778,Dhabyachapada,Nashik,201,112,529,292,218,131,0,0
550779,550779,Aad Kh.,Nashik,201,99,502,300,248,66,0,4
550780,550780,Gonde,Nashik,201,254,1276,713,311,211,2,87
550781,550781,Raitale,Nashik,201,111,445,254,32,267,0,0
550782,550782,Mankapur,Nashik,201,94,485,304,46,56,0,6
550783,550783,Dongarshet,Nashik,201,147,750,351,63,358,0,9
550784,550784,Pimpalwati,Nashik,201,204,1380,797,182,346,1,37
550785,550785,Ghotwihira,Nashik,201,171,712,382,3,12,0,2
550786,550786,Kharpadi,Nashik,201,171,1050,681,81,178,0,12
550787,550787,Phanaspada,Nashik,201,33,168,110,42,0,0,1
550788,550788,Nachlondhi,Nashik,201,142,748,538,428,8,0,6
550789,550789,Wazvad,Nashik,201,69,381,230,44,186,0,0
550790,550790,Devivchamal,Nashik,201,82,490,278,165,141,0,5
550791,550791,Patharpada,Nashik,201,87,499,322,285,9,0,4
550792,550792,Chikadi,Nashik,201,123,689,405,85,20,0,5
550793,550793,Wadpada,Nashik,201,96,510,219,98,173,0,2
550794,550794,Homepada,Nashik,201,67,351,212,152,48,2,1
550795,550795,Shevkhandi,Nashik,201,165,807,493,237,236,0,1
550796,550796,Bardapada,Nashik,201,96,469,278,24,280,0,8
550797,550797,Gawandh,Nashik,201,151,660,410,137,243,0,9
550798,550798,Palashi Bk.,Nashik,201,105,588,356,333,20,0,3
550799,550799,Shingdari,Nashik,201,195,770,425,167,313,1,3
550800,550800,Dolharmal,Nashik,201,151,670,341,150,225,0,3
550801,550801,Bhaygaon,Nashik,201,298,1447,787,621,146,3,21
550802,550802,Aad Bk.,Nashik,201,191,866,514,388,87,0,11
550803,550803,Lingawane,Nashik,201,124,664,382,98,243,0,0
550804,550804,Hanumannagar,Nashik,201,105,465,355,166,81,1,10
550805,550805,Kohor,Nashik,201,602,3593,2376,453,996,18,64
550806,550806,Ruipetha,Nashik,201,145,664,392,240,53,3,20
550807,550807,Murmuti,Nashik,201,53,240,160,52,49,2,8
550808,550808,Cholmukh,Nashik,201,216,1255,872,68,460,1,19
550809,550809,Dhanshet,Nashik,201,242,1119,674,48,570,2,23
550810,550810,Abheti,Nashik,201,107,508,316,124,183,0,11
550811,550811,Amlon,Nashik,201,191,951,536,449,127,0,8
550812,550812,Sasune,Nashik,201,75,363,216,203,22,0,6
550813,550813,Kulwandi,Nashik,201,354,1798,1063,449,117,0,44
550814,550814,Waghyachibari,Nashik,201,40,138,82,46,40,0,4
550815,550815,Fanaspada,Nashik,201,120,459,224,189,39,0,4
550816,550816,Pate,Nashik,201,175,936,460,420,109,2,11
550817,550817,Dhulghat,Nashik,201,49,243,156,50,81,0,0
550818,550818,Donwade,Nashik,201,171,735,418,333,97,0,5
550819,550819,Umbardahad,Nashik,201,131,597,257,308,58,2,1
550820,550820,Deodongari,Nashik,202,292,1509,709,322,500,1,11
550821,550821,Bafanvihir,Nashik,202,250,1459,725,574,229,2,20
550822,550822,Deodongara,Nashik,202,499,3036,1723,548,1026,3,29
550823,550823,Kas,Nashik,202,99,484,203,70,243,0,12
550824,550824,Chinch Ohol,Nashik,202,195,1079,522,30,575,0,8
550825,550825,Dol Ohol,Nashik,202,215,1071,438,80,393,1,4
550826,550826,Shindpada,Nashik,202,140,683,398,139,92,0,3
550827,550827,Boripada,Nashik,202,131,1157,887,171,194,1,12
550828,550828,Behedpada,Nashik,202,98,458,193,153,0,0,2
550829,550829,Kharshet,Nashik,202,557,3232,1676,698,806,2,40
550830,550830,Sawarpada,Nashik,202,209,1074,594,345,328,0,7
550831,550831,Khairaipali,Nashik,202,286,1484,793,141,401,1,11
550832,550832,Torangan,Nashik,202,367,1984,1179,604,452,1,27
550833,550833,Hattipada,Nashik,202,109,541,314,228,97,0,4
550834,550834,Dalpatpur,Nashik,202,294,1515,978,412,316,2,26
550835,550835,Chikhalpada,Nashik,202,102,584,392,214,46,0,5
550836,550836,Harsul,Nashik,202,981,4842,3465,426,460,24,640
550837,550837,Sapatpali,Nashik,202,160,615,358,109,22,1,8
550838,550838,Chirapali,Nashik,202,209,1144,583,339,246,1,7
550839,550839,Saraste,Nashik,202,157,851,428,279,241,3,15
550840,550840,Jategaon Kh,Nashik,202,172,896,579,299,122,0,4
550841,550841,Jategaon Bk,Nashik,202,352,1913,1134,552,517,9,38
550842,550842,Koriwaz,Nashik,202,95,470,190,26,58,1,4
550843,550843,Chinchwad,Nashik,202,400,2817,1913,535,478,5,77
550844,550844,Waygholpada,Nashik,202,240,1373,756,371,128,0,8
550845,550845,Belpali,Nashik,202,100,530,282,207,57,0,43
550846,550846,Gaddawane,Nashik,202,221,949,531,173,303,1,11
550847,550847,Nirgude (Harsul),Nashik,202,201,925,543,375,140,0,7
550848,550848,Thanapada,Nashik,202,750,4142,2752,502,992,40,142
550849,550849,Hatlondhi,Nashik,202,117,567,368,55,33,3,10
550850,550850,Rajivnagar,Nashik,202,119,560,328,237,12,29,8
550851,550851,Goldari,Nashik,202,305,1501,749,379,498,0,9
550852,550852,Khadakohol,Nashik,202,277,1411,621,476,307,2,23
550853,550853,Kadegahan,Nashik,202,132,668,421,194,8,0,3
550854,550854,Ozar Khed,Nashik,202,387,2105,991,419,414,1,58
550855,550855,Berwal,Nashik,202,200,1400,852,283,270,4,25
550856,550856,Garmal,Nashik,202,151,853,456,225,248,3,16
550857,550857,Koulpondha,Nashik,202,151,809,326,134,335,1,10
550858,550858,Ghytipada,Nashik,202,289,1408,523,241,525,4,13
550859,550859,Mulvad,Nashik,202,124,870,520,44,186,3,15
550860,550860,Savarvada,Nashik,202,204,1131,367,31,539,5,23
550861,550861,Walan,Nashik,202,149,951,410,90,294,0,1
550862,550862,Chourapada,Nashik,202,211,1048,417,172,491,0,13
550863,550863,Karanj Jali,Nashik,202,122,756,392,93,98,0,8
550864,550864,Rayate,Nashik,202,241,1402,737,246,170,0,23
550865,550865,Bhutmokhada,Nashik,202,113,518,232,275,48,0,15
550866,550866,Kotambi Harsul,Nashik,202,256,1194,638,249,455,5,16
550867,550867,Kalamuste,Nashik,202,244,1133,567,12,590,0,24
550868,550868,Shirasgaon,Nashik,202,280,1795,1216,436,321,5,36
550869,550869,Nandurkipada,Nashik,202,273,1468,734,242,412,0,14
550870,550870,Rautmal,Nashik,202,134,553,258,235,3,5,20
550871,550871,Gavatha,Nashik,202,358,1816,853,451,532,4,14
550872,550872,Murambi,Nashik,202,279,1664,880,597,70,3,32
550873,550873,Bhagohol,Nashik,202,104,498,242,78,230,0,3
550874,550874,Vatakapada,Nashik,202,226,1262,466,613,39,1,14
550875,550875,Deola,Nashik,202,136,667,275,110,315,0,9
550876,550876,Kacharpada,Nashik,202,116,554,261,137,10,2,10
550877,550877,Adgaon (Harsul),Nashik,202,177,1047,658,246,156,0,31
550878,550878,Mahadeo Nagar,Nashik,202,106,440,208,80,154,0,2
550879,550879,Somnathnagar,Nashik,202,169,969,467,179,151,2,23
550880,550880,Shivaji Nagar,Nashik,202,219,1169,532,63,366,2,109
550881,550881,Holdar Nagar,Nashik,202,97,611,304,84,115,1,35
550882,550882,Vele,Nashik,202,106,645,350,38,282,0,0
550883,550883,Sapte,Nashik,202,190,1113,626,287,67,5,40
550884,550884,Kone,Nashik,202,263,1375,750,176,368,0,13
550885,550885,Vaghera,Nashik,202,480,2963,1416,568,643,0,23
550886,550886,Ghodhadyachapada,Nashik,202,273,1522,781,281,368,0,9
550887,550887,Kharwal,Nashik,202,209,1245,636,74,581,0,5
550888,550888,Virnagar,Nashik,202,226,977,512,278,220,11,40
550889,550889,Varasvihir,Nashik,202,233,1069,328,372,10,6,67
550890,550890,Nandgaon,Nashik,202,333,1534,696,362,323,2,25
550891,550891,Torangan,Nashik,202,196,1316,890,253,187,0,47
550892,550892,Metkawara,Nashik,202,73,376,159,176,42,0,4
550893,550893,Welunje,Nashik,202,398,2672,1489,745,277,0,42
550894,550894,Gorthan,Nashik,202,82,552,316,269,61,1,3
550895,550895,Malegaon,Nashik,202,250,1290,765,479,61,2,12
550896,550896,Rohile,Nashik,202,283,1773,1221,466,161,33,75
550897,550897,Hirdi,Nashik,202,209,1317,845,411,165,4,37
550898,550898,Pmpri Trimbak,Nashik,202,235,1733,1117,340,155,3,44
550899,550899,Divyachapada,Nashik,202,130,840,480,278,61,2,2
550900,550900,Ganeshgaon Waghera,Nashik,202,71,399,257,47,179,0,7
550901,550901,Vinayaknagar,Nashik,202,102,639,378,206,83,0,7
550902,550902,Bramhanwade,Nashik,202,210,1126,607,116,449,3,11
550903,550903,Dhumodi,Nashik,202,183,935,623,92,173,1,9
550904,550904,Shirasgaon,Nashik,202,150,861,562,325,116,2,27
550905,550905,Amboli,Nashik,202,278,1689,1163,570,266,4,25
550906,550906,Ambai,Nashik,202,173,972,463,419,133,0,12
550907,550907,Kachurli,Nashik,202,165,1067,648,117,195,8,13
550908,550908,Sapgaon,Nashik,202,194,1221,691,195,365,7,36
550909,550909,Pimplad Trimbak,Nashik,202,194,1042,668,262,121,3,30
550910,550910,Talwade Trimbak,Nashik,202,411,2277,1426,644,522,22,51
550911,550911,Beze,Nashik,202,173,1072,582,205,242,2,33
550912,550912,Chokore,Nashik,202,75,371,206,108,83,2,20
550913,550913,Anjanneri,Nashik,202,831,4934,3348,821,618,48,275
550914,550914,Pegalwadi Tryambak,Nashik,202,223,1230,750,138,251,6,144
550915,550915,Pegalwadi,Nashik,202,182,1100,680,84,199,4,34
550916,550916,Trimbakeshwar,Nashik,202,273,1327,884,45,180,22,227
550917,550917,Metghar Killa,Nashik,202,195,985,545,56,147,2,45
550918,550918,Talegaon Trimbak,Nashik,202,357,2151,1178,642,333,3,17
550919,550919,Kalmuste,Nashik,202,155,841,392,181,147,1,10
550920,550920,Umbharande,Nashik,202,32,175,84,12,24,7,8
550921,550921,Harshewadi,Nashik,202,32,194,87,65,19,0,24
550922,550922,Khambale,Nashik,202,344,1921,1437,376,118,12,240
550923,550923,Vadholi,Nashik,202,382,2010,1420,539,152,20,266
550924,550924,Mulegaon,Nashik,202,434,2460,1376,484,449,6,129
550925,550925,Take Harsha,Nashik,202,277,1528,710,257,294,45,36
550926,550926,Dahalewadi,Nashik,202,157,954,689,84,113,0,21
550927,550927,Zarwad Kh,Nashik,202,167,950,390,498,46,4,30
550928,550928,Dhadoshi,Nashik,202,116,622,366,72,173,7,30
550929,550929,Kojoli,Nashik,202,112,615,414,112,137,3,48
550930,550930,Bhilmal,Nashik,202,138,1044,648,128,128,2,55
550931,550931,Pahine,Nashik,202,207,1295,704,401,46,2,75
550932,550932,Kharoli,Nashik,202,167,1048,478,384,113,1,3
550933,550933,Samundi,Nashik,202,145,790,456,179,138,0,32
550934,550934,Aswaliharsha,Nashik,202,192,1157,444,218,325,1,17
550935,550935,Avhate,Nashik,202,190,965,513,512,55,5,6
550936,550936,Met Chandrachi,Nashik,202,183,827,393,161,148,3,51
550937,550937,Met Humbhachi,Nashik,202,163,856,499,220,210,1,4
550938,550938,Deogaon,Nashik,202,446,2552,1474,489,436,8,48
550939,550939,Alwand,Nashik,202,192,893,563,214,119,2,36
550940,550940,Dapure,Nashik,202,113,692,428,169,31,0,14
550941,550941,Zarwad Bk,Nashik,202,137,804,496,207,38,0,4
550942,550942,Vaviharsha,Nashik,202,229,1304,792,601,25,19,60
550943,550943,Take Deogaon,Nashik,202,399,2106,1032,786,171,38,35
550944,550944,Met Yelyachi,Nashik,202,79,439,230,83,57,0,14
550945,550945,Ladachi,Nashik,203,552,3108,1395,888,424,0,288
550946,550946,Naikwadi,Nashik,203,321,1779,1064,343,308,2,19
550947,550947,Vadgaon,Nashik,203,557,2865,1971,707,736,7,60
550948,550948,Sapgaon,Nashik,203,201,1167,754,255,305,0,8
550949,550949,Indiranagar,Nashik,203,353,1864,1025,22,484,1,5
550950,550950,Vaishnavnagar,Nashik,203,164,963,510,208,181,1,96
550951,550951,Kashyapnagar,Nashik,203,151,879,453,131,243,2,13
550952,550952,Devargaon,Nashik,203,582,3714,2170,397,941,7,73
550953,550953,Dhondegaon,Nashik,203,350,2263,1684,333,464,10,50
550954,550954,Girnare,Nashik,203,1098,6013,4540,1312,747,171,655
550955,550955,Dugaon,Nashik,203,641,3387,2430,801,941,9,164
550956,550956,Nagalwadi,Nashik,203,204,1105,697,418,154,0,62
550957,550957,Ozarkhede,Nashik,203,470,2877,1501,258,1074,1,24
550958,550958,Subhashnagar,Nashik,203,231,1366,647,54,371,0,1
550959,550959,Shastrinagar,Nashik,203,307,1818,1088,418,295,0,5
550960,550960,Gangamhalungi,Nashik,203,259,1834,1135,670,3,1,27
550961,550961,Govindpuri,Nashik,203,79,394,189,86,98,0,0
550962,550962,Shivangaon,Nashik,203,159,1049,650,99,472,0,2
550963,550963,Pimpalgaon Garudeshwar,Nashik,203,222,1501,1095,215,202,9,19
550964,550964,Ganeshgaon Trimbak,Nashik,203,280,1707,993,553,387,2,4
550965,550965,Rajewadi,Nashik,203,185,1239,667,265,462,3,16
550966,550966,Ganeshgaon Naik,Nashik,203,202,1191,844,383,272,1,36
550967,550967,Manoli,Nashik,203,120,599,458,186,128,0,55
550968,550968,Dari,Nashik,203,369,2011,1476,347,613,13,84
550969,550969,Matori,Nashik,203,523,2843,2074,531,721,6,190
550970,550970,Chandshi,Nashik,203,361,2047,1426,467,448,5,138
550971,550971,Mungsare,Nashik,203,483,2680,1867,672,662,10,133
550972,550972,Yashawantnagar,Nashik,203,179,849,620,120,107,13,112
550973,550973,Mahadeopur,Nashik,203,316,1708,1201,285,320,14,150
550974,550974,Jalalpur,Nashik,203,533,2940,2003,697,448,11,144
550975,550975,Govardhan,Nashik,203,1293,5997,4331,414,942,68,937
550976,550976,Sawargaon,Nashik,203,132,722,478,41,175,0,71
550977,550977,Gangavhare,Nashik,203,259,1381,868,156,435,2,49
550978,550978,Dudgaon,Nashik,203,234,1380,971,284,455,0,38
550979,550979,Wasali,Nashik,203,245,1342,941,265,266,1,33
550980,550980,Tiradshet,Nashik,203,196,1008,734,135,349,29,80
550981,550981,Belgaon Dhaga,Nashik,203,534,2842,2003,411,664,39,217
550982,550982,Mahirawani,Nashik,203,616,3169,2154,577,183,5,701
550983,550983,Talegaon Anjaneri,Nashik,203,471,2503,1823,882,359,22,73
550984,550984,Jategaon,Nashik,203,305,1639,1272,432,237,6,116
550985,550985,Pimplad Nasik,Nashik,203,632,3810,2490,905,423,24,367
550986,550986,Sarul,Nashik,203,392,2002,1200,226,58,6,587
550987,550987,Rajur Bahula,Nashik,203,346,1746,1082,243,52,4,383
550988,550988,Raigadnagar,Nashik,203,188,1098,586,99,97,4,308
550989,550989,Dahegaon,Nashik,203,253,1573,934,399,399,2,72
550990,550990,Gaulane,Nashik,203,402,2122,1527,324,281,11,221
550991,550991,Ambebahula,Nashik,203,325,1640,1167,278,189,4,239
550992,550992,Pimpri Sayyad,Nashik,203,1943,10353,7449,2445,1708,39,693
550993,550993,Vinchurgavali,Nashik,203,326,1747,1310,373,432,22,112
550994,550994,Sultanpur,Nashik,203,112,600,428,146,206,1,11
550995,550995,Madsangavi,Nashik,203,940,4941,3622,968,1081,43,399
550996,550996,Shilapur,Nashik,203,461,2436,1853,656,449,8,156
550997,550997,Odha,Nashik,203,653,3321,2435,561,444,16,380
550998,550998,Lakhalgaon,Nashik,203,814,4282,3139,1108,522,27,291
550999,550999,Gangapadali,Nashik,203,180,960,660,169,176,0,73
551000,551000,Kalavi,Nashik,203,138,698,536,163,97,1,34
551001,551001,Hinganwedhe,Nashik,203,276,1488,986,283,243,8,93
551002,551002,Jakhori,Nashik,203,513,2699,1943,747,390,22,147
551003,551003,Kotamgaon,Nashik,203,295,1575,1199,492,182,11,83
551004,551004,Babhaleshwar,Nashik,203,205,1149,878,299,275,11,34
551005,551005,Mohagaon,Nashik,203,210,1115,856,444,28,23,83
551006,551006,Chandgiri,Nashik,203,269,1385,1049,326,220,14,96
551007,551007,Shinde,Nashik,203,1782,8498,6417,890,470,212,1603
551008,551008,Palashe,Nashik,203,2367,11721,8863,1246,455,122,2327
551009,551009,Shevgedarna,Nashik,203,307,1769,1372,321,146,6,198
551010,551010,Nanegaon,Nashik,203,680,3667,2777,698,546,23,353
551011,551011,Belatgavhan,Nashik,203,554,2653,2079,264,178,13,558
551012,551012,Donwade,Nashik,203,197,1130,873,444,126,4,43
551013,551013,Rahuri,Nashik,203,195,1190,961,419,167,4,63
551014,551014,Bhagur Rural,Nashik,203,49,276,200,119,21,0,16
551015,551015,Lahvit,Nashik,203,1334,6826,5251,815,742,52,951
551016,551016,Lohashingwe,Nashik,203,278,1533,1027,526,180,1,98
551017,551017,Vanjarwadi,Nashik,203,419,2202,1588,712,414,5,68
551022,551022,Mhasurli,Nashik,204,179,939,636,239,102,2,35
551023,551023,Shevgedang,Nashik,204,333,1881,1141,558,221,6,21
551024,551024,Wanjole,Nashik,204,103,620,452,217,93,5,10
551025,551025,Ahurli,Nashik,204,190,897,630,326,151,7,46
551026,551026,Nandadgaon,Nashik,204,152,888,646,187,179,0,4
551027,551027,Rayambe,Nashik,204,185,1114,719,368,231,0,13
551028,551028,Karhole,Nashik,204,119,747,491,216,74,1,7
551029,551029,Awali Dumala,Nashik,204,129,662,418,228,117,0,14
551030,551030,Saturli,Nashik,204,82,453,279,68,40,2,26
551031,551031,Ondli,Nashik,204,131,591,338,112,84,0,12
551032,551032,Nagosali,Nashik,204,231,1160,773,106,164,25,123
551033,551033,Dhargaon,Nashik,204,390,2444,1384,438,322,11,109
551034,551034,Walvihir,Nashik,204,358,2228,1095,494,127,4,37
551035,551035,Bhavli Bk,Nashik,204,176,1023,661,138,133,1,52
551036,551036,Kawanai,Nashik,204,426,2516,1607,590,307,84,48
551037,551037,Korapgaon,Nashik,204,169,949,605,161,364,0,21
551038,551038,Pimpalgaon Bhatata,Nashik,204,173,1148,593,35,142,4,16
551039,551039,Kurnoli,Nashik,204,168,843,541,25,9,6,97
551040,551040,Dharnoli,Nashik,204,118,571,245,97,125,2,53
551041,551041,Kusegaon,Nashik,204,298,1875,971,823,167,4,21
551042,551042,Shirsate,Nashik,204,255,1280,730,485,133,4,42
551043,551043,Modale,Nashik,204,306,1683,1039,653,129,4,131
551044,551044,Gadgadsangvi,Nashik,204,100,556,341,106,228,1,5
551045,551045,Murambi,Nashik,204,433,2396,1624,654,216,7,182
551046,551046,Wadivarhe,Nashik,204,1171,5990,4238,1071,557,75,769
551047,551047,Lahamagewadi,Nashik,204,310,1989,1132,407,555,2,44
551048,551048,Belgaon Kurhe,Nashik,204,235,1291,1006,228,270,6,79
551049,551049,Kurhegaon,Nashik,204,348,1835,1319,429,56,15,251
551050,551050,Gondedumala,Nashik,204,783,3792,2660,433,450,28,552
551051,551051,Mukane,Nashik,204,514,3021,2139,478,309,30,205
551052,551052,Sanjegaon,Nashik,204,439,2420,1632,569,455,19,90
551053,551053,Manik Khamb,Nashik,204,545,3244,1957,304,340,4,225
551054,551054,Mundegaon,Nashik,204,673,3908,2471,595,157,46,279
551055,551055,Padli Deshmukh,Nashik,204,180,1038,774,196,135,1,49
551056,551056,Janori,Nashik,204,142,880,653,208,126,1,49
551057,551057,Laxminagar,Nashik,204,275,1648,1057,507,183,7,76
551058,551058,Krishnanagar,Nashik,204,291,1601,905,377,181,1,23
551059,551059,Nandurvaidya,Nashik,204,504,2665,1969,650,280,9,270
551060,551060,Sakur,Nashik,204,549,3012,2104,766,338,7,122
551061,551061,Nandgaon Bk,Nashik,204,364,1952,1408,527,180,7,209
551062,551062,Ghoti Kh,Nashik,204,400,2207,1513,392,109,7,142
551063,551063,Biturli,Nashik,204,112,714,326,65,318,0,19
551064,551064,Waki,Nashik,204,209,1214,680,156,242,7,73
551065,551065,Khambale,Nashik,204,591,3784,2455,474,423,9,231
551066,551066,Daundat,Nashik,204,181,1082,752,399,169,0,25
551067,551067,Umbarkon,Nashik,204,214,1314,904,325,319,7,15
551068,551068,Waghere,Nashik,204,309,1674,1125,322,163,2,187
551069,551069,Senvad Kh,Nashik,204,156,968,690,123,114,4,33
551070,551070,Garudeshwar,Nashik,204,226,1186,845,503,120,4,20
551071,551071,Malunje,Nashik,204,211,1259,810,347,76,0,64
551072,551072,Samnere,Nashik,204,234,1322,973,286,79,0,44
551073,551073,Mogare,Nashik,204,280,1620,1013,694,50,6,27
551074,551074,Somaj,Nashik,204,168,1023,697,397,7,5,28
551075,551075,Ubhade,Nashik,204,282,1735,1130,647,194,0,66
551076,551076,Deole,Nashik,204,362,2144,1257,325,299,7,70
551077,551077,Adwan,Nashik,204,352,1983,1348,505,370,26,93
551078,551078,Tringalwadi,Nashik,204,328,1890,803,431,540,2,42
551079,551079,Pardevi,Nashik,204,126,711,488,343,50,0,17
551080,551080,Balayduri,Nashik,204,237,1364,882,154,160,0,123
551081,551081,Senvad Bk,Nashik,204,373,2328,1263,524,233,7,89
551082,551082,Khairgaon,Nashik,204,366,2364,1276,75,794,19,33
551083,551083,Chinchale Khair,Nashik,204,184,1189,538,326,66,0,54
551084,551084,Awal Khed,Nashik,204,213,1119,603,60,323,1,46
551085,551085,Titoli,Nashik,204,203,1076,732,71,32,3,179
551086,551086,Takeghoti,Nashik,204,429,2311,1547,274,266,7,292
551087,551087,Bortembhe,Nashik,204,289,1673,1188,161,83,7,196
551088,551088,Kanchangaon,Nashik,204,316,1906,1230,307,358,16,62
551089,551089,Avachitwadi,Nashik,204,112,638,443,177,209,1,7
551090,551090,Talogha,Nashik,204,411,2501,1437,337,144,8,160
551091,551091,Taloshi,Nashik,204,303,1796,1113,487,403,1,47
551092,551092,Nandgaonsado,Nashik,204,718,4203,2862,511,175,35,597
551093,551093,Pimpri Sadroddin,Nashik,204,394,2316,1363,188,155,9,169
551094,551094,Fangul Gavhan,Nashik,204,256,1531,1072,321,46,0,110
551095,551095,Borli,Nashik,204,111,616,309,65,13,0,87
551096,551096,Waghyachiwadi,Nashik,204,103,706,313,129,89,8,118
551097,551097,Manwede,Nashik,204,239,1240,833,149,161,4,59
551098,551098,Bhavli Kh,Nashik,204,397,2307,1054,269,204,2,139
551099,551099,Kaluste,Nashik,204,660,3885,2506,1092,523,18,122
551100,551100,Bharwaj,Nashik,204,159,819,535,98,80,0,16
551101,551101,Manjargaon,Nashik,204,177,889,548,337,127,1,38
551102,551102,Nirpan,Nashik,204,146,828,370,155,223,0,6
551103,551103,Gavhande,Nashik,204,104,701,313,12,11,2,13
551104,551104,Jamunde,Nashik,204,107,589,277,12,3,0,10
551105,551105,Kurungwadi,Nashik,204,186,1055,438,267,161,19,52
551106,551106,Ambewadi,Nashik,204,380,2183,1180,868,17,2,33
551107,551107,Khadked,Nashik,204,267,1778,1158,355,56,1,62
551108,551108,Indore,Nashik,204,323,1591,1036,243,298,0,25
551109,551109,Shenit,Nashik,204,375,1960,1333,470,482,2,91
551110,551110,Pimpalgaon Dukra,Nashik,204,289,1579,1099,695,108,4,40
551111,551111,Pimpalgaon Ghadaga,Nashik,204,431,2599,1386,491,812,3,85
551112,551112,Ninavi,Nashik,204,363,2163,1383,459,582,3,55
551113,551113,Kawaddara,Nashik,204,209,1401,1072,173,212,1,62
551114,551114,Bharvir Kh,Nashik,204,431,2329,1522,667,517,18,141
551115,551115,Bharvir Bk,Nashik,204,334,1987,1384,865,114,2,55
551116,551116,Bhandardarawadi,Nashik,204,357,1995,1198,311,289,3,35
551117,551117,Adsare Bk,Nashik,204,511,2837,1825,816,232,0,55
551118,551118,Dhamangaon,Nashik,204,579,3613,2553,1242,280,12,224
551119,551119,Adsare Kh,Nashik,204,212,1102,739,239,138,2,11
551120,551120,Gambhirwadi,Nashik,204,213,1007,630,312,119,0,27
551121,551121,Belgaon Tarhale,Nashik,204,463,2522,1753,602,234,20,99
551122,551122,Dhamani,Nashik,204,432,2458,1595,431,484,15,95
551123,551123,Pimpalgaon Mor,Nashik,204,321,1880,1221,473,369,1,78
551124,551124,Pardeshiwadi,Nashik,204,289,1820,1208,202,419,16,100
551125,551125,Kanadwadi,Nashik,204,338,2132,1104,655,465,0,31
551126,551126,Khed,Nashik,204,361,1973,1345,561,504,17,44
551127,551127,Adharwad,Nashik,204,388,2193,1496,389,208,1,28
551128,551128,Bambalewadi,Nashik,204,189,1100,758,233,269,3,17
551129,551129,Ghodewadi,Nashik,204,113,617,384,276,12,25,63
551130,551130,Sherawadi,Nashik,204,103,513,303,271,1,0,25
551131,551131,Taked Bk,Nashik,204,406,2389,1887,279,325,20,216
551132,551132,Taked Kh,Nashik,204,220,1120,732,419,87,5,32
551133,551133,Maidara Dhanoshi,Nashik,204,160,870,599,365,28,0,18
551134,551134,Sonoshi,Nashik,204,187,934,665,83,130,0,18
551135,551135,Barshingave,Nashik,204,374,1649,1055,286,80,1,60
551136,551136,Rahulnagar,Nashik,204,236,1106,613,322,274,2,34
551137,551137,Wasali,Nashik,204,459,2141,1434,237,174,5,54
551138,551138,Ramnagar,Nashik,204,125,615,433,212,27,79,26
551140,551140,Jogaltembhi,Nashik,205,276,1516,1079,280,177,2,111
551141,551141,Naigaon,Nashik,205,1028,5382,3860,1331,943,41,416
551142,551142,Songiri,Nashik,205,264,1487,1124,478,176,2,38
551143,551143,Bramhan Wade,Nashik,205,451,2453,1741,479,428,41,249
551144,551144,Jaygaon,Nashik,205,282,1595,1131,449,139,13,56
551145,551145,Deshwandi,Nashik,205,364,2071,1390,723,298,7,64
551146,551146,Patpimpri,Nashik,205,584,2986,2156,1284,318,2,117
551147,551147,Hiwargaon,Nashik,205,366,1915,1310,878,126,8,89
551148,551148,Komalwadi,Nashik,205,295,1598,1156,450,244,7,40
551149,551149,Keru Patilnagar,Nashik,205,195,977,677,418,94,7,37
551150,551150,Baragaon Pimpri,Nashik,205,691,3567,2697,1193,301,70,248
551151,551151,Sundarpur,Nashik,205,320,1781,1301,450,179,75,80
551152,551152,Wadzire,Nashik,205,418,2435,1734,750,258,26,230
551153,551153,Malegaon,Nashik,205,1525,5655,4282,345,209,82,1902
551154,551154,Maparwadi,Nashik,205,305,1399,921,134,300,1,198
551155,551155,Kundewadi,Nashik,205,284,1485,1167,261,162,43,239
551156,551156,Kedarpur,Nashik,205,77,451,313,131,53,2,34
551157,551157,Shahapur,Nashik,205,109,703,491,232,59,9,22
551158,551158,Datli,Nashik,205,429,2356,1730,917,152,22,117
551159,551159,Musalgaon,Nashik,205,1745,8124,5938,1417,366,84,1366
551160,551160,Kundewadi,Nashik,205,414,1959,1341,84,279,38,385
551161,551161,Gurewadi,Nashik,205,97,556,352,69,119,0,17
551162,551162,Bhatwadi,Nashik,205,217,1182,953,280,123,29,192
551163,551163,Shastrinagar,Nashik,205,275,1629,1247,308,190,64,204
551164,551164,Wadgaon Sinnar,Nashik,205,466,2722,1892,766,521,7,120
551165,551165,Chondhi,Nashik,205,217,1062,643,272,243,1,78
551166,551166,Somthane,Nashik,205,672,3344,2287,906,887,25,87
551167,551167,Sangavi,Nashik,205,518,2766,1857,778,497,23,48
551168,551168,Dahiwadi,Nashik,205,378,1918,1302,635,466,8,43
551169,551169,Mahajanpur,Nashik,205,73,434,274,193,39,0,4
551170,551170,Mendhi,Nashik,205,264,1281,891,523,157,31,33
551171,551171,Khadangali,Nashik,205,283,1409,1004,439,125,11,59
551172,551172,Vadangali,Nashik,205,649,3267,2444,687,415,16,291
551173,551173,Nimgaon Deopur,Nashik,205,289,1512,1055,383,268,4,50
551174,551174,Gulvanch,Nashik,205,943,5243,3788,2005,439,2,246
551175,551175,Kirtangali,Nashik,205,430,2179,1706,595,167,5,106
551176,551176,Eklahare,Nashik,205,55,350,250,164,20,0,6
551177,551177,Nimgaon Sinner,Nashik,205,604,3471,2370,1464,343,17,148
551178,551178,Pimpalgaon,Nashik,205,248,1317,924,677,119,1,25
551179,551179,Ujjani,Nashik,205,291,1549,1012,704,111,13,41
551180,551180,Bharatpur,Nashik,205,335,1781,1382,763,194,23,41
551181,551181,Laxmanpur,Nashik,205,180,1008,687,468,66,6,24
551182,551182,Shaha,Nashik,205,607,3013,2064,1214,321,18,233
551183,551183,Karwadi,Nashik,205,275,1414,1070,618,174,1,46
551184,551184,Rampur,Nashik,205,381,1930,1299,857,189,11,45
551185,551185,Shrirampur,Nashik,205,198,1033,707,627,16,0,4
551186,551186,Panchale,Nashik,205,619,3112,2151,1221,516,2,89
551187,551187,Deopur,Nashik,205,638,3035,2293,947,215,72,177
551188,551188,Khopadi Bk.,Nashik,205,304,1616,1186,594,159,2,103
551189,551189,Dharangaon,Nashik,205,297,1459,1044,597,136,7,61
551190,551190,Fardapur,Nashik,205,210,1182,860,561,96,4,22
551191,551191,Khopadi Kh.,Nashik,205,153,733,490,279,95,0,18
551192,551192,Bhokani,Nashik,205,385,2181,1480,988,146,10,67
551193,551193,Khambale,Nashik,205,496,2785,1853,1035,202,25,153
551194,551194,Chincholi,Nashik,205,629,3346,2456,1193,268,9,335
551195,551195,Mohu,Nashik,205,339,1946,1345,534,179,41,177
551196,551196,Mohdari,Nashik,205,194,1025,558,148,129,10,236
551197,551197,Vadgaon Pingala,Nashik,205,709,3955,2808,1349,329,40,248
551198,551198,Vinchur Dalvi,Nashik,205,778,4168,3160,1057,523,11,293
551199,551199,Jamgaon,Nashik,205,214,1210,856,405,167,5,98
551200,551200,Paste,Nashik,205,314,1800,1205,454,252,6,137
551201,551201,Saradwadi,Nashik,205,247,1193,814,208,129,5,162
551202,551202,Chandrapur,Nashik,205,110,567,381,19,3,2,18
551203,551203,Sawatamalinagar,Nashik,205,95,492,328,165,113,2,19
551204,551204,Pandhurli,Nashik,205,826,4447,3089,860,765,22,318
551205,551205,Ghorwad,Nashik,205,327,1695,1204,471,277,12,36
551206,551206,Khaparale,Nashik,205,66,374,252,7,1,1,41
551207,551207,Harsule,Nashik,205,152,782,563,301,77,1,57
551208,551208,Sonari,Nashik,205,430,2225,1685,740,246,110,109
551209,551209,Sonambe,Nashik,205,866,4396,3177,1470,373,89,308
551210,551210,Shivade,Nashik,205,848,4815,3242,1478,987,75,45
551211,551211,Borkhind,Nashik,205,185,944,699,340,115,0,26
551212,551212,Agas Khind,Nashik,205,401,2113,1478,548,472,2,67
551213,551213,Belu,Nashik,205,350,1880,1373,601,193,2,18
551214,551214,Aundhewadi,Nashik,205,254,1509,960,107,320,8,22
551215,551215,Dhondbar,Nashik,205,418,2235,1567,291,544,2,26
551216,551216,Konambe,Nashik,205,575,3113,2251,1097,422,51,108
551217,551217,Jayprakashnagar,Nashik,205,170,927,644,214,151,11,49
551218,551218,Manegaon,Nashik,205,668,3164,2474,639,115,108,587
551219,551219,Dhondvirnagar,Nashik,205,346,1895,1436,618,69,2,205
551220,551220,Atkawade,Nashik,205,108,561,417,121,89,4,121
551221,551221,Dubere,Nashik,205,804,4006,3044,817,285,226,450
551222,551222,Patole,Nashik,205,490,2714,2067,574,58,101,175
551223,551223,Gonde,Nashik,205,612,3324,2413,1041,307,63,369
551224,551224,Shivajinagar,Nashik,205,154,939,645,492,34,2,31
551225,551225,Dattanagar,Nashik,205,177,960,647,429,43,0,39
551226,551226,Ramnagar,Nashik,205,209,1350,909,207,84,70,71
551227,551227,Krishnanagar,Nashik,205,491,2828,2024,797,112,30,170
551228,551228,Adwadi,Nashik,205,191,1195,723,409,193,11,29
551229,551229,Dhulwad,Nashik,205,217,1380,857,362,150,19,22
551230,551230,Dapur,Nashik,205,1066,5902,3989,2055,730,66,208
551231,551231,Chapadgaon,Nashik,205,392,2411,1661,517,529,9,43
551232,551232,Pimpale,Nashik,205,434,2513,1521,936,236,11,55
551233,551233,Hivare,Nashik,205,374,2058,1341,510,318,24,130
551234,551234,Ashapur,Nashik,205,239,1371,961,582,52,36,60
551235,551235,Thangaon,Nashik,205,1067,6213,4242,1538,993,78,279
551236,551236,Padali,Nashik,205,342,1814,1348,848,142,24,60
551237,551237,Sonewadi,Nashik,205,429,2306,1517,780,361,9,70
551238,551238,Bhojapur,Nashik,205,0,0,0,0,0,0,0
551239,551239,Chas,Nashik,205,902,5408,3814,1698,1027,26,221
551240,551240,Kasarwadi,Nashik,205,375,1927,1357,453,590,3,46
551241,551241,Nalwadi,Nashik,205,534,3017,2114,1147,336,10,61
551242,551242,Mith-Sagare,Nashik,205,391,2017,1463,941,82,4,70
551243,551243,Pimparwadi,Nashik,205,85,454,348,229,56,0,6
551244,551244,Mirgaon,Nashik,205,372,1949,1280,991,106,17,25
551245,551245,Kolgaonmal,Nashik,205,394,2222,1439,629,424,6,100
551246,551246,Pathare Bk.,Nashik,205,399,2074,1512,563,233,24,132
551247,551247,Pathare Kh.,Nashik,205,447,2434,1760,910,208,10,106
551248,551248,Waregaon,Nashik,205,239,1235,926,436,158,14,86
551249,551249,Sayale,Nashik,205,414,1995,1380,746,280,32,74
551250,551250,Maldhon,Nashik,205,213,1120,681,461,62,1,72
551251,551251,Dusangwadi,Nashik,205,163,771,552,316,47,2,59
551252,551252,Wavi,Nashik,205,865,4216,3235,817,440,89,492
551253,551253,Pangari Bk,Nashik,205,871,4335,3152,1744,420,73,287
551254,551254,Pangari Kh,Nashik,205,163,852,656,275,105,6,37
551255,551255,Marhal Bk.,Nashik,205,369,1986,1408,876,170,22,94
551256,551256,Marhal Kh.,Nashik,205,146,722,542,225,2,5,32
551257,551257,Fulenagar,Nashik,205,202,999,734,531,77,11,21
551258,551258,Kahandalwadi,Nashik,205,218,1124,754,321,110,31,20
551259,551259,Ghotewadi,Nashik,205,377,1823,1217,691,71,49,168
551260,551260,Gulapur,Nashik,205,127,665,433,166,200,0,7
551261,551261,Suregaon,Nashik,205,141,697,508,432,17,3,5
551262,551262,Dodi Bk.,Nashik,205,886,5240,3772,1792,464,16,337
551263,551263,Shindewadi (N.V.),Nashik,205,101,605,426,265,1,0,26
551264,551264,Dodi Kh.,Nashik,205,319,1893,1316,632,186,15,96
551265,551265,Manori,Nashik,205,616,3141,2215,1342,303,89,96
551266,551266,Kankori,Nashik,205,309,1589,1137,737,124,9,83
551267,551267,Nirhale,Nashik,205,343,1792,1231,679,243,29,82
551268,551268,Fattepur,Nashik,205,138,863,594,353,49,1,32
551269,551269,Nandur Shingote,Nashik,205,1152,6497,4612,1575,656,126,509
551270,551270,Dixi,Nashik,206,767,3681,2183,454,1406,15,105
551271,551271,Jivhale,Nashik,206,279,1503,1002,472,343,1,40
551272,551272,Thergaon,Nashik,206,193,950,656,139,211,0,31
551273,551273,Kasabe Sukene,Nashik,206,2401,12428,8756,2373,2675,144,895
551274,551274,Mauje Sukene,Nashik,206,920,4430,3145,926,942,18,310
551275,551275,Oney,Nashik,206,332,1727,1209,422,376,4,72
551276,551276,Datyane,Nashik,206,352,1929,1296,288,570,7,60
551277,551277,Narayangaon,Nashik,206,994,5151,3749,1256,1063,84,286
551278,551278,Gondegaon,Nashik,206,217,993,707,246,267,0,30
551279,551279,Chandori,Nashik,206,2284,12594,9230,3002,2032,67,847
551280,551280,Nagapur,Nashik,206,395,2005,1438,687,243,6,73
551281,551281,Chitegaon,Nashik,206,881,4616,3400,1379,529,34,162
551282,551282,Chehedi Kh.,Nashik,206,212,1023,733,178,98,15,72
551283,551283,Varhe Davna,Nashik,206,326,1545,1029,248,393,16,84
551284,551284,Shimpi Takali,Nashik,206,308,1687,1122,339,197,0,22
551285,551285,Lalpadi,Nashik,206,154,959,669,280,107,3,52
551286,551286,Darna Sangvi,Nashik,206,334,1765,1303,468,316,1,89
551287,551287,Antarweli,Nashik,206,269,1464,1123,321,189,10,55
551288,551288,Mukhed,Nashik,206,405,2755,2133,544,437,2,71
551289,551289,Pachorewani,Nashik,206,626,3517,2578,927,473,15,207
551290,551290,Ahergaon,Nashik,206,594,3107,2328,739,681,7,90
551291,551291,Pimpalgaon Baswant,Nashik,206,8187,41559,30165,2647,6649,345,6805
551292,551292,Umbarkhed,Nashik,206,637,3342,2384,919,642,15,70
551293,551293,Behed,Nashik,206,388,2105,1469,405,696,4,64
551294,551294,Narayan Tembhi,Nashik,206,266,1375,952,488,239,24,34
551295,551295,Karsul,Nashik,206,429,2278,1739,731,334,11,69
551296,551296,Vadali Najik,Nashik,206,521,2674,1820,874,567,0,42
551297,551297,Shirasgaon,Nashik,206,509,2910,2098,651,691,0,72
551298,551298,Kokangaon,Nashik,206,783,4283,3171,1049,954,38,203
551299,551299,Sakore,Nashik,206,775,4107,3063,778,884,112,260
551300,551300,Amrut Nagar,Nashik,206,142,795,579,181,100,7,100
551301,551301,Vijay Nagar,Nashik,206,227,1190,903,252,89,6,111
551302,551302,Banganganagar,Nashik,206,165,787,524,139,272,3,17
551303,551303,Shirwade Wani,Nashik,206,832,4451,3336,1304,792,11,143
551304,551304,Gorthan,Nashik,206,250,1338,902,379,267,0,43
551305,551305,Redgaon,Nashik,206,235,1154,837,461,188,0,7
551306,551306,Nandur Kh.,Nashik,206,258,1458,1051,697,144,0,21
551307,551307,Sawargaon,Nashik,206,560,2868,1976,748,646,10,65
551308,551308,Wavi,Nashik,206,428,2147,1460,661,386,4,53
551309,551309,Palkhed,Nashik,206,1143,6337,4908,1464,870,62,291
551310,551310,Lonwadi,Nashik,206,363,1845,1388,659,398,9,59
551311,551311,Davachwadi,Nashik,206,524,2821,2144,996,305,7,113
551312,551312,Kumbhari,Nashik,206,327,1782,1381,427,304,1,42
551313,551313,Ranwad,Nashik,206,722,3685,2742,1044,599,16,224
551314,551314,Panchkeshwar,Nashik,206,318,1840,1408,768,228,8,29
551315,551315,Deopur,Nashik,206,287,1624,1188,482,271,3,84
551316,551316,Nandurdi,Nashik,206,966,5040,3588,1371,611,8,202
551317,551317,Khede,Nashik,206,540,3055,2320,872,447,3,88
551318,551318,Ugaon,Nashik,206,1133,6148,4715,1584,1197,57,278
551319,551319,Shivadi,Nashik,206,616,3047,2377,725,557,14,138
551320,551320,Sarole Kh.,Nashik,206,484,2609,1778,728,576,3,50
551321,551321,Bramhangaon Vanas,Nashik,206,279,1464,1072,474,306,10,54
551322,551322,Vanasgaon,Nashik,206,599,3218,2422,1027,577,17,126
551323,551323,Khadak Malegaon,Nashik,206,975,4920,3679,1823,818,8,172
551324,551324,Takali Vinchur,Nashik,206,1185,6384,4639,1491,797,33,742
551325,551325,Kotamgaon,Nashik,206,527,2660,1968,971,350,18,168
551326,551326,Khangaon Najik,Nashik,206,169,981,692,477,82,0,27
551327,551327,Thetale,Nashik,206,220,1201,866,380,202,41,11
551328,551328,Vitthalwadi,Nashik,206,141,772,545,169,86,0,27
551329,551329,Subhash Nagar,Nashik,206,309,1453,873,645,205,0,9
551330,551330,Vishnu Nagar,Nashik,206,212,1042,808,392,120,4,98
551331,551331,Vinchur,Nashik,206,2612,12681,9238,1802,1702,159,1675
551332,551332,Nimgaon Wakada,Nashik,206,412,2050,1632,426,526,4,118
551333,551333,Bramhangaon Vinchur,Nashik,206,516,2519,1731,268,136,16,636
551334,551334,Welapur,Nashik,206,314,1752,1106,322,405,9,54
551335,551335,Pachore Bk.,Nashik,206,307,1799,1262,490,273,6,51
551336,551336,Shiwapur,Nashik,206,130,725,489,288,63,0,17
551337,551337,Maralgoi Kh.,Nashik,206,278,1325,1012,548,171,0,30
551338,551338,Pachore Kh.,Nashik,206,177,887,644,329,167,2,25
551339,551339,Mavalgoi Bk.,Nashik,206,240,1259,925,356,132,0,13
551340,551340,Hanumannagar,Nashik,206,307,1538,1174,410,207,1,54
551341,551341,Golegaon,Nashik,206,118,754,521,332,128,0,8
551342,551342,Gondegaon,Nashik,206,583,2817,1896,561,875,29,72
551343,551343,Bokaddare,Nashik,206,336,2029,1249,531,277,5,284
551344,551344,Dongargaon,Nashik,206,601,3133,2260,974,497,8,75
551345,551345,Dahegaon,Nashik,206,163,857,583,250,145,1,88
551346,551346,Wahegaon,Nashik,206,208,1021,779,157,321,4,19
551347,551347,Bharwas,Nashik,206,239,1168,866,415,248,0,15
551348,551348,Nandgaon,Nashik,206,354,1996,1446,818,202,9,30
551349,551349,Dhanore,Nashik,206,245,1278,864,572,193,3,16
551350,551350,Dharangaon Veer,Nashik,206,563,3167,2260,1184,495,39,43
551351,551351,Dharangaon Khadak,Nashik,206,486,2490,1735,750,302,2,58
551352,551352,Gajarwadi,Nashik,206,601,3392,2536,1177,473,7,55
551353,551353,Dindori,Nashik,206,338,1702,1192,290,506,8,23
551354,551354,Nandur Madhyameshwar,Nashik,206,933,4693,3062,1234,920,16,240
551355,551355,Sarole Thadi,Nashik,206,507,2600,1652,626,886,0,19
551356,551356,Khedale Zunge,Nashik,206,704,3620,2574,977,821,8,124
551357,551357,Kalgaon,Nashik,206,469,2556,1775,890,552,18,53
551358,551358,Rui,Nashik,206,679,3444,2495,903,530,8,150
551359,551359,Deogaon,Nashik,206,880,4297,3020,902,939,24,272
551360,551360,Mahadevnagar (N.V.),Nashik,206,196,1042,748,503,69,1,24
551361,551361,Manori Kh.,Nashik,206,217,1155,843,463,148,6,15
551362,551362,Wakad,Nashik,206,690,3179,2145,768,855,1,87
551363,551363,Shirwade Wakad,Nashik,206,463,2084,1402,484,549,17,61
551364,551364,Kanlad,Nashik,206,260,1164,815,462,93,4,35
551365,551365,Pimpri,Nashik,206,639,3431,2574,785,551,10,272
551366,551366,Raulas,Nashik,206,406,2153,1489,474,408,26,70
551367,551367,Gitakunj,Nashik,206,548,2602,1878,380,504,40,265
551368,551368,Niphad,Nashik,206,4177,20249,14456,1374,2421,220,3633
551369,551369,Rasalpur,Nashik,206,339,2161,1544,228,403,3,118
551370,551370,Pimpalas,Nashik,206,1578,7851,5898,845,1375,54,693
551371,551371,Kothure,Nashik,206,1022,5022,3483,904,1283,32,284
551372,551372,Kurudgaon,Nashik,206,206,1102,812,251,200,1,23
551373,551373,Jalgaon,Nashik,206,531,2620,1692,287,401,2,191
551374,551374,Shriram Nagar,Nashik,206,414,2214,1647,582,320,0,75
551375,551375,Sonewadi Kh.,Nashik,206,136,775,485,254,179,0,9
551376,551376,Sonewadi Bk.,Nashik,206,459,2482,1921,762,356,8,72
551377,551377,Rampur,Nashik,206,389,2070,1461,694,346,77,126
551378,551378,Naitale,Nashik,206,604,3010,2203,731,483,53,209
551379,551379,Shivare,Nashik,206,504,2667,1929,671,473,12,107
551380,551380,Sundarpur,Nashik,206,197,965,694,223,274,14,46
551381,551381,Kathargaon,Nashik,206,385,1929,1365,688,420,17,70
551382,551382,Shingave,Nashik,206,981,5237,3801,1382,956,28,242
551383,551383,Saikhede,Nashik,206,1741,8293,5791,551,1246,85,1634
551384,551384,Songaon,Nashik,206,625,3567,2885,1235,420,17,257
551385,551385,Chatori,Nashik,206,1133,5882,3946,1368,912,47,745
551386,551386,Sawali,Nashik,206,160,801,587,167,167,20,94
551387,551387,Ramnagar,Nashik,206,534,2983,2241,900,367,55,126
551388,551388,Pimpalgaon Nipani,Nashik,206,459,2050,1455,487,181,8,29
551389,551389,Talwade,Nashik,206,240,1416,1024,647,135,2,41
551390,551390,Mahajanpur,Nashik,206,342,1641,1126,726,163,4,23
551391,551391,Bhendali,Nashik,206,457,2247,1675,789,260,2,108
551392,551392,Karanjgaon,Nashik,206,1050,5256,3982,1592,976,17,230
551393,551393,Chapadgaon,Nashik,206,277,1347,927,313,398,3,46
551394,551394,Bhuse,Nashik,206,374,2027,1488,845,179,24,107
551395,551395,Aurangpur,Nashik,206,344,1851,1320,378,445,11,38
551396,551396,Shrirampur,Nashik,206,161,888,704,373,106,0,23
551397,551397,Mhalsakore,Nashik,206,667,3485,2452,1003,566,39,84
551398,551398,Majargaon,Nashik,206,191,1120,718,284,238,0,50
551399,551399,Khangaon Thadi,Nashik,206,322,1633,1042,435,377,13,92
551400,551400,Tarukhedle,Nashik,206,388,2135,1499,709,476,2,30
551401,551401,Tamaswadi,Nashik,206,443,2288,1609,883,307,0,49
551402,551402,Karanji Kh.,Nashik,206,326,1470,1051,496,342,0,24
551403,551403,Bramhanwade,Nashik,206,228,1182,683,413,158,3,7
551407,551407,Ambegaon,Nashik,207,259,1441,999,607,143,2,36
551408,551408,Somthan-desh,Nashik,207,523,2869,2001,1334,255,25,67
551409,551409,Nilkhede,Nashik,207,252,1278,862,489,209,4,23
551410,551410,Murami,Nashik,207,200,1044,682,509,78,6,16
551411,551411,Katarni,Nashik,207,571,3068,2199,1081,323,13,65
551412,551412,Visapur,Nashik,207,390,1938,1267,539,405,2,26
551413,551413,Gorakhnagar,Nashik,207,185,916,657,333,116,11,48
551414,551414,Balapur,Nashik,207,165,831,537,325,141,0,10
551415,551415,Gujarkhede,Nashik,207,274,1216,804,259,255,5,15
551416,551416,Vikharni,Nashik,207,462,2192,1473,628,424,3,33
551417,551417,Adgaon Repal,Nashik,207,418,2252,1575,1033,185,5,30
551418,551418,Lauki Shiras,Nashik,207,326,1491,1049,465,336,5,11
551419,551419,Valadgaon,Nashik,207,208,888,622,299,182,0,8
551420,551420,Shirasgaon Lauki,Nashik,207,403,1890,1392,578,463,19,51
551421,551421,Dahegaon Patoda,Nashik,207,191,937,642,356,99,0,25
551422,551422,Patoda,Nashik,207,1299,6703,4827,2050,1011,46,382
551423,551423,Kanadi,Nashik,207,290,1183,788,269,67,1,44
551424,551424,Thangaon,Nashik,207,386,1756,1324,738,127,6,29
551425,551425,Pimpri,Nashik,207,354,1578,1118,539,321,4,25
551426,551426,Satare,Nashik,207,267,1413,1005,643,151,9,23
551427,551427,Pimpalgaon Lep,Nashik,207,403,2067,1380,657,391,74,57
551428,551428,Jaulke,Nashik,207,364,1744,1237,595,221,2,43
551429,551429,Deshmane Bk.,Nashik,207,485,2289,1656,686,372,24,51
551430,551430,Deshmane Kh.,Nashik,207,175,953,727,350,107,3,23
551431,551431,Manori Bk.,Nashik,207,326,1700,1272,738,225,11,39
551432,551432,Jalgaon Neur,Nashik,207,555,2803,2105,903,478,15,104
551433,551433,Shevage,Nashik,207,98,602,430,246,80,1,12
551434,551434,Purangaon,Nashik,207,242,1321,1010,679,84,3,18
551435,551435,Neurgaon,Nashik,207,485,2402,1748,861,303,15,65
551436,551436,Mukhed,Nashik,207,1266,6393,4461,1526,1451,86,270
551437,551437,Satyagaon,Nashik,207,423,2148,1300,569,544,2,62
551438,551438,Ankai,Nashik,207,378,2016,1501,620,295,17,138
551439,551439,Basantnagar,Nashik,207,77,584,368,48,116,1,111
551440,551440,Chandgaon,Nashik,207,267,1247,870,395,191,2,34
551441,551441,Naygavhan,Nashik,207,266,1337,841,527,138,5,17
551442,551442,Aherwadi,Nashik,207,167,876,533,305,60,2,5
551443,551443,Somthanjosh,Nashik,207,217,1159,597,240,309,4,78
551444,551444,Rajapur,Nashik,207,926,4758,3049,1519,678,48,185
551445,551445,Panhalsathe,Nashik,207,115,649,377,302,79,0,4
551446,551446,Pimpalkhute Tisare,Nashik,207,175,911,588,405,83,4,27
551447,551447,Jaydare,Nashik,207,192,871,558,310,172,0,26
551448,551448,Kusur,Nashik,207,405,2033,1434,791,302,15,98
551449,551449,Savkhede,Nashik,207,154,720,534,242,136,0,34
551450,551450,Ankute,Nashik,207,457,2366,1655,973,222,9,64
551451,551451,Kusmadi,Nashik,207,438,2344,1740,1094,86,15,45
551452,551452,Hadap Sawargaon,Nashik,207,300,1066,709,505,159,0,13
551453,551453,Lahit,Nashik,207,137,634,449,247,255,1,19
551454,551454,Khirdisathe,Nashik,207,333,1509,969,412,408,15,47
551455,551455,Mamdapur,Nashik,207,663,3583,2219,1377,490,7,52
551456,551456,Kolgaon,Nashik,207,274,1378,1012,773,40,2,20
551457,551457,Nagarsul,Nashik,207,2150,10275,7386,3120,1604,40,477
551458,551458,Dhamode,Nashik,207,467,2279,1634,735,264,8,67
551459,551459,Nandur,Nashik,207,293,1452,1017,360,250,1,114
551460,551460,Ganeshpur,Nashik,207,175,967,643,372,181,9,12
551461,551461,Vaibothi,Nashik,207,208,1181,822,566,118,10,12
551462,551462,Rendale,Nashik,207,216,1098,684,371,207,1,10
551463,551463,Nyaharkhede Kh.,Nashik,207,107,541,371,198,95,4,3
551464,551464,Nyaharkhede Bk.,Nashik,207,205,1152,745,491,148,1,10
551465,551465,Matulthan,Nashik,207,372,1883,1362,628,257,8,77
551466,551466,Vadgaon Balhe,Nashik,207,188,961,646,213,236,10,20
551467,551467,Balhegaon,Nashik,207,337,1686,1159,458,393,35,54
551468,551468,Nagde,Nashik,207,523,2673,1937,523,332,177,172
551469,551469,Mahalgaaon,Nashik,207,184,921,679,389,105,2,13
551470,551470,Dhanakwadi,Nashik,207,127,564,397,265,27,0,9
551471,551471,Kasarkhede,Nashik,207,105,506,331,179,70,0,12
551472,551472,Tandulwadi,Nashik,207,128,628,458,249,85,1,19
551473,551473,Khairgavhan,Nashik,207,174,922,579,281,167,2,21
551474,551474,Devargaon,Nashik,207,324,1553,1127,663,92,19,42
551475,551475,Savargaon,Nashik,207,608,3130,2185,1132,272,8,169
551476,551476,Gopalwadi,Nashik,207,153,647,348,6,341,0,0
551477,551477,Antarveli,Nashik,207,119,580,405,168,70,0,14
551478,551478,Dhulgaon,Nashik,207,641,3317,2404,1224,319,18,113
551479,551479,Bhatgaon,Nashik,207,207,1092,783,305,245,2,45
551480,551480,Dhanore,Nashik,207,235,1118,760,212,351,0,30
551481,551481,Babhulgaon Bk.,Nashik,207,300,1774,1491,260,335,7,161
551482,551482,Babhulgaon Kh.,Nashik,207,311,1599,1212,344,300,9,128
551483,551483,Angangaon,Nashik,207,431,1982,1479,312,152,16,284
551484,551484,Rayate,Nashik,207,162,835,532,214,226,0,14
551485,551485,Erandgaon Kh.,Nashik,207,276,1513,1057,423,148,24,74
551486,551486,Dahegaon Dhul,Nashik,207,62,362,255,133,71,0,4
551487,551487,Erandgaon Bk.,Nashik,207,415,2039,1533,512,209,9,169
551488,551488,Satali,Nashik,207,233,1087,833,303,138,1,36
551489,551489,Bhingare,Nashik,207,177,844,609,318,132,12,9
551490,551490,Mahalkhede Patoda,Nashik,207,237,1101,695,242,149,2,18
551491,551491,Mahalkhede Chandvad,Nashik,207,290,1406,901,295,369,6,23
551492,551492,Nimgaon Madh,Nashik,207,586,3048,2168,1126,377,22,58
551493,551493,Chichodi Bk.,Nashik,207,347,1893,1289,628,313,12,31
551494,551494,Chichodi Kh.,Nashik,207,387,2029,1462,835,280,21,35
551495,551495,Paregaon,Nashik,207,406,1981,1389,293,268,13,204
551496,551496,Badapur,Nashik,207,217,1147,804,461,194,1,13
551497,551497,Kotamgaon Kh.,Nashik,207,262,1264,850,187,447,9,56
551498,551498,Kotamgaon Bk.,Nashik,207,266,1269,966,265,307,11,81
551499,551499,Adgaon Chothava,Nashik,207,429,2244,1565,715,411,5,54
551500,551500,Nandesar,Nashik,207,223,1025,712,318,176,1,45
551501,551501,Devdari,Nashik,207,180,726,459,248,182,0,13
551502,551502,Kharvandi,Nashik,207,314,1506,916,534,277,1,16
551503,551503,Rahadi,Nashik,207,375,1588,978,473,397,1,21
551504,551504,Kolam Kh.,Nashik,207,193,916,666,323,146,1,18
551505,551505,Angulgaon,Nashik,207,506,2474,1658,751,404,7,36
551506,551506,Saigaon,Nashik,207,721,3117,2250,844,723,22,104
551507,551507,Panjarwadi,Nashik,207,356,1584,1114,734,185,3,29
551508,551508,Kolam Bk.,Nashik,207,239,1140,739,396,165,3,37
551509,551509,Bharam,Nashik,207,374,1816,1257,418,429,5,100
551510,551510,Vaghale,Nashik,207,302,1323,845,619,68,0,7
551511,551511,Dongarogaon,Nashik,207,364,1551,1046,699,193,4,23
551512,551512,Talwade,Nashik,207,493,2144,1372,388,622,8,44
551513,551513,Kautkhede,Nashik,207,135,778,546,313,184,0,3
551514,551514,Garkhede,Nashik,207,131,708,533,358,49,1,3
551515,551515,Dhamangaon,Nashik,207,420,2066,1475,563,439,1,77
551516,551516,Andarsul,Nashik,207,2436,12506,9164,2628,2105,165,981
551517,551517,Gondgaon,Nashik,207,601,3144,2259,1104,401,4,34
551518,551518,Pimpalkhute Bk.,Nashik,207,167,811,553,343,96,6,14
551519,551519,Pimpalkhute Kh.,Nashik,207,131,657,452,199,69,1,1
551520,551520,Adsuregaon,Nashik,207,218,1008,632,489,102,1,4
551521,551521,Bhulegaon,Nashik,207,307,1687,1127,692,211,2,27
551522,551522,Bhaykhede,Nashik,207,77,350,248,103,69,0,8
551523,551523,Deothan,Nashik,207,322,1675,1103,684,154,9,10
551524,551524,Suregaon Rasta,Nashik,207,446,2428,1695,738,247,3,69
551525,551525,Deolane,Nashik,207,396,1852,1256,799,146,0,50
551526,551526,Bokate,Nashik,207,446,2225,1531,694,494,20,63
551527,551527,Undirwadi,Nashik,207,701,3087,2170,975,663,21,154
551528,551528,Dugalgaon,Nashik,207,180,892,642,360,97,0,47
551529,551529,Khamgaon,Nashik,207,224,1234,812,482,165,2,14
551530,551530,Pimpalgaon Jalal,Nashik,207,297,1412,1056,408,227,8,67
526633,526633,Morchida,Jalgaon,11,152,866,428,24,68,0,14
526634,526634,Amalwadi,Jalgaon,11,134,705,267,8,298,0,3
526635,526635,Umarti,Jalgaon,11,393,2576,1034,156,800,0,16
526636,526636,Satrasen,Jalgaon,11,597,3662,1993,113,1433,8,89
526637,526637,Maratha,Jalgaon,11,178,831,395,44,405,3,26
526638,526638,Shikawal,Jalgaon,11,0,0,0,0,0,0,0
526639,526639,Lasur,Jalgaon,11,2083,9265,5787,613,2830,195,573
526640,526640,Chaugaon,Jalgaon,11,636,2727,1633,174,621,16,85
526641,526641,Karjane,Jalgaon,11,70,386,106,0,151,1,22
526642,526642,Mamlade,Jalgaon,11,708,3166,2015,324,1251,16,119
526643,526643,Krishnapur,Jalgaon,11,261,1448,810,36,662,0,7
526644,526644,Chunchale,Jalgaon,11,1080,4711,3171,397,1438,46,142
526645,526645,Mauje Hingone,Jalgaon,11,267,1093,706,158,430,13,17
526646,526646,Majare Hingone,Jalgaon,11,320,1384,973,108,375,7,24
526647,526647,Ganpur,Jalgaon,11,886,3880,2325,585,1125,32,112
526648,526648,Bhawale,Jalgaon,11,287,1410,878,81,551,0,20
526649,526649,Dhanore Pr.chopda,Jalgaon,11,61,267,93,4,144,0,2
526650,526650,Galangi,Jalgaon,11,309,1362,837,6,8,7,22
526651,526651,Welode,Jalgaon,11,566,2505,1567,174,723,19,206
526652,526652,Ghodgaon,Jalgaon,11,911,3985,2374,199,1252,56,168
526653,526653,Kusumbe,Jalgaon,11,331,1551,968,163,332,7,29
526654,526654,Kharya Padawa,Jalgaon,11,218,1248,476,63,287,8,20
526655,526655,Vaijapur,Jalgaon,11,234,1273,740,26,413,16,59
526656,526656,Mulyautar,Jalgaon,11,92,583,274,84,129,1,11
526657,526657,Vaijapur (Shenpani),Jalgaon,11,173,913,341,59,355,5,21
526658,526658,Karjane,Jalgaon,11,205,1363,623,55,348,6,18
526659,526659,Melane,Jalgaon,11,393,2556,953,194,562,6,53
526660,526660,Devhari,Jalgaon,11,78,467,213,101,136,0,7
526661,526661,Deozari,Jalgaon,11,284,1773,668,119,228,0,23
526662,526662,Bormali,Jalgaon,11,259,1627,612,63,550,3,19
526663,526663,Malapur,Jalgaon,11,277,1903,691,47,550,0,9
526664,526664,Virwade,Jalgaon,11,1214,5962,3077,431,1856,130,218
526665,526665,Vishnapur,Jalgaon,11,261,1368,718,180,526,5,29
526666,526666,Vadati,Jalgaon,11,432,1988,1219,390,530,3,46
526667,526667,Ambade,Jalgaon,11,256,1119,676,116,410,1,30
526668,526668,Kharag,Jalgaon,11,116,563,325,35,224,1,31
526669,526669,Narod,Jalgaon,11,96,441,232,63,162,0,14
526670,526670,Borkhede,Jalgaon,11,113,464,301,120,108,0,17
526671,526671,Vardi,Jalgaon,11,1745,7529,4581,1124,2789,45,218
526672,526672,Rukhankhede Pr.chopda,Jalgaon,11,193,939,459,38,417,31,16
526673,526673,Machale,Jalgaon,11,365,1783,1018,245,566,10,60
526674,526674,Tawase Kh.,Jalgaon,11,206,992,600,61,381,2,32
526675,526675,Mangrul,Jalgaon,11,757,3363,2160,426,975,16,180
526676,526676,Varad,Jalgaon,11,476,2417,1252,132,1183,10,56
526677,526677,Nagalwadi,Jalgaon,11,831,3786,2189,224,1514,31,176
526678,526678,Ajanti Kh.,Jalgaon,11,0,0,0,0,0,0,0
526679,526679,Bor Ajanti,Jalgaon,11,413,2364,1296,35,747,0,46
526680,526680,Adgaon,Jalgaon,11,1020,4547,2643,490,1649,14,131
526681,526681,Narwade,Jalgaon,11,215,1007,559,233,348,3,16
526682,526682,Kazipura,Jalgaon,11,200,807,555,153,292,0,16
526683,526683,Akulkhede,Jalgaon,11,1192,4743,3132,326,1439,20,228
526684,526684,Vele,Jalgaon,11,432,1851,1222,159,663,23,160
526685,526685,Akhatwade,Jalgaon,11,147,637,432,58,244,3,24
526686,526686,Majre Hol,Jalgaon,11,188,782,597,150,283,0,16
526687,526687,Garatad,Jalgaon,11,507,2295,1277,292,696,14,150
526688,526688,Ajanti Seem,Jalgaon,11,178,889,505,108,261,0,20
526689,526689,Mohide,Jalgaon,11,263,1255,878,480,62,1,57
526690,526690,Dagadi Bk,Jalgaon,11,72,310,197,114,58,2,5
526691,526691,Anwarde Bk.,Jalgaon,11,222,988,676,133,366,3,15
526692,526692,Vadhode,Jalgaon,11,643,2930,1799,475,519,13,55
526693,526693,Vitner,Jalgaon,11,459,2015,1107,259,675,11,43
526694,526694,Shendani,Jalgaon,11,98,454,314,154,0,2,4
526695,526695,Walaki,Jalgaon,11,241,1157,739,275,60,0,33
526696,526696,Malkhede,Jalgaon,11,150,780,525,27,149,6,34
526697,526697,Budhagaon,Jalgaon,11,477,2140,1353,664,590,5,52
526698,526698,Anwarde Kh.,Jalgaon,11,442,2017,1286,334,778,8,52
526699,526699,Hatede Kh.,Jalgaon,11,665,2788,1765,273,959,21,107
526700,526700,Galwade,Jalgaon,11,187,790,450,93,314,4,14
526701,526701,Hatede Bk.,Jalgaon,11,710,3547,2420,254,751,14,179
526702,526702,Bhardu,Jalgaon,11,149,746,508,78,218,7,33
526703,526703,Chahardi,Jalgaon,11,2535,11115,7677,1221,2500,81,693
526704,526704,Vichakhede,Jalgaon,11,139,600,395,147,117,4,6
526705,526705,Dhupe Kh.,Jalgaon,11,139,616,375,115,110,0,2
526706,526706,Dhupe Bk.,Jalgaon,11,95,449,285,75,156,10,11
526707,526707,Ghadwel,Jalgaon,11,347,1449,1013,495,310,11,83
526708,526708,Dondwade,Jalgaon,11,170,795,505,212,190,2,31
526709,526709,Tandalwadi,Jalgaon,11,252,1155,721,164,465,3,38
526710,526710,Nimgavhan,Jalgaon,11,398,1777,1196,273,628,8,35
526711,526711,Khachane,Jalgaon,11,361,1556,1116,231,548,8,70
526712,526712,Tawase Bk.,Jalgaon,11,358,1741,1163,350,405,15,42
526713,526713,Kurvel,Jalgaon,11,600,2763,1935,334,909,21,88
526714,526714,Dhanwadi,Jalgaon,11,228,999,640,64,310,0,26
526715,526715,Ghumawal Bk.,Jalgaon,11,160,736,511,194,173,1,31
526716,526716,Khadgaon,Jalgaon,11,275,1190,719,189,477,4,25
526717,526717,Gorgawale Bk.,Jalgaon,11,895,3750,2443,307,1389,9,156
526718,526718,Vadgaon Seem,Jalgaon,11,99,425,271,8,13,1,4
526719,526719,Kolambe,Jalgaon,11,453,2090,1346,168,867,29,36
526720,526720,Sanpule,Jalgaon,11,468,2495,1718,209,730,7,26
526721,526721,Kathore,Jalgaon,11,450,2089,1330,144,606,31,50
526722,526722,Vadgaon Kh.,Jalgaon,11,15,57,23,2,35,0,0
526723,526723,Gorgawale Kh.,Jalgaon,11,289,1592,927,237,604,0,23
526724,526724,Bhokari,Jalgaon,11,346,1682,1026,315,285,11,35
526725,526725,Khedi Bk.,Jalgaon,11,128,660,458,157,165,2,13
526726,526726,Sutkar,Jalgaon,11,473,1729,989,117,878,3,20
526727,526727,Vatar,Jalgaon,11,224,875,521,132,272,2,13
526728,526728,Vadgaon Bk.,Jalgaon,11,550,2285,1530,400,649,2,70
526729,526729,Adwad,Jalgaon,11,4855,24357,13182,1140,5966,155,1378
526730,526730,Loni,Jalgaon,11,331,1432,921,113,415,4,17
526731,526731,Khardi,Jalgaon,11,550,2515,1345,295,861,9,118
526732,526732,Ichhapur,Jalgaon,11,0,0,0,0,0,0,0
526733,526733,Badhawani,Jalgaon,11,0,0,0,0,0,0,0
526734,526734,Badhai,Jalgaon,11,0,0,0,0,0,0,0
526735,526735,Kundyapani,Jalgaon,11,222,1305,563,132,382,2,9
526736,526736,Khandane,Jalgaon,11,0,0,0,0,0,0,0
526737,526737,Bidgaon,Jalgaon,11,492,2112,1367,284,765,18,42
526738,526738,Moharad,Jalgaon,11,507,2590,1414,102,1033,3,65
526739,526739,Vargavhan,Jalgaon,11,549,2823,1317,110,554,7,15
526740,526740,Panchak,Jalgaon,11,498,2330,1415,171,895,5,65
526741,526741,Dhanore Pr.Adavad,Jalgaon,11,1599,7687,5140,502,2014,61,782
526742,526742,Deogaon,Jalgaon,11,426,1648,1093,195,614,9,65
526743,526743,Pargaon,Jalgaon,11,315,1474,984,260,561,1,54
526744,526744,Chandsani,Jalgaon,11,284,1199,868,63,261,0,38
526745,526745,Rukhankheda Pr.Adwat,Jalgaon,11,132,655,371,29,345,0,10
526746,526746,Asalwadi,Jalgaon,11,0,0,0,0,0,0,0
526747,526747,Kamalgaon,Jalgaon,11,361,1585,1023,295,564,5,46
526748,526748,Pimpri,Jalgaon,11,167,742,470,18,408,8,7
526749,526749,Mitawali,Jalgaon,11,284,1251,775,187,571,0,25
526750,526750,Pungaon,Jalgaon,11,238,1126,735,104,543,1,12
526751,526751,Ghumawal Kh.,Jalgaon,11,88,492,280,87,223,2,5
526752,526752,Langda Amba,Jalgaon,12,61,357,70,0,4,0,1
526753,526753,Usmali,Jalgaon,12,113,758,190,238,39,2,6
526754,526754,Gadrya,Jalgaon,12,131,874,293,66,318,0,2
526755,526755,Jamnya,Jalgaon,12,162,966,371,115,314,1,5
526756,526756,Vaghazira,Jalgaon,12,331,1625,819,25,605,8,76
526757,526757,Manapur,Jalgaon,12,45,301,111,8,141,0,3
526758,526758,Khalkot,Jalgaon,12,43,266,106,5,91,0,9
526759,526759,Tolane,Jalgaon,12,0,0,0,0,0,0,0
526760,526760,Ichkheda,Jalgaon,12,40,188,103,0,78,0,5
526761,526761,Adgaon,Jalgaon,12,670,3034,1992,529,953,57,92
526762,526762,Kasarkhede,Jalgaon,12,283,1378,781,101,508,12,37
526763,526763,Malod,Jalgaon,12,478,2198,1254,100,910,6,26
526764,526764,Naigaon,Jalgaon,12,1188,5148,3292,964,1409,19,89
526765,526765,Kingaon Bk,Jalgaon,12,1672,7536,5089,641,1591,100,572
526766,526766,Kingaon Kh,Jalgaon,12,809,3735,2093,102,1402,14,119
526767,526767,Chincholi,Jalgaon,12,1069,4371,3000,269,1659,24,219
526768,526768,Unthawad,Jalgaon,12,273,1162,855,110,482,8,26
526769,526769,Dongaon,Jalgaon,12,261,1006,733,104,340,31,32
526770,526770,Giradgaon,Jalgaon,12,181,821,527,111,212,0,28
526771,526771,Dambhurni,Jalgaon,12,1297,5287,3513,458,2154,30,174
526772,526772,Nhavi P Adawad,Jalgaon,12,537,2048,1273,37,1004,5,19
526773,526773,Shiragad,Jalgaon,12,124,491,321,40,245,0,4
526774,526774,Pathrale,Jalgaon,12,101,420,288,2,231,1,3
526775,526775,Ambapani,Jalgaon,12,128,818,171,6,406,1,3
526776,526776,Haripura,Jalgaon,12,194,1249,707,2,265,2,34
526777,526777,Mohrale,Jalgaon,12,598,2714,1771,406,1058,7,52
526778,526778,Savkhedesim,Jalgaon,12,1211,5643,2741,527,2458,57,120
526779,526779,Dahigaon,Jalgaon,12,1265,5668,3942,569,2001,20,232
526780,526780,Korpawli,Jalgaon,12,794,3344,2233,217,929,9,88
526781,526781,Mahelkhedi,Jalgaon,12,303,1258,962,114,533,0,24
526782,526782,Navare,Jalgaon,12,124,532,389,10,291,0,8
526783,526783,Borale,Jalgaon,12,115,446,342,22,256,0,3
526784,526784,Chunchale,Jalgaon,12,584,2751,1598,140,1194,4,46
526785,526785,Waghode,Jalgaon,12,81,386,180,25,180,1,3
526786,526786,Sakali,Jalgaon,12,2030,9750,6345,365,2711,113,394
526787,526787,Vadhode Pr Yawal,Jalgaon,12,329,1396,836,30,519,0,33
526788,526788,Viravali  Bk,Jalgaon,12,321,1640,1165,235,415,2,12
526789,526789,Shirsad,Jalgaon,12,764,3323,2205,196,1026,5,48
526790,526790,Dagadi,Jalgaon,12,146,670,358,34,351,0,8
526791,526791,Manwel,Jalgaon,12,451,1975,1405,418,496,6,93
526792,526792,Pilode Kh,Jalgaon,12,135,603,456,91,173,66,30
526793,526793,Thorgavhan,Jalgaon,12,363,1766,1153,630,324,2,21
526794,526794,Vadri Kh,Jalgaon,12,503,2130,1351,221,416,19,49
526795,526795,Parsade Bk,Jalgaon,12,399,1810,1059,113,791,3,23
526796,526796,Kolwad,Jalgaon,12,791,3211,2090,225,1025,19,67
526797,526797,Satod Pr Yawal,Jalgaon,12,471,1853,1332,358,576,1,42
526798,526798,Chitode,Jalgaon,12,403,1626,1223,214,684,11,32
526799,526799,Atrawal,Jalgaon,12,997,3915,2848,551,1021,7,106
526800,526800,Yawal (rural),Jalgaon,12,0,0,0,0,0,0,0
526801,526801,Pimpri,Jalgaon,12,220,1042,487,116,30,1,18
526802,526802,Bhalshiv,Jalgaon,12,136,679,356,8,387,0,5
526803,526803,Borawal Kh,Jalgaon,12,239,1096,774,220,387,14,30
526804,526804,Tembhi Kh,Jalgaon,12,129,467,334,40,149,3,22
526805,526805,Sangvi Kh,Jalgaon,12,286,1148,869,168,175,5,32
526806,526806,Chikhali Kh,Jalgaon,12,267,1109,740,84,379,7,29
526807,526807,Chikholi Bk,Jalgaon,12,304,1269,981,183,127,7,34
526808,526808,Mhaiswadi,Jalgaon,12,249,1147,924,166,370,0,11
526809,526809,Rojore,Jalgaon,12,298,1086,847,137,445,4,20
526810,526810,Nimgaon,Jalgaon,12,325,1279,922,151,457,4,32
526811,526811,Borawal  Bk,Jalgaon,12,143,583,396,74,251,1,18
526812,526812,Takarkhede,Jalgaon,12,181,680,604,60,366,2,16
526813,526813,Waghlud,Jalgaon,12,61,268,202,41,94,2,12
526814,526814,Anjale,Jalgaon,12,767,3284,2286,376,930,16,186
526815,526815,Pilode Bk,Jalgaon,12,277,978,772,289,346,0,6
526816,526816,Ruikhede,Jalgaon,12,104,554,96,5,217,0,5
526817,526817,Charmali,Jalgaon,12,123,673,95,33,225,2,19
526818,526818,Dangarkuthora,Jalgaon,12,1224,4957,3376,553,1391,11,154
526819,526819,Bhorkhede  Kh,Jalgaon,12,396,1807,974,60,903,0,36
526820,526820,Sangvi Bk,Jalgaon,12,1306,5307,3589,395,1610,14,290
526821,526821,Bhalod,Jalgaon,12,1937,7426,5858,561,1522,52,404
526822,526822,Bhamnod,Jalgaon,12,1744,7218,5518,688,1825,19,400
526823,526823,Padalse,Jalgaon,12,1495,6342,4826,491,1295,43,367
526824,526824,Vanoli,Jalgaon,12,202,940,645,238,169,4,39
526825,526825,Karanji,Jalgaon,12,86,335,244,1,204,1,1
526826,526826,Ridhori,Jalgaon,12,119,478,313,5,218,1,11
526827,526827,Kosgaon,Jalgaon,12,273,1150,867,63,356,4,40
526828,526828,Bhortek,Jalgaon,12,99,427,292,4,246,3,4
526829,526829,Aklud,Jalgaon,12,257,1169,700,8,66,4,214
526830,526830,Kathore Pr. Savada,Jalgaon,12,115,496,309,7,147,1,8
526831,526831,Kasve,Jalgaon,12,398,1809,1273,53,368,3,71
526832,526832,Duskhede,Jalgaon,12,363,1662,1190,57,539,24,158
526833,526833,Hingone,Jalgaon,12,1615,6719,4548,421,1761,54,256
526834,526834,Marul,Jalgaon,12,2068,10663,7688,73,2270,22,354
526835,526835,Borkhede Bk,Jalgaon,12,250,1183,641,68,395,2,45
526836,526836,Nhavi Pr. Yaval,Jalgaon,12,3143,12782,9758,830,2192,168,812
526837,526837,Hambardi,Jalgaon,12,459,1788,1450,270,362,3,64
526838,526838,Amode,Jalgaon,12,1308,5628,4129,441,1962,12,275
526839,526839,Faizpur (rural),Jalgaon,12,610,3131,2182,12,46,15,658
526840,526840,Pimprud,Jalgaon,12,383,1492,1144,94,465,0,34
526841,526841,Virode,Jalgaon,12,451,1864,1420,204,546,12,40
526842,526842,Vadhode Pr. Sawada,Jalgaon,12,93,372,246,0,186,1,11
526843,526843,Pimparkund,Jalgaon,13,0,0,0,0,0,0,0
526844,526844,Pal,Jalgaon,13,1471,7041,4332,358,1766,77,544
526845,526845,Gulabwadi,Jalgaon,13,93,496,243,148,119,0,17
526846,526846,Morwhal,Jalgaon,13,364,1766,1035,32,662,1,41
526847,526847,Jinsi,Jalgaon,13,413,2108,1077,66,581,6,57
526848,526848,Sahastraling,Jalgaon,13,138,621,366,5,199,0,14
526849,526849,Garkhede,Jalgaon,13,250,1437,572,250,345,6,58
526850,526850,Nimdya,Jalgaon,13,230,1298,381,46,187,4,16
526851,526851,Andharmali,Jalgaon,13,169,913,476,177,160,0,27
526852,526852,Garbardi,Jalgaon,13,126,709,284,109,45,2,5
526853,526853,Mohamandali (new),Jalgaon,13,143,779,299,112,238,0,13
526854,526854,Tidya,Jalgaon,13,121,669,373,94,120,59,10
526855,526855,Mohamandali (old),Jalgaon,13,30,153,61,0,0,1,0
526856,526856,Lalmati,Jalgaon,13,161,862,551,50,212,2,36
526857,526857,Ambhode Bk.,Jalgaon,13,401,1924,918,38,528,1,48
526858,526858,Ambhode Kh.,Jalgaon,13,159,793,383,49,93,0,7
526859,526859,Rasalpur,Jalgaon,13,1223,7116,4240,295,1237,60,454
526860,526860,Khirode Pr.raver,Jalgaon,13,390,1932,1228,281,466,0,33
526861,526861,Munjalwadi,Jalgaon,13,396,1908,1213,41,805,0,33
526862,526862,Kusumbe Kh.,Jalgaon,13,348,1718,1116,142,575,1,48
526863,526863,Kusumbe Bk.,Jalgaon,13,489,2222,1342,134,782,12,47
526864,526864,Utkhede,Jalgaon,13,629,2937,1915,363,899,1,81
526865,526865,Bhatkhede,Jalgaon,13,333,1531,1070,191,495,5,55
526866,526866,Raver (rural),Jalgaon,13,3385,16586,11326,551,2317,187,2165
526867,526867,Bhor,Jalgaon,13,208,1043,689,48,286,3,22
526868,526868,Nandurkhede,Jalgaon,13,153,640,332,64,243,1,18
526869,526869,Ajande,Jalgaon,13,435,1975,1296,166,784,2,39
526870,526870,Pimpri,Jalgaon,13,297,1170,747,77,87,1,9
526871,526871,Mohagan Bk.,Jalgaon,13,110,507,286,5,1,0,5
526872,526872,Padale Kh,Jalgaon,13,218,1022,613,225,348,3,22
526873,526873,Padale Bk.,Jalgaon,13,265,1372,832,79,397,0,20
526874,526874,Nirul,Jalgaon,13,257,1051,709,292,252,5,38
526875,526875,Ahirwadi,Jalgaon,13,964,4325,2769,507,1666,131,111
526876,526876,Junone,Jalgaon,13,92,587,369,38,182,6,14
526877,526877,Kerhale Kh.,Jalgaon,13,317,1599,861,78,651,0,21
526878,526878,Kerhale Bk.,Jalgaon,13,1588,7473,4937,1027,1979,48,245
526879,526879,Karjod,Jalgaon,13,691,3081,2095,255,319,27,257
526880,526880,Khanapur,Jalgaon,13,896,3711,2642,500,974,12,149
526881,526881,Chorwad,Jalgaon,13,181,807,481,124,379,1,22
526882,526882,Ajanad,Jalgaon,13,484,2106,1321,292,987,3,27
526883,526883,Morgaon Bk.,Jalgaon,13,123,459,338,68,70,0,31
526884,526884,Waghod,Jalgaon,13,1021,4243,2994,411,1313,27,221
526885,526885,Bhokari,Jalgaon,13,393,1909,1232,145,716,10,22
526886,526886,Tamaswadi,Jalgaon,13,299,1362,949,156,416,0,23
526887,526887,Borkhede,Jalgaon,13,95,346,212,31,125,0,15
526888,526888,Punkhede,Jalgaon,13,317,1292,925,196,529,5,42
526889,526889,Morgaon Kh.,Jalgaon,13,736,3113,2281,177,882,15,77
526890,526890,Atwade,Jalgaon,13,482,2297,1383,293,747,7,189
526891,526891,Dodhe,Jalgaon,13,234,846,601,75,345,0,8
526892,526892,Nehete,Jalgaon,13,350,1527,952,145,728,1,29
526893,526893,Khirwad,Jalgaon,13,685,3148,2175,201,1119,16,120
526894,526894,Patondi,Jalgaon,13,494,2263,1494,276,610,5,50
526895,526895,Boharde,Jalgaon,13,137,621,359,188,104,1,22
526896,526896,Therode,Jalgaon,13,283,1220,825,155,376,5,46
526897,526897,Dhurkhede,Jalgaon,13,182,739,454,45,312,2,17
526898,526898,Nimbhore Sim,Jalgaon,13,300,1320,925,11,45,0,20
526899,526899,Janori,Jalgaon,13,240,1151,591,2,3,0,8
526900,526900,Chinchati,Jalgaon,13,128,553,292,0,30,1,8
526901,526901,Lohare,Jalgaon,13,989,4801,2835,189,1806,5,139
526902,526902,Gaulkhede,Jalgaon,13,212,1014,560,24,485,0,13
526903,526903,Kumbharkhade,Jalgaon,13,723,3301,2201,459,1020,9,127
526904,526904,Savkhede Kh.,Jalgaon,13,187,863,614,64,157,5,13
526905,526905,Savkhede Bk.,Jalgaon,13,645,2753,1865,195,732,18,128
526906,526906,Khirode Pr. Yawal,Jalgaon,13,1414,5399,4118,426,1741,42,331
526907,526907,Kalmode,Jalgaon,13,590,2659,1698,128,1073,2,39
526908,526908,Rozode,Jalgaon,13,1072,4292,3370,547,1034,89,349
526909,526909,Chinawal,Jalgaon,13,2738,11747,8715,840,2222,94,973
526910,526910,Wadgaon,Jalgaon,13,317,1367,826,15,447,4,26
526911,526911,Vivare Kh,Jalgaon,13,943,4169,2911,228,1418,19,131
526912,526912,Vivare Bk.,Jalgaon,13,1570,7135,4970,429,2192,25,262
526913,526913,Nimbhore  Bk.,Jalgaon,13,2307,9789,7314,600,2459,126,401
526914,526914,Kochur Kh.,Jalgaon,13,159,743,555,64,200,0,8
526915,526915,Borkhede Sim,Jalgaon,13,154,653,455,43,142,0,35
526916,526916,Kochur Bk.,Jalgaon,13,611,2731,2077,265,777,5,48
526917,526917,Waghode Bk.,Jalgaon,13,1767,8835,5874,592,1854,36,361
526918,526918,Dasanur,Jalgaon,13,476,2081,1559,305,447,3,85
526919,526919,Singanur,Jalgaon,13,371,1465,914,24,721,3,39
526920,526920,Andalwadi,Jalgaon,13,623,2446,1768,22,573,2,20
526921,526921,Maskawad Kh.,Jalgaon,13,231,814,618,52,229,1,46
526922,526922,Maskawadsim,Jalgaon,13,565,1949,1570,173,440,69,116
526923,526923,Savda (rural),Jalgaon,13,198,956,604,31,33,4,130
526924,526924,Waghode Kh,Jalgaon,13,460,1937,1439,104,483,7,60
526925,526925,Maskawad Bk.,Jalgaon,13,571,2089,1608,95,697,11,54
526926,526926,Sunode,Jalgaon,13,388,1545,1082,78,723,3,27
526927,526927,Gate,Jalgaon,13,658,2640,1881,18,202,2,77
526928,526928,Thorgavhan,Jalgaon,13,921,3143,2454,264,850,13,144
526929,526929,Chunwade,Jalgaon,13,55,215,175,1,60,0,1
526930,526930,Mangi,Jalgaon,13,108,397,329,15,175,0,12
526931,526931,Sudgaon,Jalgaon,13,117,529,404,1,286,4,10
526932,526932,Raipur,Jalgaon,13,407,1653,1205,18,398,3,23
526933,526933,Gahukhede,Jalgaon,13,270,1220,937,221,228,25,41
526934,526934,Rangaon,Jalgaon,13,222,869,644,93,301,0,35
526935,526935,Taskhede,Jalgaon,13,278,1041,767,79,319,1,59
526936,526936,Udhali  Kh,Jalgaon,13,348,1390,1009,133,276,2,62
526937,526937,Udhali Bk,Jalgaon,13,341,1409,930,64,728,19,64
526938,526938,Lumkhede,Jalgaon,13,136,630,409,39,167,3,9
526939,526939,Nimbol,Jalgaon,13,851,3722,2481,317,1064,21,159
526940,526940,Sangve,Jalgaon,13,96,347,190,1,186,0,3
526941,526941,Vitwe,Jalgaon,13,567,2469,1613,198,884,13,41
526942,526942,Ainpur,Jalgaon,13,1628,7401,4611,444,2317,41,391
526943,526943,Rembhote,Jalgaon,13,350,1285,891,20,339,1,12
526944,526944,Khirdi Kh.,Jalgaon,13,916,3689,2716,237,1054,9,163
526945,526945,Khirdi Bk.,Jalgaon,13,1000,4239,2774,269,1204,42,180
526946,526946,Waghadi,Jalgaon,13,352,1608,1187,174,635,3,20
526947,526947,Dhamodi,Jalgaon,13,418,1721,1296,199,552,9,38
526948,526948,Sulwadi,Jalgaon,13,187,788,586,86,345,0,18
526949,526949,Kolode,Jalgaon,13,178,719,548,14,297,2,20
526950,526950,Kandwel,Jalgaon,13,392,1891,1276,409,427,9,17
526951,526951,Shingadi,Jalgaon,13,226,985,659,324,286,1,9
526952,526952,Bhamalwadi,Jalgaon,13,136,566,416,1,338,0,6
526953,526953,Balwadi,Jalgaon,13,657,2457,1550,174,834,6,73
526954,526954,Singat,Jalgaon,13,149,642,454,53,222,0,5
526955,526955,Tandalwadi,Jalgaon,13,1151,5007,3433,333,1587,11,239
526956,526956,Mangalwadi,Jalgaon,13,252,1040,701,25,180,0,1
526957,526957,Puri,Jalgaon,13,176,845,588,126,373,1,13
526958,526958,Goulwade,Jalgaon,13,222,927,643,19,243,1,28
526959,526959,Manglur (N.V.),Jalgaon,13,197,1045,392,5,213,2,22
526960,526960,Patondi,Jalgaon,14,404,1872,1108,160,614,9,83
526961,526961,Anturli,Jalgaon,14,2222,10256,6169,555,2417,31,576
526962,526962,Narvel,Jalgaon,14,272,1240,873,34,378,0,17
526963,526963,Bhokari,Jalgaon,14,210,825,644,130,210,0,6
526964,526964,Dhamande,Jalgaon,14,181,846,572,42,376,1,10
526965,526965,Belkhede,Jalgaon,14,62,275,191,14,128,0,4
526966,526966,Belaswadi,Jalgaon,14,545,2337,1429,174,543,16,145
526967,526967,Pimpri Nandu,Jalgaon,14,537,2374,1487,258,523,7,200
526968,526968,Naigaon,Jalgaon,14,430,1922,1249,317,639,4,36
526969,526969,Kothe,Jalgaon,14,86,413,294,72,97,0,4
526970,526970,Karkee,Jalgaon,14,561,2423,1615,192,535,29,118
526971,526971,Loharkhede,Jalgaon,14,257,1148,885,209,325,3,31
526972,526972,Pimpri Bhojana,Jalgaon,14,124,557,358,106,193,0,6
526973,526973,Ramgad,Jalgaon,14,0,0,0,0,0,0,0
526974,526974,Dhabe,Jalgaon,14,245,1175,483,26,573,1,15
526975,526975,Mendhode,Jalgaon,14,164,788,482,107,245,12,13
526976,526976,Pimpri Pancham,Jalgaon,14,197,968,629,183,238,0,71
526977,526977,Purnad,Jalgaon,14,386,1650,864,222,293,0,182
526978,526978,Shemalde,Jalgaon,14,298,1390,901,132,523,5,32
526979,526979,Mondhalde,Jalgaon,14,162,583,356,44,124,2,42
526980,526980,Panchane,Jalgaon,14,147,599,424,65,77,2,3
526981,526981,Mel Sangave,Jalgaon,14,375,1560,1017,136,408,0,26
526982,526982,Uchande,Jalgaon,14,936,3871,2529,431,1350,11,128
526983,526983,Khamkhede,Jalgaon,14,357,1540,831,240,530,1,77
526984,526984,Dui,Jalgaon,14,227,978,619,88,355,1,17
526985,526985,Sukali,Jalgaon,14,350,1637,1098,236,532,2,30
526986,526986,Anjangaon,Jalgaon,14,0,0,0,0,0,0,0
526987,526987,Dolarkhede,Jalgaon,14,215,904,413,81,382,7,29
526988,526988,Khamani,Jalgaon,14,0,0,0,0,0,0,0
526989,526989,Nandwel,Jalgaon,14,186,825,595,114,353,0,18
526990,526990,Vayale,Jalgaon,14,167,599,369,244,137,2,5
526991,526991,Charthane,Jalgaon,14,565,2385,1177,124,1046,2,71
526992,526992,Madhapuri (N.V.),Jalgaon,14,159,952,286,97,238,114,5
526993,526993,Morzira,Jalgaon,14,205,870,431,75,345,0,17
526994,526994,Daulatpur,Jalgaon,14,0,0,0,0,0,0,0
526995,526995,Rajure,Jalgaon,14,242,1348,598,140,528,0,15
526996,526996,Jondhan Khede,Jalgaon,14,379,1835,1086,120,505,1,37
526997,526997,Bahadarpur,Jalgaon,14,0,0,0,0,0,0,0
526998,526998,Halkhede,Jalgaon,14,424,2584,681,266,556,73,5
526999,526999,Wadhode,Jalgaon,14,1497,6893,4339,798,1707,28,160
527000,527000,Dhule,Jalgaon,14,135,655,361,26,331,3,12
527001,527001,Umare,Jalgaon,14,178,777,420,18,364,0,15
527002,527002,Hivare,Jalgaon,14,197,825,564,69,287,3,27
527003,527003,Borkhede,Jalgaon,14,333,1507,873,279,440,3,95
527004,527004,Dhamangaon,Jalgaon,14,312,1350,800,132,510,4,19
527005,527005,Takali,Jalgaon,14,436,1998,1082,299,681,10,60
527006,527006,Chinchkhede Bk.,Jalgaon,14,303,1417,935,305,430,4,13
527007,527007,Mahalkhede,Jalgaon,14,334,1343,893,271,459,5,30
527008,527008,Nimkhedi  Bk.,Jalgaon,14,621,2867,2041,344,806,8,97
527009,527009,Ichhapur,Jalgaon,14,417,1952,1230,525,587,1,36
527010,527010,Bodwad,Jalgaon,14,382,1744,1020,219,874,1,20
527011,527011,Kakode,Jalgaon,14,439,2161,1313,357,628,6,101
527012,527012,Parambi,Jalgaon,14,478,2188,1568,422,371,6,76
527013,527013,Talkhede,Jalgaon,14,138,573,388,58,238,1,18
527014,527014,Chinchkhede Kh,Jalgaon,14,137,535,403,46,104,0,13
527015,527015,Sule,Jalgaon,14,261,1113,808,188,289,0,19
527016,527016,Bhote,Jalgaon,14,333,1342,957,187,595,0,15
527017,527017,Kurhe,Jalgaon,14,1825,7849,5488,585,2063,44,437
527018,527018,Therole,Jalgaon,14,208,882,539,102,295,2,19
527019,527019,Pimprale,Jalgaon,14,381,1548,911,211,676,0,22
527020,527020,Korhale,Jalgaon,14,246,1170,688,179,422,0,10
527021,527021,Rigaon,Jalgaon,14,197,832,524,55,373,0,12
527022,527022,Chinchol,Jalgaon,14,526,2259,1571,210,619,11,132
527023,527023,Mehun,Jalgaon,14,202,919,689,54,317,1,35
527024,527024,Changdeo,Jalgaon,14,1086,4436,3079,408,1522,11,238
527025,527025,Kasarkhede,Jalgaon,14,26,100,77,12,21,0,11
527026,527026,Manegaon,Jalgaon,14,310,1308,848,115,377,1,27
527027,527027,Kothali,Jalgaon,14,677,3210,2410,539,694,15,127
527028,527028,Muktainagar,Jalgaon,14,5352,23970,17531,646,1695,212,4155
527029,527029,Kund,Jalgaon,14,152,680,459,40,316,1,19
527030,527030,Ghodasgaon,Jalgaon,14,757,3287,2321,588,969,8,114
527031,527031,Pimpriakaraut,Jalgaon,14,458,1963,1343,209,786,30,57
527032,527032,Salbardi,Jalgaon,14,410,1662,1288,303,465,1,55
527033,527033,Vadhave,Jalgaon,14,313,1294,791,331,310,5,34
527034,527034,Hartale,Jalgaon,14,1097,4664,3117,560,1457,32,162
527035,527035,Satod,Jalgaon,14,331,1354,855,246,295,0,43
527036,527036,Chikhali,Jalgaon,14,480,2228,1506,344,709,8,95
527037,527037,Bhandgure,Jalgaon,14,100,511,354,213,47,1,6
527038,527038,Tarode,Jalgaon,14,357,1647,1164,123,491,3,58
527039,527039,Dhormal,Jalgaon,14,102,398,288,137,68,0,2
527040,527040,Nimkhedi Kh,Jalgaon,14,595,2281,1567,710,474,2,67
527041,527041,Sarole,Jalgaon,14,331,1281,770,135,568,5,29
527042,527042,Malegaon,Jalgaon,14,217,1048,685,107,319,10,44
527043,527043,Manyarkhede,Jalgaon,14,67,277,157,91,79,0,2
527044,527044,Ruikhede,Jalgaon,14,831,3617,2537,968,961,12,70
527045,527045,Vichave,Jalgaon,15,202,868,611,60,182,5,40
527046,527046,Dhanori,Jalgaon,15,92,368,204,26,148,1,23
527047,527047,Golegaon Kh,Jalgaon,15,217,901,700,173,195,0,20
527048,527048,Golegaon Bk,Jalgaon,15,72,278,183,73,65,0,10
527049,527049,Pachadevali,Jalgaon,15,103,395,282,153,68,0,6
527050,527050,Junone,Jalgaon,15,280,1270,700,108,434,8,57
527051,527051,Karanji,Jalgaon,15,326,1312,841,240,525,4,31
527052,527052,Bhankhede Pr. Varangaon,Jalgaon,15,210,888,636,261,149,43,9
527053,527053,Surwade Bk.,Jalgaon,15,394,1605,1034,234,536,6,30
527054,527054,Manmodi,Jalgaon,15,241,963,654,85,423,1,27
527055,527055,Surwade Kh.,Jalgaon,15,273,1045,699,418,171,2,16
527056,527056,Borgaon,Jalgaon,15,77,340,116,7,55,1,130
527057,527057,Muktal,Jalgaon,15,399,1751,1160,163,98,26,12
527058,527058,Varad Kh.,Jalgaon,15,95,479,260,101,114,0,3
527059,527059,Varad  Bk.,Jalgaon,15,205,912,558,206,138,29,37
527060,527060,Palaskhede Bk.,Jalgaon,15,276,1529,999,124,421,0,26
527061,527061,Farkande,Jalgaon,15,0,0,0,0,0,0,0
527062,527062,Amadgaon,Jalgaon,15,302,1319,969,183,421,4,74
527063,527063,Hingane,Jalgaon,15,275,1094,671,87,461,10,20
527064,527064,Shirsale,Jalgaon,15,328,1509,964,129,721,1,29
527065,527065,Chinchkhede Seem,Jalgaon,15,298,1289,901,239,518,7,23
527066,527066,Kolhadi,Jalgaon,15,536,2242,1771,582,602,5,38
527067,527067,Sonoti,Jalgaon,15,183,654,363,65,118,0,27
527068,527068,Nadgaon,Jalgaon,15,700,3174,2373,652,331,15,323
527069,527069,Nandgaon,Jalgaon,15,348,1704,1269,113,288,7,49
527070,527070,Palaskhede Kh.,Jalgaon,15,17,71,19,4,33,0,0
527071,527071,Varkhede Kh.,Jalgaon,15,175,693,495,18,157,4,30
527072,527072,Nimkhede,Jalgaon,15,248,971,778,324,54,2,12
527073,527073,Yengaon,Jalgaon,15,665,2877,2106,705,696,2,111
527074,527074,Varkhede Bk.,Jalgaon,15,200,805,620,168,244,0,11
527075,527075,Rajur,Jalgaon,15,299,1296,895,321,328,18,26
527076,527076,Shevage Bk.,Jalgaon,15,51,286,217,160,0,0,5
527077,527077,Chikhali Bk.,Jalgaon,15,295,1285,924,365,339,16,44
527078,527078,Chinchkhede Pr. Bodwad,Jalgaon,15,155,679,421,152,107,3,18
527079,527079,Kholpimpri,Jalgaon,15,0,0,0,0,0,0,0
527080,527080,Salshingi,Jalgaon,15,707,2993,1858,535,937,6,46
527081,527081,Jalchakra Bk.,Jalgaon,15,384,1705,1020,380,368,7,74
527082,527082,Bodwad,Jalgaon,15,5051,24221,17380,672,3604,133,3496
527083,527083,Jalchakra Kh.,Jalgaon,15,151,721,429,174,235,0,42
527084,527084,Vaki,Jalgaon,15,148,658,397,227,140,0,9
527085,527085,Shelwad,Jalgaon,15,996,4300,3033,831,1405,15,93
527086,527086,Revati,Jalgaon,15,185,821,472,96,224,1,12
527087,527087,Yevati,Jalgaon,15,639,2655,1820,247,651,2,51
527088,527088,Manur Bk.,Jalgaon,15,681,3164,2244,433,1184,14,29
527089,527089,Manur Kh.,Jalgaon,15,271,1292,976,244,191,1,39
527090,527090,Kurha Hardo,Jalgaon,15,473,2017,1285,122,542,7,23
527091,527091,Jamathi,Jalgaon,15,585,2462,1774,407,438,11,82
527092,527092,Lonwadi Pr.bodwad,Jalgaon,15,560,2613,1809,49,171,4,239
527093,527093,Dhondkheda,Jalgaon,15,373,1291,927,596,125,2,8
527094,527094,Shevage Kh.,Jalgaon,15,124,537,355,79,66,0,11
527095,527095,Vadji,Jalgaon,15,141,658,400,204,197,0,5
527096,527096,Harankhede,Jalgaon,15,361,1625,1183,455,356,21,49
527097,527097,Ghankhede,Jalgaon,15,330,1214,901,217,450,5,38
527098,527098,Bhankhede Pr. Edlabad,Jalgaon,16,146,543,415,113,170,1,29
527099,527099,Jogalkhede,Jalgaon,16,132,597,369,74,48,0,14
527100,527100,Sakegaon,Jalgaon,16,2031,9195,5922,378,1867,94,1048
527101,527101,Vanjole,Jalgaon,16,214,1036,662,184,306,0,64
527102,527102,Mirgavhan,Jalgaon,16,55,231,163,4,20,0,30
527103,527103,Khedi Bk.,Jalgaon,16,166,802,609,8,152,1,39
527104,527104,Kanhale Bk.,Jalgaon,16,493,2348,1563,109,397,13,173
527105,527105,Khadake,Jalgaon,16,1907,9332,7074,485,579,208,1191
527106,527106,Sakari,Jalgaon,16,1058,4559,3461,717,773,26,263
527107,527107,Kanhale Kh.,Jalgaon,16,193,847,663,36,195,0,118
527108,527108,Chorwad,Jalgaon,16,276,1257,845,113,357,7,190
527109,527109,Gojore,Jalgaon,16,544,2392,1797,364,476,0,73
527110,527110,Gombhi,Jalgaon,16,91,494,326,177,82,2,27
527111,527111,Sunasgaon,Jalgaon,16,595,2329,1703,295,476,4,167
527112,527112,Belvhal,Jalgaon,16,249,1078,856,148,290,1,17
527113,527113,Varad Seem,Jalgaon,16,1411,5361,4026,895,1260,19,249
527114,527114,Kurhe Pr. Nashirabad,Jalgaon,16,1854,8467,6115,910,1995,46,513
527115,527115,Jogalkhori,Jalgaon,16,122,526,208,15,254,1,11
527116,527116,Bhilmali,Jalgaon,16,174,937,473,99,372,0,14
527117,527117,Mandavedigar,Jalgaon,16,385,2121,1114,211,610,7,110
527118,527118,Bhusawal (Rural),Jalgaon,16,1158,5527,4318,41,28,24,1348
527119,527119,Fekari,Jalgaon,16,1342,6077,4513,130,307,59,780
527120,527120,Pimprisekam.,Jalgaon,16,295,1313,932,34,375,2,135
527121,527121,Kathore Bk.,Jalgaon,16,233,1013,800,48,256,5,56
527122,527122,Kathore Kh.,Jalgaon,16,166,723,647,107,112,11,19
527123,527123,Nimbhore Kh.,Jalgaon,16,160,679,424,9,202,2,5
527124,527124,Savtar,Jalgaon,16,117,503,335,5,204,3,10
527125,527125,Hatnur,Jalgaon,16,400,1734,1159,128,385,14,84
527126,527126,Tahakali,Jalgaon,16,340,1501,1078,45,364,2,24
527127,527127,Manpur,Jalgaon,16,88,329,230,12,180,0,4
527128,527128,Anjansonde,Jalgaon,16,275,1210,874,76,348,0,114
527129,527129,Fulgaon,Jalgaon,16,1275,5300,3798,302,939,47,694
527130,527130,Jadgaon,Jalgaon,16,244,970,741,11,403,3,9
527131,527131,Manyarkhede,Jalgaon,16,215,940,620,231,302,4,11
527132,527132,Vilhale,Jalgaon,16,514,2127,1491,345,641,8,43
527133,527133,Daryapur,Jalgaon,16,294,1195,936,100,280,1,100
527134,527134,Kahurkhede,Jalgaon,16,325,1342,927,246,412,3,50
527135,527135,Bohardi Kh,Jalgaon,16,116,593,360,68,208,0,12
527136,527136,Bohardi Bk,Jalgaon,16,241,1129,709,114,453,0,27
527137,527137,Talwel,Jalgaon,16,1456,5953,4711,680,1425,53,408
527138,527138,Vazarkhede,Jalgaon,16,544,2418,1800,385,622,1,41
527139,527139,Kinhi,Jalgaon,16,816,3183,2513,323,760,16,189
527140,527140,Khandale,Jalgaon,16,375,1537,1085,194,313,1,138
527141,527141,Mondhale,Jalgaon,16,333,1520,1060,282,461,1,40
527142,527142,Shindi,Jalgaon,16,546,2330,1481,266,927,0,68
527143,527143,Susari,Jalgaon,16,406,1758,1365,350,308,8,64
527144,527144,Pimpalgaon Kh.,Jalgaon,16,468,2025,1556,409,789,6,25
527145,527145,Achegaon,Jalgaon,16,322,1200,965,299,209,1,23
527146,527146,Pimpalgaon Bk.,Jalgaon,16,495,2037,1562,616,387,11,75
527147,527147,Belkhede Digar,Jalgaon,16,43,157,113,11,34,0,0
527151,527151,Bhokar,Jalgaon,17,813,3629,2250,448,1231,56,141
527152,527152,Palsod,Jalgaon,17,143,701,386,99,88,2,37
527153,527153,Jamod,Jalgaon,17,125,613,379,18,322,0,8
527154,527154,Amode Bk.,Jalgaon,17,350,1570,1108,109,639,15,63
527155,527155,Gadhode,Jalgaon,17,397,2064,1258,265,290,3,51
527156,527156,Deogoan,Jalgaon,17,188,833,522,73,106,0,60
527157,527157,Bhadli Kh,Jalgaon,17,359,1687,1029,140,516,3,41
527158,527158,Phupani,Jalgaon,17,205,999,583,81,230,2,22
527159,527159,Kathore,Jalgaon,17,294,1231,889,116,442,2,28
527160,527160,Kinod,Jalgaon,17,337,1362,885,114,229,43,61
527161,527161,Nandgaon,Jalgaon,17,295,1217,870,258,113,1,15
527162,527162,Savkhede Kh.,Jalgaon,17,214,1006,691,139,306,8,24
527163,527163,Karanj,Jalgaon,17,270,1261,891,198,417,10,31
527164,527164,Fesardi,Jalgaon,17,100,436,321,43,92,0,2
527165,527165,Pilkhede,Jalgaon,17,352,1646,926,113,722,4,22
527166,527166,Dhanore Kh,Jalgaon,17,75,391,226,48,110,0,4
527167,527167,Ghardi,Jalgaon,17,153,680,443,36,193,1,18
527168,527168,Nandre Bk,Jalgaon,17,757,3290,2324,259,1057,10,133
527169,527169,KuwarKhede,Jalgaon,17,120,498,398,87,163,0,38
527170,527170,Amode Kh,Jalgaon,17,153,717,459,79,214,3,10
527171,527171,Ridhur,Jalgaon,17,265,1218,926,103,290,2,20
527172,527172,Diksai,Jalgaon,17,166,821,492,158,250,16,27
527173,527173,Vidgaon,Jalgaon,17,583,2507,1660,62,1386,15,94
527174,527174,Awar,Jalgaon,17,147,601,409,60,191,2,6
527175,527175,Turkhede,Jalgaon,17,129,533,369,35,220,3,3
527176,527176,Dhamangaon,Jalgaon,17,378,1686,1205,147,526,2,173
527177,527177,Khaparkhede,Jalgaon,17,73,332,217,3,182,0,3
527178,527178,Kanalde,Jalgaon,17,1913,8428,5867,490,2263,24,432
527179,527179,Fupanagari,Jalgaon,17,416,1978,1329,170,621,6,68
527180,527180,Nandre Kh,Jalgaon,17,138,604,407,76,206,2,54
527181,527181,Sujde,Jalgaon,17,137,648,470,132,222,2,12
527182,527182,Deulwade,Jalgaon,17,164,663,433,28,184,3,44
527183,527183,Bholane,Jalgaon,17,365,1682,1105,216,431,3,187
527184,527184,Kanaswade,Jalgaon,17,193,805,545,170,218,10,4
527185,527185,Shelgaon,Jalgaon,17,324,1419,1017,280,482,5,16
527186,527186,Kadgaon,Jalgaon,17,753,2982,2225,222,933,27,126
527187,527187,Bhadli Bk,Jalgaon,17,1740,7001,5099,617,1941,17,371
527188,527188,Mamurabad,Jalgaon,17,1694,7766,5702,502,1398,28,689
527189,527189,Vadnagari,Jalgaon,17,153,765,531,274,138,2,29
527190,527190,Khedi Kh,Jalgaon,17,454,2131,1251,301,492,9,86
527191,527191,Avhane,Jalgaon,17,1160,5661,3914,383,1305,47,604
527192,527192,Asoda,Jalgaon,17,3105,13816,10293,830,3520,86,1227
527193,527193,Savkhede Bk.,Jalgaon,17,835,3834,2862,143,481,47,527
527194,527194,Tighre,Jalgaon,17,47,253,122,0,60,0,6
527195,527195,Khirdi,Jalgaon,17,61,208,151,5,71,0,6
527196,527196,Jalgaon Kh.,Jalgaon,17,586,2603,1991,193,328,21,181
527197,527197,Nashirabad,Jalgaon,17,5512,26131,19099,825,2677,117,4032
527198,527198,Tarsod,Jalgaon,17,559,2333,1670,103,508,18,313
527199,527199,Manyar Khede,Jalgaon,17,418,1862,1247,42,644,3,7
527200,527200,Kusumbe Kh,Jalgaon,17,1756,7674,5130,215,542,88,1936
527201,527201,Beli,Jalgaon,17,238,938,672,148,238,4,173
527202,527202,Nimgaon Bk,Jalgaon,17,126,510,364,106,143,0,8
527203,527203,Bhagpur,Jalgaon,17,64,357,129,3,182,0,27
527204,527204,Chincholi,Jalgaon,17,883,3920,2600,278,1210,23,460
527205,527205,Pimpale,Jalgaon,17,0,0,0,0,0,0,0
527206,527206,Dhanwad,Jalgaon,17,967,4602,2664,509,1412,26,225
527207,527207,Umale,Jalgaon,17,588,2741,1819,444,787,2,111
527208,527208,Devhari,Jalgaon,17,132,445,294,10,179,0,0
527209,527209,Kandari,Jalgaon,17,688,3081,1790,203,1327,9,84
527210,527210,Raipur,Jalgaon,17,361,1490,1029,18,30,3,373
527211,527211,Dhanore Bk.,Jalgaon,17,262,1226,723,62,499,15,75
527212,527212,Nagziri,Jalgaon,17,27,130,48,0,63,0,2
527213,527213,Mohadi,Jalgaon,17,667,4102,2811,135,818,19,370
527214,527214,Shirsoli P.B.,Jalgaon,17,1940,9126,6185,590,2056,63,907
527215,527215,Shirsoli P.N.,Jalgaon,17,1982,9225,6393,485,2265,189,976
527216,527216,Dapore,Jalgaon,17,526,2516,1459,339,797,16,235
527217,527217,Lamanjan P.Bornar,Jalgaon,17,154,734,424,182,242,3,15
527218,527218,Kurhadade,Jalgaon,17,138,753,511,28,399,0,3
527219,527219,Wakadi,Jalgaon,17,112,507,310,14,212,1,3
527220,527220,Wavdade,Jalgaon,17,349,1709,949,272,542,29,86
527221,527221,Ramdeowadi,Jalgaon,17,310,1681,877,147,513,2,68
527222,527222,Vasantwadi,Jalgaon,17,426,2126,1058,86,801,4,107
527223,527223,Vitner,Jalgaon,17,712,3375,2075,745,960,37,50
527224,527224,Jalke,Jalgaon,17,226,1042,736,162,272,1,57
527225,527225,Bilkhede,Jalgaon,17,66,324,219,47,79,19,28
527226,527226,Bilwadi,Jalgaon,17,333,1645,1120,205,474,11,100
527227,527227,Mhasawad,Jalgaon,17,1787,8424,5656,383,948,73,977
527228,527228,Bornar,Jalgaon,17,775,3757,2587,301,601,27,203
527229,527229,Pathari,Jalgaon,17,590,2614,1791,206,955,22,229
527230,527230,Domgaon,Jalgaon,17,221,1145,759,156,302,0,34
527231,527231,Vadali,Jalgaon,17,413,1813,1286,290,467,15,116
527232,527232,Jawkhede,Jalgaon,17,159,704,478,139,44,1,9
527233,527233,Varad Bk.,Jalgaon,17,121,537,405,164,153,0,6
527234,527234,Varad Kh.,Jalgaon,17,61,304,119,61,103,0,16
527235,527235,Subhashwadi,Jalgaon,17,322,1800,779,349,506,2,34
527236,527236,Lonwadi Kh,Jalgaon,17,235,1201,538,56,569,2,17
527237,527237,Lonwadi Bk,Jalgaon,17,96,433,283,35,115,0,6
527238,527238,Toli Kh.,Jalgaon,18,254,1154,734,128,549,0,15
527239,527239,Javkhede Kh.,Jalgaon,18,360,1628,1055,106,664,5,12
527240,527240,Javkhede Bk.,Jalgaon,18,328,1386,835,80,485,10,24
527241,527241,Pimpri-pr-chandsar,Jalgaon,18,189,930,601,146,126,6,20
527242,527242,Pimpri Bk.,Jalgaon,18,309,1446,859,215,345,1,62
527243,527243,Pimpalkhothe Bk.,Jalgaon,18,692,3260,2240,417,591,35,178
527244,527244,Pimpalkothe Kh.,Jalgaon,18,319,1487,887,70,660,3,73
527245,527245,Chortakki,Jalgaon,18,141,637,408,135,253,1,3
527246,527246,Vikharan,Jalgaon,18,1269,5673,3574,820,2113,15,153
527247,527247,Nandgaon Bk.,Jalgaon,18,120,691,391,89,44,0,2
527248,527248,Bhalgaon Bk.,Jalgaon,18,307,1591,917,336,419,1,58
527249,527249,Patarkhede,Jalgaon,18,211,824,562,137,225,2,66
527250,527250,Palasdal,Jalgaon,18,86,431,130,1,244,0,3
527251,527251,Dharagir,Jalgaon,18,246,1157,677,81,473,1,16
527252,527252,Ganeshnagar,Jalgaon,18,217,1157,458,49,526,1,7
527253,527253,Khadke Kh.,Jalgaon,18,356,1531,910,94,590,5,42
527254,527254,Khadke Sim,Jalgaon,18,131,593,341,3,245,0,17
527255,527255,Erandol (Rural),Jalgaon,18,668,3043,2305,66,175,29,722
527256,527256,Sawade Pr. Chandsar,Jalgaon,18,422,1848,1141,173,485,9,127
527257,527257,Takarkhede,Jalgaon,18,255,1168,552,184,438,1,73
527258,527258,Vaijanath,Jalgaon,18,221,1009,720,89,437,1,28
527259,527259,Kadholi,Jalgaon,18,719,3036,2146,316,1208,33,57
527260,527260,Pimpalkothe Pr. Chandsar,Jalgaon,18,402,2020,1286,321,500,21,81
527261,527261,Ringangaon,Jalgaon,18,831,3765,2428,373,888,11,155
527262,527262,Kharchi Bk.,Jalgaon,18,469,2349,1510,396,563,5,62
527263,527263,Ravanje Kh.,Jalgaon,18,297,1419,831,167,484,8,22
527264,527264,Khedi Kh.,Jalgaon,18,338,1643,1103,222,586,13,23
527265,527265,Dapori,Jalgaon,18,213,955,577,77,120,70,10
527266,527266,Ravanje Bk.,Jalgaon,18,651,2912,1917,416,749,10,113
527267,527267,Kharchi Kh.,Jalgaon,18,285,1229,713,168,578,1,12
527268,527268,Khadke Bk.,Jalgaon,18,434,1841,1189,332,673,11,49
527269,527269,Varkhedi,Jalgaon,18,214,932,568,169,214,2,19
527270,527270,Umarde,Jalgaon,18,276,1417,799,151,651,9,17
527271,527271,Mukhpat,Jalgaon,18,75,345,181,3,140,21,1
527272,527272,Nagduli,Jalgaon,18,506,2455,1360,165,792,9,104
527273,527273,Waghlud Sim,Jalgaon,18,0,0,0,0,0,0,0
527274,527274,Pimpri Sim,Jalgaon,18,161,687,425,100,129,4,22
527275,527275,Bhatkhede,Jalgaon,18,682,2979,1955,320,1016,5,31
527276,527276,Hanmantkhede Bk.,Jalgaon,18,187,743,590,247,142,3,18
527277,527277,Hanmantkhade Majre,Jalgaon,18,84,323,242,117,54,1,3
527278,527278,Sonbardi,Jalgaon,18,310,1650,1029,204,555,8,36
527279,527279,Khedgaon,Jalgaon,18,333,1985,830,135,596,1,7
527280,527280,Vankothe,Jalgaon,18,275,1302,952,57,450,6,70
527281,527281,Jalu,Jalgaon,18,336,1648,1095,303,648,3,14
527282,527282,Nandkhurde Bk.,Jalgaon,18,227,1025,653,22,344,0,5
527283,527283,Nandkhurde Kh.,Jalgaon,18,209,915,660,220,268,5,19
527284,527284,Bambhori Kh.,Jalgaon,18,438,1975,1499,117,250,16,342
527285,527285,Farkande,Jalgaon,18,577,2285,1516,256,672,20,75
527286,527286,Janfal,Jalgaon,18,52,262,71,1,131,0,1
527287,527287,Malkhede Bk.,Jalgaon,18,152,738,445,58,283,0,22
527288,527288,Umare,Jalgaon,18,150,692,534,87,218,6,21
527289,527289,Kasoda,Jalgaon,18,4510,23777,15469,818,3972,211,3131
527290,527290,Anturli Kh.,Jalgaon,18,278,1208,773,183,465,9,31
527291,527291,Javkhede Sim,Jalgaon,18,471,2007,1374,615,439,5,35
527292,527292,Galapur,Jalgaon,18,222,1027,518,31,452,0,16
527293,527293,Anandnagar,Jalgaon,18,111,657,337,93,216,1,11
527294,527294,Nipane,Jalgaon,18,529,2656,1595,510,706,7,94
527295,527295,Tade,Jalgaon,18,363,1696,1096,242,380,0,64
527296,527296,Hanmantkhede Sim,Jalgaon,18,270,1141,681,165,494,1,18
527297,527297,Bamhne,Jalgaon,18,291,1268,867,288,492,3,26
527298,527298,Ambe,Jalgaon,18,117,532,214,5,298,0,0
527299,527299,Talai,Jalgaon,18,1225,5075,3473,780,1418,26,228
527300,527300,Adgaon,Jalgaon,18,1739,7728,5196,1343,1508,8,214
527301,527301,Utran Ahir Hadd,Jalgaon,18,964,4328,2718,343,1444,14,142
527302,527302,Utran Gujar Hadd,Jalgaon,18,918,4179,2466,350,1378,218,274
527303,527303,Nanded,Jalgaon,19,1245,5037,3586,664,1540,114,148
527304,527304,Narne,Jalgaon,19,102,469,278,139,130,1,5
527305,527305,Kharde Bk.,Jalgaon,19,279,1137,689,169,221,0,29
527306,527306,Bhamardi,Jalgaon,19,170,914,645,149,364,0,83
527307,527307,Ukhalwadi,Jalgaon,19,139,618,441,267,112,5,9
527308,527308,Salve,Jalgaon,19,1356,5779,4169,621,1731,13,200
527309,527309,Rotwad,Jalgaon,19,498,2180,1616,414,648,12,59
527310,527310,Gondegaon,Jalgaon,19,68,262,129,24,96,0,17
527311,527311,Sakre,Jalgaon,19,507,2342,1681,740,468,6,27
527312,527312,Nishane Kh.,Jalgaon,19,81,402,213,45,193,3,8
527313,527313,Nishane Bk.,Jalgaon,19,215,982,598,208,288,6,25
527314,527314,Pimpale Kh.,Jalgaon,19,203,830,538,91,127,0,17
527315,527315,Pimpale Bk.,Jalgaon,19,189,771,492,107,184,7,56
527316,527316,Kandari Bk.,Jalgaon,19,268,1370,786,169,510,2,12
527317,527317,Mahankale,Jalgaon,19,0,0,0,0,0,0,0
527318,527318,Babhulgaon,Jalgaon,19,262,1177,683,187,401,64,34
527319,527319,Chamgaon,Jalgaon,19,232,986,631,306,249,2,14
527320,527320,Dahidule,Jalgaon,19,122,545,366,26,284,1,14
527321,527321,Nimbhore,Jalgaon,19,350,1503,1060,215,391,2,25
527322,527322,Khamkhede,Jalgaon,19,117,554,274,76,194,0,16
527323,527323,Anjan Vihire,Jalgaon,19,315,1414,926,283,188,0,37
527324,527324,Waktuki,Jalgaon,19,128,584,372,21,314,0,16
527325,527325,Sonwad Bk.,Jalgaon,19,603,2769,1831,309,650,59,235
527326,527326,Ahire Bk.,Jalgaon,19,102,527,313,66,193,0,8
527327,527327,Ahire Kh.,Jalgaon,19,125,513,330,42,252,3,7
527328,527328,Pashtane Kh.,Jalgaon,19,218,913,537,308,239,22,27
527329,527329,Pashtane Bk.,Jalgaon,19,329,1459,1058,190,350,0,26
527330,527330,Tarde Kh.,Jalgaon,19,142,614,442,115,201,8,14
527331,527331,Sonwad Kh.,Jalgaon,19,145,727,537,106,48,16,59
527332,527332,Satkhede,Jalgaon,19,279,1941,1499,197,286,5,63
527333,527333,Zurkheda,Jalgaon,19,624,2300,1546,352,692,39,167
527334,527334,Nimkhede,Jalgaon,19,159,680,453,23,326,17,19
527335,527335,Pimpale Sim,Jalgaon,19,268,1290,901,262,208,22,76
527336,527336,Hanmantkhede Kh.,Jalgaon,19,349,1683,851,118,742,3,38
527337,527337,Chorgaon,Jalgaon,19,411,1713,1069,262,535,28,33
527338,527338,Kavthal,Jalgaon,19,240,928,707,75,437,3,33
527339,527339,Chandsar Bk.,Jalgaon,19,637,2926,1774,331,862,16,159
527340,527340,Ladli,Jalgaon,19,226,1048,730,128,451,0,20
527341,527341,Rel,Jalgaon,19,288,1415,1012,241,344,6,63
527342,527342,Dhar,Jalgaon,19,247,1025,691,124,328,26,80
527343,527343,Sheri,Jalgaon,19,342,1552,971,224,625,17,34
527344,527344,Dongaon Bk.,Jalgaon,19,398,1879,1252,287,575,22,112
527345,527345,Dongaon Kh.,Jalgaon,19,106,510,377,264,38,12,19
527346,527346,Avhani,Jalgaon,19,214,1060,773,165,318,7,68
527347,527347,Bhokani,Jalgaon,19,82,392,263,28,163,37,30
527348,527348,Tahakali Kh.,Jalgaon,19,330,1398,1044,71,548,2,63
527349,527349,Fulpat,Jalgaon,19,154,738,333,35,350,4,60
527350,527350,Patharad Bk.,Jalgaon,19,472,2037,1401,277,817,8,89
527351,527351,Patharad Kh.,Jalgaon,19,162,746,509,124,291,2,7
527352,527352,Ekalagne Bk.,Jalgaon,19,311,1572,918,132,738,16,62
527353,527353,Paldhi Kh.,Jalgaon,19,1869,8922,5787,168,1475,221,1548
527354,527354,Bambhori Pr. Chandsar,Jalgaon,19,1179,6392,4889,106,632,50,1003
527355,527355,Paldhi Bk.,Jalgaon,19,1676,8548,6323,313,1023,82,1161
527356,527356,Pokhari,Jalgaon,19,212,1064,587,134,425,3,17
527357,527357,Waghlud Kh.,Jalgaon,19,162,758,438,132,309,14,28
527358,527358,Waghlud Bk.,Jalgaon,19,210,1089,695,260,308,1,26
527359,527359,Khapat,Jalgaon,19,68,304,180,24,145,0,7
527360,527360,Vanjari Bk.,Jalgaon,19,310,1394,906,151,503,25,61
527361,527361,Borkheda,Jalgaon,19,384,1615,1088,371,421,7,88
527362,527362,Musai Bk.,Jalgaon,19,124,516,211,7,140,3,113
527363,527363,Varad Bk.,Jalgaon,19,534,2437,1473,250,632,10,127
527364,527364,Varad Kh.,Jalgaon,19,217,963,683,93,349,0,20
527365,527365,Musai Kh.,Jalgaon,19,294,1336,881,102,256,6,44
527366,527366,Chinchpure Bk.,Jalgaon,19,223,1104,756,109,486,5,40
527367,527367,Pimpri Kh.,Jalgaon,19,940,4251,2926,289,806,37,578
527368,527368,Chavalkhede,Jalgaon,19,255,1193,766,131,380,1,68
527369,527369,Bhod Kh.,Jalgaon,19,186,852,436,30,106,0,95
527370,527370,Bhod Bk.,Jalgaon,19,261,1167,784,138,271,4,88
527371,527371,Kalyane Kh.,Jalgaon,19,356,1560,1037,225,288,7,72
527372,527372,Kalyane Bk.,Jalgaon,19,123,522,257,10,201,7,1
527373,527373,Kalyane Hol,Jalgaon,19,302,1291,837,42,272,7,31
527374,527374,Hingone Kh.,Jalgaon,19,257,1128,635,22,403,1,18
527375,527375,Hingone Bk.,Jalgaon,19,347,1430,889,97,451,27,60
527376,527376,Bhone Bk.,Jalgaon,19,319,1514,954,279,374,21,30
527377,527377,Bilkhede,Jalgaon,19,336,1432,1005,334,362,10,20
527378,527378,Shamkhede,Jalgaon,19,127,540,242,38,270,2,7
527379,527379,Sarve Kh.,Jalgaon,19,73,320,187,120,82,0,1
527380,527380,Jambhore,Jalgaon,19,363,1738,912,145,295,3,45
527381,527381,Dharangaon (Rural),Jalgaon,19,521,2412,2053,47,26,6,583
527382,527382,Garkhede,Jalgaon,19,282,1351,847,100,555,3,12
527383,527383,Babhale Bk.,Jalgaon,19,124,645,423,151,206,0,9
527384,527384,Gangapuri Bk.,Jalgaon,19,221,999,643,109,316,2,37
527385,527385,Dhanore,Jalgaon,19,337,1492,986,240,450,11,31
527386,527386,Anore,Jalgaon,19,408,1850,1221,154,425,0,18
527387,527387,Bambhori Bk.,Jalgaon,19,552,2520,1766,336,652,6,53
527388,527388,Borgaon Bk.,Jalgaon,19,349,1611,1059,429,330,6,36
527389,527389,Vivare,Jalgaon,19,109,543,290,60,214,0,36
527390,527390,Bhavarkhede,Jalgaon,19,440,2018,1300,271,661,3,17
527391,527391,Borgaon Kh.,Jalgaon,19,233,1040,679,42,517,3,18
527392,527392,Savakhede,Jalgaon,20,470,2046,1496,214,325,33,107
527393,527393,Dhavade,Jalgaon,20,58,259,203,21,125,0,5
527394,527394,Ghurkhede,Jalgaon,20,0,0,0,0,0,0,0
527395,527395,Kamatwadi,Jalgaon,20,151,707,464,234,147,0,11
527396,527396,Mhasale,Jalgaon,20,220,965,644,179,315,2,37
527397,527397,Kandari Kh.,Jalgaon,20,228,965,635,138,312,26,23
527398,527398,Lone,Jalgaon,20,121,574,404,81,154,0,8
527399,527399,Nimb,Jalgaon,20,476,1977,1228,477,568,29,28
527400,527400,Padalse,Jalgaon,20,317,1570,927,132,665,7,47
527401,527401,Bohare,Jalgaon,20,351,1885,1268,160,668,10,23
527402,527402,Pragane Dangari,Jalgaon,20,525,2415,1648,167,634,29,131
527403,527403,Kalamsare,Jalgaon,20,814,3704,2417,358,1046,23,160
527404,527404,Tandali,Jalgaon,20,230,982,630,123,371,2,22
527405,527405,Shahapur,Jalgaon,20,422,1847,1199,269,613,6,51
527406,527406,Bhilali,Jalgaon,20,262,1304,868,34,295,2,32
527407,527407,Bamhane,Jalgaon,20,156,706,484,101,225,2,12
527408,527408,Kalambe,Jalgaon,20,122,632,428,55,117,1,11
527409,527409,Eklahare,Jalgaon,20,229,984,656,191,311,3,23
527410,527410,Ektas,Jalgaon,20,225,1081,760,116,225,17,33
527411,527411,Padse,Jalgaon,20,281,1365,931,244,293,2,63
527412,527412,Kharde,Jalgaon,20,79,391,264,108,94,3,5
527413,527413,Wasare,Jalgaon,20,225,1221,750,216,214,6,11
527414,527414,Khedi Bk. Pr. Dangri,Jalgaon,20,65,360,245,76,38,0,6
527415,527415,Govardhan,Jalgaon,20,274,1230,739,254,198,56,41
527416,527416,Marwad,Jalgaon,20,796,3538,2550,297,972,54,262
527417,527417,Borgaon,Jalgaon,20,163,820,550,47,312,2,20
527418,527418,Satri,Jalgaon,20,124,563,404,54,143,5,26
527419,527419,Kalali,Jalgaon,20,275,1255,652,97,129,45,24
527420,527420,Hingone Kh.Pr.Jalod,Jalgaon,20,154,660,338,93,259,2,21
527421,527421,Dodhawad,Jalgaon,20,262,1120,706,108,347,39,95
527422,527422,Hingone Seem,Jalgaon,20,62,297,160,17,111,1,0
527423,527423,Jalod,Jalgaon,20,571,2537,1677,236,825,12,66
527424,527424,Nimbhora,Jalgaon,20,374,1788,1266,260,373,4,40
527425,527425,Amalgaon,Jalgaon,20,798,3621,2386,247,1491,50,133
527426,527426,Khedi Kh.Pr.Jalod,Jalgaon,20,181,783,537,67,339,4,15
527427,527427,Khedi Seem Pr. J.,Jalgaon,20,47,205,124,20,39,0,5
527428,527428,Khaushi Bk.,Jalgaon,20,276,1252,857,262,313,5,17
527429,527429,Nandri,Jalgaon,20,223,1005,607,38,460,0,20
527430,527430,Pimpli Pr.Jalod,Jalgaon,20,440,1964,1249,162,535,15,72
527431,527431,Mehargaon,Jalgaon,20,198,922,571,99,417,7,88
527432,527432,Pingalwade,Jalgaon,20,213,1255,887,115,312,0,22
527433,527433,Mudi.Pr.Amalner,Jalgaon,20,122,502,319,29,158,0,3
527434,527434,Hingone Bk.,Jalgaon,20,162,784,456,91,249,24,25
527435,527435,Gandhali,Jalgaon,20,621,2858,1875,146,684,39,127
527436,527436,Pilode,Jalgaon,20,570,2634,1663,257,858,23,119
527437,527437,Dhupi,Jalgaon,20,108,498,346,166,83,0,17
527438,527438,Gangapuri,Jalgaon,20,106,580,396,72,101,3,40
527439,527439,Khaparkhede Pr.Jalod,Jalgaon,20,88,452,285,56,118,6,27
527440,527440,Nalkhede,Jalgaon,20,146,647,375,118,233,2,14
527441,527441,Mathagavhan,Jalgaon,20,252,1209,800,174,202,7,24
527442,527442,Rundhati,Jalgaon,20,270,1176,865,148,206,3,34
527443,527443,Dapori Bk.,Jalgaon,20,123,543,370,39,196,3,6
527444,527444,Mungase,Jalgaon,20,104,498,336,74,201,2,23
527445,527445,Patonda,Jalgaon,20,1226,5189,3701,470,1516,23,261
527446,527446,Dapuri Kh.,Jalgaon,20,25,112,56,0,63,1,1
527447,527447,Sonkhedi,Jalgaon,20,210,968,689,78,223,4,36
527448,527448,Dahiwad,Jalgaon,20,1131,4935,3329,619,1203,32,235
527449,527449,Nimzari,Jalgaon,20,280,1406,863,41,599,5,23
527450,527450,Dahiwad Kh.,Jalgaon,20,146,756,491,96,176,0,25
527451,527451,Takarkhede,Jalgaon,20,629,2895,1905,469,923,10,94
527452,527452,Kurhe Kh.,Jalgaon,20,284,1284,849,210,401,3,35
527453,527453,Khedi Kh.pr. Amalner,Jalgaon,20,91,404,295,164,42,0,17
527454,527454,Daregaon,Jalgaon,20,114,471,330,74,214,0,5
527455,527455,Taskhede,Jalgaon,20,237,1060,729,115,302,12,49
527456,527456,Amode,Jalgaon,20,97,474,363,56,126,0,25
527457,527457,Ladgaon,Jalgaon,20,98,476,229,3,133,0,11
527458,527458,Nandgaon,Jalgaon,20,283,1280,914,93,395,4,30
527459,527459,Manjardi,Jalgaon,20,217,945,587,89,415,0,11
527460,527460,Gadkhamb,Jalgaon,20,300,1329,1047,185,342,5,34
527461,527461,Kachare,Jalgaon,20,185,852,539,148,286,3,25
527462,527462,Nagaon Kh.,Jalgaon,20,150,743,474,189,194,1,20
527463,527463,Nagaon Bk.,Jalgaon,20,520,2712,1939,468,472,4,83
527464,527464,Devali,Jalgaon,20,40,168,35,1,93,0,3
527465,527465,Deogaon,Jalgaon,20,417,1988,1222,151,475,8,164
527466,527466,Kurhe Bk.,Jalgaon,20,189,733,459,60,185,5,17
527467,527467,Kurhe Seem,Jalgaon,20,27,139,59,0,89,0,0
527468,527468,Vyavhardal,Jalgaon,20,113,553,389,71,225,1,24
527469,527469,Junone,Jalgaon,20,241,1157,764,210,335,3,26
527470,527470,Rameshwar Bk.,Jalgaon,20,105,618,491,118,158,29,13
527471,527471,Rameshwar Kh.,Jalgaon,20,230,1106,672,387,266,0,15
527472,527472,Palasdal,Jalgaon,20,310,1465,859,267,515,0,26
527473,527473,Hedave,Jalgaon,20,236,999,672,177,283,4,66
527474,527474,Sarbete Kh.,Jalgaon,20,290,1336,877,264,360,8,40
527475,527475,Sarbete Bk.,Jalgaon,20,315,1870,1079,57,488,0,57
527476,527476,Dheku Kh.,Jalgaon,20,301,1218,922,135,94,9,50
527477,527477,Dheku Bk.,Jalgaon,20,130,744,380,108,82,8,36
527478,527478,Ekrukhi,Jalgaon,20,183,844,487,197,265,13,18
527479,527479,Rajore,Jalgaon,20,95,482,336,253,38,1,10
527480,527480,Radhavan,Jalgaon,20,193,823,556,183,91,4,16
527481,527481,Sundarpatti,Jalgaon,20,138,736,506,143,107,5,7
527482,527482,Bahadar Wadi,Jalgaon,20,120,528,399,22,206,1,83
527483,527483,Khokar Pat,Jalgaon,20,136,659,413,76,164,4,23
527484,527484,Chakave,Jalgaon,20,93,425,302,46,56,3,23
527485,527485,Kanhere,Jalgaon,20,311,1474,1118,231,420,0,35
527486,527486,Sadawan Kh.,Jalgaon,20,112,563,315,26,212,8,51
527487,527487,Sadawan Bk.,Jalgaon,20,240,1072,809,261,224,3,74
527488,527488,Karan Khede,Jalgaon,20,217,918,592,110,333,19,57
527489,527489,Ambare,Jalgaon,20,77,396,283,62,24,0,8
527490,527490,Khaparkhede Pr.Dangri,Jalgaon,20,103,526,317,52,210,0,9
527491,527491,Anturli,Jalgaon,20,168,786,487,52,186,9,12
527492,527492,Ranjane,Jalgaon,20,142,670,446,97,168,10,31
527493,527493,Malpur,Jalgaon,20,105,521,348,72,21,8,15
527494,527494,Dhar,Jalgaon,20,400,1976,1447,141,325,30,149
527495,527495,Galwade Bk.,Jalgaon,20,266,1269,804,276,196,1,51
527496,527496,Galwade Kh.,Jalgaon,20,144,636,432,73,83,1,59
527497,527497,Dheku Seem.,Jalgaon,20,164,760,540,125,308,5,21
527498,527498,Ambasan,Jalgaon,20,151,743,379,66,258,1,47
527499,527499,Pimpale Bk.,Jalgaon,20,200,1572,1174,108,218,14,57
527500,527500,Chimanpuri,Jalgaon,20,74,377,189,40,122,1,0
527501,527501,Khadke,Jalgaon,20,172,890,569,197,301,2,17
527502,527502,Vaghode,Jalgaon,20,165,814,600,114,316,3,10
527503,527503,Mangarul,Jalgaon,20,1083,4726,3173,623,1483,41,296
527504,527504,Amalner (Rural),Jalgaon,20,65,271,43,3,1,0,90
527505,527505,Bodarde,Jalgaon,20,343,1578,846,9,259,12,14
527506,527506,Mudi Pr. D.,Jalgaon,20,613,2691,1807,169,581,8,99
527507,527507,Bharvas,Jalgaon,20,328,1705,1186,287,310,1,70
527508,527508,Lonpancham,Jalgaon,20,113,503,325,50,60,2,8
527509,527509,Sabagavhan,Jalgaon,20,271,1170,819,220,383,5,16
527510,527510,Chaubari,Jalgaon,20,372,1642,1107,168,548,5,51
527511,527511,Bhortek,Jalgaon,20,62,463,342,24,45,1,7
527512,527512,Dhanore,Jalgaon,20,114,564,423,72,235,2,16
527513,527513,Jaitpir,Jalgaon,20,347,1568,1074,340,476,6,46
527514,527514,Zadi,Jalgaon,20,364,1612,1043,332,209,19,30
527515,527515,Lon Kh.,Jalgaon,20,165,827,573,167,276,12,9
527516,527516,Lon Charam,Jalgaon,20,124,772,536,40,253,1,25
527517,527517,Lon Seem,Jalgaon,20,142,679,464,137,136,5,42
527518,527518,Mandal,Jalgaon,20,1199,5667,3759,516,1637,14,160
527519,527519,Vavade,Jalgaon,20,643,2911,1866,714,366,18,83
527520,527520,Lon Bk.,Jalgaon,20,201,980,752,138,202,6,24
527521,527521,Shirsale Bk.,Jalgaon,20,401,1859,1338,425,315,35,104
527522,527522,Shirsale Kh.,Jalgaon,20,108,475,302,34,170,1,20
527523,527523,Dheku Charam,Jalgaon,20,44,215,116,70,45,0,10
527524,527524,Javakhede,Jalgaon,20,706,3687,2175,659,1011,7,72
527525,527525,Talwade,Jalgaon,20,244,1065,762,438,157,8,10
527526,527526,Anora,Jalgaon,20,92,450,303,56,200,2,9
527527,527527,Ardi,Jalgaon,20,250,1114,850,325,169,0,28
527528,527528,Atale,Jalgaon,20,166,685,480,219,195,9,13
527529,527529,Pimpale Kh.,Jalgaon,20,226,962,640,179,321,11,32
527530,527530,Anchalwadi,Jalgaon,20,107,512,358,120,153,0,8
527531,527531,Ranaiche,Jalgaon,20,400,2039,1401,81,327,19,37
527532,527532,Ranaiche Kh.,Jalgaon,20,149,1003,591,145,248,4,8
527533,527533,Nisardi,Jalgaon,20,137,669,423,143,84,2,6
527534,527534,Londhave,Jalgaon,20,513,2628,1741,434,535,12,83
527535,527535,Shirud,Jalgaon,20,692,3178,2196,242,982,19,139
527536,527536,Hingone Kh. Pr. J.,Jalgaon,20,95,476,209,15,225,0,5
527537,527537,Bilkhede,Jalgaon,20,61,317,214,43,55,0,19
527538,527538,Fapore Kh.,Jalgaon,20,42,240,143,0,129,0,5
527539,527539,Fapore Bk.,Jalgaon,20,396,1744,1187,295,555,10,38
527540,527540,Kavpimpri,Jalgaon,20,220,964,681,121,239,4,34
527541,527541,Indrapimpri,Jalgaon,20,183,798,595,164,193,5,14
527542,527542,Janave,Jalgaon,20,1071,4982,3148,645,1027,38,181
527543,527543,Dangar Bk.,Jalgaon,20,374,2037,1305,168,505,0,63
527544,527544,Chopdai,Jalgaon,20,134,682,422,68,241,25,25
527545,527545,Kondaval,Jalgaon,20,171,764,506,157,199,4,21
527546,527546,Bholane,Jalgaon,21,224,1148,585,290,340,3,19
527547,527547,Vasant Nagar,Jalgaon,21,670,4056,2322,663,914,3,106
527548,527548,Pimpalkotha,Jalgaon,21,235,1317,762,256,213,12,11
527549,527549,Indhave,Jalgaon,21,244,1134,642,230,272,15,21
527550,527550,Jirali,Jalgaon,21,258,1296,766,77,572,12,31
527551,527551,Sumthane,Jalgaon,21,164,789,475,109,245,0,12
527552,527552,Vadgaon Pr. Amalner,Jalgaon,21,56,232,99,39,85,0,6
527553,527553,Ambapimpri,Jalgaon,21,401,1892,1290,248,535,4,68
527554,527554,Hiwarkhede Bk.,Jalgaon,21,28,145,62,0,3,0,0
527555,527555,Kankraj,Jalgaon,21,258,1306,889,365,273,1,17
527556,527556,Mahalpur,Jalgaon,21,390,1797,1216,199,507,27,64
527557,527557,Bahadarpur,Jalgaon,21,590,2788,2048,255,542,12,262
527558,527558,Shirsode,Jalgaon,21,920,4203,2888,407,1109,38,281
527559,527559,Jamde,Jalgaon,21,33,169,114,36,4,0,5
527560,527560,Sub Gavhan Kh,Jalgaon,21,127,607,325,47,122,5,3
527561,527561,Dalwel,Jalgaon,21,484,2623,1527,310,954,0,51
527562,527562,Hiwarkhede Seem,Jalgaon,21,201,1144,553,189,471,0,5
527563,527563,Hiwarkhede Kh.,Jalgaon,21,110,559,295,71,91,0,14
527564,527564,Pimpal Bhairao,Jalgaon,21,22,123,71,7,59,0,0
527565,527565,Pungaon,Jalgaon,21,30,145,98,23,43,1,5
527566,527566,Shevage  Bk.,Jalgaon,21,481,2249,1624,230,923,1,64
527567,527567,Bhilali,Jalgaon,21,550,2462,1767,297,192,18,67
527568,527568,Kolpimpri,Jalgaon,21,458,2191,1590,235,3,1,44
527569,527569,Dabapimpri,Jalgaon,21,324,1517,936,83,257,11,97
527570,527570,Holpimpri,Jalgaon,21,127,586,405,128,84,4,13
527571,527571,Ratnapimpri,Jalgaon,21,378,1758,1226,183,725,13,61
527572,527572,Nerpat,Jalgaon,21,46,193,127,34,61,2,14
527573,527573,Chikhalod Kh.,Jalgaon,21,165,673,451,183,241,0,9
527574,527574,Chikhalod Bk.,Jalgaon,21,81,400,200,168,56,0,3
527575,527575,Khedi Dhok,Jalgaon,21,282,1363,941,300,98,0,20
527576,527576,Rajawad,Jalgaon,21,390,1880,1167,304,526,6,57
527577,527577,Dahigaon,Jalgaon,21,32,140,78,21,3,0,1
527578,527578,Mohadi,Jalgaon,21,137,659,369,72,124,3,24
527579,527579,Shelave Kh.,Jalgaon,21,350,1700,869,68,777,3,26
527580,527580,Shelave Bk.,Jalgaon,21,609,2972,2014,395,1125,7,102
527581,527581,Bhokarbari,Jalgaon,21,310,1448,969,221,444,7,35
527582,527582,Bodarde,Jalgaon,21,160,687,420,11,264,4,63
527583,527583,Vanjari Kh.,Jalgaon,21,101,489,271,78,203,2,12
527584,527584,Utrad,Jalgaon,21,28,141,77,16,37,0,2
527585,527585,Dhabe,Jalgaon,21,89,439,231,17,183,5,25
527586,527586,Hirapur,Jalgaon,21,279,1243,913,563,138,2,9
527587,527587,Tambole,Jalgaon,21,49,269,83,20,138,0,1
527588,527588,Dagadi Pr. Amalner,Jalgaon,21,87,493,158,0,280,0,4
527589,527589,Sab Gavhan Pr. Amalner,Jalgaon,21,215,1103,768,248,207,3,13
527590,527590,Palaskhede Bk.,Jalgaon,21,292,1421,812,288,401,4,22
527591,527591,Palaskhede Kh.,Jalgaon,21,124,533,365,25,144,9,10
527592,527592,Itave,Jalgaon,21,166,781,503,175,259,2,28
527593,527593,Itner,Jalgaon,21,281,1071,746,199,418,36,39
527594,527594,Sangvi,Jalgaon,21,298,1485,888,413,303,17,65
527595,527595,Sarve Bk,Jalgaon,21,182,950,623,142,131,6,53
527596,527596,Babhale Nag,Jalgaon,21,225,1159,726,36,596,3,20
527597,527597,Ramnagar,Jalgaon,21,113,771,399,259,101,1,5
527598,527598,Savakhede Turk,Jalgaon,21,110,556,375,235,60,13,8
527599,527599,Savkhede Marath,Jalgaon,21,199,873,586,232,275,0,30
527600,527600,Savkhede Hol,Jalgaon,21,244,1064,705,156,207,20,48
527601,527601,Kanhere,Jalgaon,21,438,1929,1212,575,397,7,84
527602,527602,Loni Kh,Jalgaon,21,211,941,712,160,123,0,35
527603,527603,Loni Bk,Jalgaon,21,265,1206,741,192,239,3,27
527604,527604,Loni Seem,Jalgaon,21,227,1044,616,120,173,1,6
527605,527605,Bahute,Jalgaon,21,242,1164,714,283,250,2,21
527606,527606,Nagaon,Jalgaon,21,260,1285,706,325,315,6,22
527607,527607,Palaskhede Seem,Jalgaon,21,316,1376,934,284,391,6,31
527608,527608,Morfal,Jalgaon,21,287,1316,864,189,290,3,43
527609,527609,Waghare,Jalgaon,21,275,1538,673,301,543,1,16
527610,527610,Waghari,Jalgaon,21,81,366,265,89,106,3,7
527611,527611,Popatnagar,Jalgaon,21,173,997,560,575,1,1,2
527612,527612,Bhondandigar,Jalgaon,21,354,1676,987,153,447,20,27
527613,527613,Vadgaon Pr.erandol,Jalgaon,21,101,573,288,13,277,0,6
527614,527614,Chorwad,Jalgaon,21,471,2108,1301,212,252,43,80
527615,527615,Shirasmani,Jalgaon,21,852,4155,2583,987,1181,18,114
527616,527616,Sudhakarnagar,Jalgaon,21,155,955,466,219,4,1,3
527617,527617,Titavi,Jalgaon,21,590,3155,1753,380,1023,3,46
527618,527618,Titavi Seem,Jalgaon,21,298,1720,825,480,351,5,33
527619,527619,Mondhale Pr. Amalner,Jalgaon,21,426,1934,1241,467,369,21,104
527620,527620,Karanji Bk,Jalgaon,21,208,1125,667,133,342,1,35
527621,527621,Vichkhede,Jalgaon,21,341,1642,998,139,295,4,86
527622,527622,Parola (Rural),Jalgaon,21,140,704,463,14,61,4,99
527623,527623,Mhasve,Jalgaon,21,797,3763,2803,242,1293,19,267
527624,527624,Undirkhede,Jalgaon,21,697,3347,2313,498,750,14,150
527625,527625,Mundane Pr.amalner,Jalgaon,21,291,1403,1012,119,607,14,47
527626,527626,Soke,Jalgaon,21,88,435,308,97,112,4,4
527627,527627,Undanidigar,Jalgaon,21,51,219,155,41,49,0,8
527628,527628,Undanikhalsa,Jalgaon,21,53,231,147,38,85,0,5
527629,527629,Mehu,Jalgaon,21,214,1067,725,113,347,8,20
527630,527630,Tehu,Jalgaon,21,198,880,468,134,252,10,43
527631,527631,Kamatwadi,Jalgaon,21,53,321,174,21,132,3,1
527632,527632,Kholsar,Jalgaon,21,112,647,349,160,138,0,8
527633,527633,Morfali,Jalgaon,21,42,205,146,57,42,0,4
527634,527634,Mangrul,Jalgaon,21,778,3669,2285,526,1351,29,119
527635,527635,Chahutre,Jalgaon,21,202,964,559,204,300,21,39
527636,527636,Dhulpimpri,Jalgaon,21,366,1689,1038,201,487,11,47
527637,527637,Karadi,Jalgaon,21,204,1033,658,351,219,0,35
527638,527638,Vasant Wadi,Jalgaon,21,249,1793,1089,242,474,0,21
527639,527639,Shevage Pr.bahal,Jalgaon,21,333,1576,878,305,494,2,11
527640,527640,Pimpri Pr.utran,Jalgaon,21,342,1558,940,212,185,6,36
527641,527641,Mondhale Pr. Utran,Jalgaon,21,208,1107,824,321,128,13,55
527642,527642,Jogal Khede,Jalgaon,21,226,1049,731,226,302,13,18
527643,527643,Hanmant Khede,Jalgaon,21,203,1017,673,372,73,0,10
527644,527644,Deogaon,Jalgaon,21,768,3544,2440,645,670,14,130
527645,527645,Tardi,Jalgaon,21,222,1410,898,285,185,5,13
527646,527646,Toli,Jalgaon,21,439,2040,1432,388,291,6,95
527647,527647,Bole,Jalgaon,21,462,2428,1498,531,552,59,71
527648,527648,Dholi,Jalgaon,21,294,1386,906,231,482,10,33
527649,527649,Velhane Kh.,Jalgaon,21,431,2207,1585,341,538,4,51
527650,527650,Patar Khede,Jalgaon,21,0,0,0,0,0,0,0
527651,527651,Tamaswadi,Jalgaon,21,1427,6490,4611,1052,1617,46,410
527652,527652,Mundane Pr.utran,Jalgaon,21,347,1634,1032,376,369,4,58
527653,527653,Gadgaon,Jalgaon,21,220,1042,447,82,430,3,26
527654,527654,Adgaon,Jalgaon,21,246,1166,735,329,60,1,28
527655,527655,Saval Khede,Jalgaon,21,237,925,595,366,190,1,14
527656,527656,Karmad Kh.,Jalgaon,21,685,3093,1957,803,464,11,91
527657,527657,Karmad Bk.,Jalgaon,21,235,1024,630,211,354,17,6
527658,527658,Ratale,Jalgaon,21,213,1102,710,197,127,3,3
527659,527659,Bhatpuri,Jalgaon,21,0,0,0,0,0,0,0
527660,527660,Shivare Digar,Jalgaon,21,540,2474,1496,494,527,25,22
527661,527661,Tarwade Kh.,Jalgaon,21,241,1158,731,487,152,7,34
527662,527662,Adalase,Jalgaon,22,161,710,461,94,259,9,25
527663,527663,Juwardi,Jalgaon,22,680,3199,2342,730,822,34,71
527664,527664,Pathrad,Jalgaon,22,282,1341,747,165,421,0,16
527665,527665,Pendgaon,Jalgaon,22,135,807,470,212,204,3,10
527666,527666,Mahindale,Jalgaon,22,756,3497,2046,491,1352,10,69
527667,527667,Rupnagar,Jalgaon,22,193,1152,475,76,610,0,9
527668,527668,Palaskhede,Jalgaon,22,213,1066,724,184,376,6,26
527669,527669,Shindi,Jalgaon,22,731,3244,2175,644,800,57,62
527670,527670,Kolgaon,Jalgaon,22,730,3282,2139,317,888,7,205
527671,527671,Gudhe,Jalgaon,22,1448,6593,4455,882,2188,84,333
527672,527672,Sawade,Jalgaon,22,361,1511,948,391,408,1,42
527673,527673,Pimprihat,Jalgaon,22,477,2150,1560,267,690,17,52
527674,527674,Bachchhar,Jalgaon,22,388,1883,1212,211,553,68,59
527675,527675,Picharde,Jalgaon,22,534,2436,1521,269,571,11,72
527676,527676,Pandhrad,Jalgaon,22,316,1304,890,212,344,14,32
527677,527677,Vasantwadi,Jalgaon,22,179,998,423,174,378,7,5
527678,527678,Achalgaon,Jalgaon,22,324,1539,1070,557,218,2,34
527679,527679,Dhotre,Jalgaon,22,121,578,312,65,239,0,11
527680,527680,Talband Tanda,Jalgaon,22,128,868,572,87,166,3,4
527681,527681,Pimparkhede,Jalgaon,22,849,4298,2956,315,1381,18,204
527682,527682,Anjan Vihire,Jalgaon,22,534,2324,1538,359,237,12,38
527683,527683,Bhatkhande Bk.,Jalgaon,22,611,2634,1871,575,721,9,74
527684,527684,Anturli Bk.,Jalgaon,22,392,1686,1159,204,612,7,46
527685,527685,Girad,Jalgaon,22,1496,6538,4520,856,1949,53,261
527686,527686,Lon Pr. Utran,Jalgaon,22,142,662,261,117,244,0,6
527687,527687,Warkhed,Jalgaon,22,318,1573,1028,225,177,1,28
527688,527688,Amadade,Jalgaon,22,1163,5383,3485,475,1731,25,178
527689,527689,Pimpalgaon Bk.,Jalgaon,22,555,2304,1563,261,1026,4,43
527690,527690,Bambrud Pr. Utran,Jalgaon,22,579,2623,1763,391,726,23,135
527691,527691,Bhattagaon,Jalgaon,22,144,714,434,41,196,1,27
527692,527692,Mandki,Jalgaon,22,137,574,383,50,242,1,10
527693,527693,Khedgaon Kh.,Jalgaon,22,611,2760,1674,446,733,11,170
527694,527694,Shivani,Jalgaon,22,409,1772,1162,129,691,8,31
527695,527695,Wadgaon Nalbandi,Jalgaon,22,340,1920,1108,65,879,0,13
527696,527696,Walwadi Kh.,Jalgaon,22,247,1190,601,116,264,0,24
527697,527697,Walwadi Bk.,Jalgaon,22,200,897,653,91,227,2,34
527698,527698,Wadajee,Jalgaon,22,1059,4828,2893,712,1454,29,159
527699,527699,Wak,Jalgaon,22,348,1539,941,353,310,5,41
527700,527700,Wade,Jalgaon,22,1113,5299,3420,801,1548,12,213
527701,527701,Navare,Jalgaon,22,84,428,294,40,70,0,6
527702,527702,Dalwade,Jalgaon,22,48,214,68,1,133,0,0
527703,527703,Ghusardi Kh.,Jalgaon,22,272,1508,1107,434,302,12,57
527704,527704,Bornar,Jalgaon,22,101,468,273,101,100,7,43
527705,527705,Bodarde,Jalgaon,22,370,1820,1160,316,482,11,47
527706,527706,Nimbhore,Jalgaon,22,541,2461,1750,476,646,10,53
527707,527707,Kothali,Jalgaon,22,583,2654,1968,456,713,19,62
527708,527708,Balad Kh.,Jalgaon,22,259,1103,706,115,389,2,40
527709,527709,Wadgaon Bk.,Jalgaon,22,533,2155,1446,294,386,9,91
527710,527710,Devhari,Jalgaon,22,195,939,494,24,516,0,9
527711,527711,Kanashi,Jalgaon,22,292,1536,1149,373,276,0,62
527712,527712,Lon Pr. Bhadgaon,Jalgaon,22,299,1328,850,239,193,15,40
527713,527713,Gondgaon,Jalgaon,22,940,4242,2950,874,952,69,146
527714,527714,Bambrud Pr. Bahal,Jalgaon,22,384,1792,1152,406,493,3,34
527715,527715,Malgaon,Jalgaon,22,170,719,474,180,209,3,6
527716,527716,Tandalwadi,Jalgaon,22,303,1415,960,305,312,10,65
527717,527717,Umarkhed,Jalgaon,22,56,316,106,7,145,2,11
527718,527718,Bhortek Bk,Jalgaon,22,262,1252,833,188,218,8,99
527719,527719,Kajgaon,Jalgaon,22,1777,8288,5616,834,1514,54,950
527720,527720,Pasardi,Jalgaon,22,336,1361,931,70,376,5,50
527721,527721,Ramnagar,Jalgaon,23,188,865,456,294,102,1,15
527722,527722,Visapur,Jalgaon,23,240,1350,660,141,419,2,34
527723,527723,Daregaon,Jalgaon,23,288,1532,796,514,283,2,37
527724,527724,Londhe,Jalgaon,23,658,3037,1795,576,780,27,96
527725,527725,Sundarnagar,Jalgaon,23,224,1235,442,254,310,3,24
527726,527726,Dahiwad,Jalgaon,23,1063,4802,3179,779,1037,44,170
527727,527727,Dhamangaon,Jalgaon,23,541,2388,1688,443,160,1,71
527728,527728,Khadaki Seem,Jalgaon,23,523,2349,1622,364,524,18,84
527729,527729,Chinchgavhan,Jalgaon,23,242,1132,779,181,295,6,39
527730,527730,Krishnapuri,Jalgaon,23,155,602,283,22,163,2,9
527731,527731,Varkhede Bk.,Jalgaon,23,683,3420,2074,421,628,69,78
527732,527732,Palasare,Jalgaon,23,202,918,565,78,256,4,18
527733,527733,Kadhere,Jalgaon,23,22,110,52,2,0,0,2
527734,527734,Mehunbare,Jalgaon,23,2079,9619,6566,577,1731,110,962
527735,527735,Tirpole,Jalgaon,23,349,1552,956,115,432,1,75
527736,527736,Umbarkhede,Jalgaon,23,1514,7159,4613,446,2106,36,343
527737,527737,Pimpri Kh.,Jalgaon,23,215,940,716,75,113,19,52
527738,527738,Parasharam Nagar,Jalgaon,23,270,1256,708,210,350,3,28
527739,527739,Dasegaon Bk,Jalgaon,23,311,1384,824,57,541,0,46
527740,527740,Vadgaon Lambe,Jalgaon,23,631,2780,1780,531,824,14,70
527741,527741,Rahipuri,Jalgaon,23,305,1336,897,273,469,1,27
527742,527742,Borkhede Bk,Jalgaon,23,587,2571,1744,545,601,34,85
527743,527743,Kunzar,Jalgaon,23,811,3920,2742,870,788,55,227
527744,527744,Abhone,Jalgaon,23,165,875,535,164,258,3,51
527745,527745,Kalamadu,Jalgaon,23,1141,5421,3528,796,1057,48,166
527746,527746,Rajmane,Jalgaon,23,146,669,397,47,172,0,28
527747,527747,Pohare,Jalgaon,23,951,4532,2790,644,617,74,261
527748,527748,Khedgaon,Jalgaon,23,931,4101,2807,685,807,19,232
527749,527749,Khedi Kh,Jalgaon,23,397,1732,1128,223,185,11,57
527750,527750,Daskebardi,Jalgaon,23,412,1951,1158,319,565,6,54
527751,527751,Shidwadi,Jalgaon,23,379,1543,974,186,343,127,21
527752,527752,Bhaur,Jalgaon,23,445,2051,1246,149,228,11,64
527753,527753,Jamada,Jalgaon,23,502,2188,1410,77,521,1,99
527754,527754,Bhawali,Jalgaon,23,338,1659,805,99,298,2,15
527755,527755,Bahal,Jalgaon,23,1731,7897,5369,842,2235,132,244
527756,527756,Tekwade Kh.,Jalgaon,23,177,727,473,102,178,0,26
527757,527757,Tekwade Bk.,Jalgaon,23,49,235,145,42,59,0,9
527758,527758,Dhomane,Jalgaon,23,189,1001,376,78,435,0,3
527759,527759,Nhave,Jalgaon,23,280,1218,819,281,340,3,49
527760,527760,Tarwade Bk.,Jalgaon,23,769,3476,2179,362,491,29,176
527761,527761,Damrun,Jalgaon,23,199,891,629,406,135,11,18
527762,527762,Vadale Vadali,Jalgaon,23,828,3562,2233,603,771,97,125
527763,527763,Hingone Kh.,Jalgaon,23,336,1450,991,193,462,11,84
527764,527764,Hingone Seem,Jalgaon,23,220,1142,811,245,249,23,40
527765,527765,Waghali,Jalgaon,23,1597,7018,4919,695,2107,87,292
527766,527766,Borkhede Kh.,Jalgaon,23,240,1038,798,176,276,15,68
527767,527767,Mundkhede Kh.,Jalgaon,23,255,1238,1019,144,43,17,43
527768,527768,Mundkhede Bk.,Jalgaon,23,311,1358,966,327,322,6,49
527769,527769,Bhamare Bk,Jalgaon,23,360,1716,1251,345,131,1,39
527770,527770,Bhamare Kh,Jalgaon,23,126,679,346,93,113,0,8
527771,527771,Eklahare,Jalgaon,23,121,492,271,143,125,1,5
527772,527772,Chambhardi Bk.,Jalgaon,23,153,840,453,128,348,1,13
527773,527773,Chambhardi Kh.,Jalgaon,23,260,1125,668,59,355,2,14
527774,527774,Jamadi Pr. Bahal,Jalgaon,23,342,1822,1068,131,415,5,51
527775,527775,Jawale,Jalgaon,23,142,742,503,107,293,3,9
527776,527776,Konganagar,Jalgaon,23,327,1844,772,276,493,3,6
527777,527777,Waghale,Jalgaon,23,144,590,354,57,262,1,14
527778,527778,Hatale,Jalgaon,23,432,2045,1034,85,815,3,35
527779,527779,Bangaon,Jalgaon,23,410,1962,1295,316,409,23,66
527780,527780,Ranjangaon,Jalgaon,23,971,4363,2682,235,1109,39,269
527781,527781,Sangavi,Jalgaon,23,703,4196,2025,676,1132,37,123
527782,527782,Kherde,Jalgaon,23,192,876,631,153,247,16,23
527783,527783,Songaon,Jalgaon,23,200,836,468,154,237,1,12
527784,527784,Lonje,Jalgaon,23,146,709,384,25,245,0,20
527785,527785,Ambehoi,Jalgaon,23,814,4274,2229,678,735,5,86
527786,527786,Pathraje,Jalgaon,23,98,425,215,47,67,2,3
527787,527787,Talode Pr. Chalisgaon,Jalgaon,23,222,1075,592,147,135,5,25
527788,527788,Bodhare,Jalgaon,23,453,2369,1216,356,532,5,32
527789,527789,Junone,Jalgaon,23,195,909,488,197,232,3,23
527790,527790,Kharjai,Jalgaon,23,505,2300,1601,275,237,6,233
527791,527791,Patonda,Jalgaon,23,1839,8049,5432,984,1989,90,698
527792,527792,Ozar,Jalgaon,23,781,3684,2358,281,1025,7,247
527793,527793,Waghadu,Jalgaon,23,505,2343,1602,412,438,17,169
527794,527794,Wakadi,Jalgaon,23,355,1699,1156,262,411,1,57
527795,527795,Waghari,Jalgaon,23,195,1107,402,76,560,2,11
527796,527796,Rokade,Jalgaon,23,138,690,422,170,178,5,18
527797,527797,Adgaon,Jalgaon,23,456,1914,1355,344,536,10,47
527798,527798,Chinchkhede,Jalgaon,23,313,1346,983,393,317,5,54
527799,527799,Bhoras Bk.,Jalgaon,23,613,3118,2278,443,566,32,81
527800,527800,Bhoras Kh,Jalgaon,23,296,1424,971,126,275,13,138
527801,527801,Ichchhapur,Jalgaon,23,745,4245,2403,324,925,24,167
527802,527802,Kargaon,Jalgaon,23,468,1984,1300,149,408,21,241
527803,527803,Bilakhed,Jalgaon,23,445,2160,1350,242,739,4,107
527804,527804,Don Digar,Jalgaon,23,572,2628,1569,403,503,47,56
527805,527805,Deoli,Jalgaon,23,921,4302,2851,536,895,62,205
527806,527806,Pimpri Bk. Pr. de,Jalgaon,23,491,2151,1392,718,344,6,63
527807,527807,Bramhan Shewage,Jalgaon,23,418,1794,1229,555,146,26,38
527808,527808,Shewari,Jalgaon,23,118,654,326,88,280,0,4
527809,527809,Khadaki Bk.,Jalgaon,23,585,2735,1787,320,508,54,436
527810,527810,Patkhadki,Jalgaon,23,488,2285,1596,59,292,2,377
527811,527811,Kodgaon,Jalgaon,23,222,1117,639,166,431,2,23
527812,527812,Beldarwadi,Jalgaon,23,313,1587,1061,256,283,0,93
527813,527813,Tambole Bk.,Jalgaon,23,490,2502,1629,691,400,26,101
527814,527814,Tambole Kh.,Jalgaon,23,170,750,514,164,240,2,12
527815,527815,Nimkhedi,Jalgaon,23,81,454,130,0,130,0,2
527816,527816,Sevanagar,Jalgaon,23,265,1399,720,216,286,1,10
527817,527817,Upkhede,Jalgaon,23,520,2566,1555,552,691,12,84
527818,527818,Tamaswadi,Jalgaon,23,211,971,495,189,325,26,14
527819,527819,Varkhede Kh.,Jalgaon,23,157,798,439,83,199,5,34
527820,527820,Pimpalwad Mhalsa,Jalgaon,23,666,3035,1813,410,891,7,53
527821,527821,Takali Pr. Dehere,Jalgaon,23,827,3679,2571,516,1067,65,173
527822,527822,Pilkhod,Jalgaon,23,1075,5220,3473,408,1274,74,399
527823,527823,Mandurne,Jalgaon,23,707,3288,1707,493,1186,42,70
527824,527824,Sayagaon,Jalgaon,23,1282,6571,4243,589,1584,142,382
527825,527825,Deshmukhwadi,Jalgaon,23,209,1049,667,386,47,10,9
527826,527826,Alwadi,Jalgaon,23,265,1307,536,182,327,15,15
527827,527827,Shirasgaon,Jalgaon,23,700,3202,2113,545,921,62,239
527828,527828,Talonde Pr. Dehere,Jalgaon,23,556,2622,1945,873,48,23,58
527829,527829,Nandre,Jalgaon,23,225,1003,578,105,280,1,13
527830,527830,Kakadane,Jalgaon,23,78,346,242,85,20,3,4
527831,527831,Naiknager,Jalgaon,23,284,1509,866,178,405,10,18
527832,527832,Malshevage,Jalgaon,23,330,1489,1078,468,180,1,23
527833,527833,Pimpalwad Nikumbh,Jalgaon,23,310,1670,908,289,315,0,16
527834,527834,Tamgavhan,Jalgaon,23,277,1193,777,219,353,23,50
527835,527835,Hatgaon,Jalgaon,23,531,2878,1256,702,450,13,165
527836,527836,Andhari,Jalgaon,23,330,1486,895,420,333,9,75
527837,527837,Talegaon,Jalgaon,23,761,3390,2317,600,933,51,186
527838,527838,Hirapur,Jalgaon,23,779,3706,2237,248,957,31,128
527839,527839,Pimpri Bk. Pr.chalisgoan,Jalgaon,23,318,1570,958,292,377,8,41
527840,527840,Chitegaon,Jalgaon,23,231,1182,689,292,331,4,24
527841,527841,Ganpur,Jalgaon,23,209,1103,646,146,250,3,16
527842,527842,Pimparkhede,Jalgaon,23,631,3179,1976,418,703,33,82
527843,527843,Gorakhpur,Jalgaon,23,489,2808,1376,722,541,18,44
527844,527844,Shivapur,Jalgaon,23,309,1817,980,379,626,4,14
527845,527845,Varthan,Jalgaon,23,480,3111,1936,342,797,24,60
527846,527846,Ganeshpur,Jalgaon,23,561,2767,1676,532,611,27,65
527847,527847,Chatrubhuj,Jalgaon,23,361,1920,1033,403,619,9,32
527848,527848,Shindi,Jalgaon,23,471,2198,1528,327,342,34,37
527849,527849,Krushnanagar,Jalgaon,23,374,2188,901,157,445,7,18
527850,527850,Karajgaon,Jalgaon,23,355,1708,1185,451,266,10,112
527851,527851,Rohini,Jalgaon,23,501,2420,1465,484,637,34,103
527852,527852,Pimpalgaon,Jalgaon,23,314,1452,894,328,444,9,23
527853,527853,Ghodegaon,Jalgaon,23,623,3771,1988,108,1110,11,32
527854,527854,Kharadi,Jalgaon,23,63,307,136,22,129,0,4
527855,527855,Vishnunagar,Jalgaon,23,323,1719,703,467,210,13,23
527856,527856,Odhare,Jalgaon,23,183,867,474,137,343,7,8
527857,527857,Patana,Jalgaon,23,557,2653,1670,566,462,10,81
527858,527858,Chandikawadi,Jalgaon,23,271,1735,819,447,361,0,36
527859,527859,Rajdehare,Jalgaon,23,273,1474,729,266,235,4,38
527860,527860,Rajdehare Sett.,Jalgaon,23,242,1162,564,208,222,2,15
527861,527861,Junpani Sett,Jalgaon,23,103,616,264,121,212,0,5
527862,527862,Gujardari,Jalgaon,23,86,453,242,0,222,0,3
527864,527864,Dahigaon,Jalgaon,24,455,1822,1233,202,763,28,35
527865,527865,Dhokalkhede,Jalgaon,24,169,735,439,49,166,13,52
527866,527866,Varasade Pr.Bornar,Jalgaon,24,194,843,578,103,78,10,16
527867,527867,Samner,Jalgaon,24,905,3797,2562,546,1080,24,159
527868,527868,Mahiji,Jalgaon,24,506,2617,1754,306,949,17,90
527869,527869,Kurangi,Jalgaon,24,791,3524,2136,374,948,22,155
527870,527870,Lasgaon,Jalgaon,24,623,2789,2013,632,640,21,192
527871,527871,Bambarud Pr. Bordar,Jalgaon,24,1467,6473,4153,1116,2185,21,124
527872,527872,Asankhede Bk.,Jalgaon,24,219,965,625,284,261,0,3
527873,527873,Asankhede Kh.,Jalgaon,24,173,760,581,356,99,0,4
527874,527874,Nandre,Jalgaon,24,726,3109,2179,397,988,36,186
527875,527875,Hadsan,Jalgaon,24,125,634,290,84,242,4,13
527876,527876,Pahan,Jalgaon,24,406,1827,1294,412,484,1,19
527877,527877,Mohadi,Jalgaon,24,267,1348,834,202,348,0,31
527878,527878,Vadgaon Tek,Jalgaon,24,163,732,481,79,203,9,80
527879,527879,Vadgaon Aseri,Jalgaon,24,28,135,81,20,46,0,3
527880,527880,Vadgaon Bk.Pr.Pachora,Jalgaon,24,79,362,142,14,167,0,0
527881,527881,Mandaki,Jalgaon,24,52,253,100,10,95,0,0
527882,527882,Pungaon,Jalgaon,24,656,2940,2050,179,567,65,336
527883,527883,Veruli Kh.,Jalgaon,24,269,1180,777,152,244,1,61
527884,527884,Veruli Bk.,Jalgaon,24,190,833,612,101,211,1,46
527885,527885,Khedgaon,Jalgaon,24,575,2355,1698,306,695,34,141
527886,527886,Goradkhede Bk.,Jalgaon,24,343,1812,1248,181,498,4,75
527887,527887,Goradkhede Kh.,Jalgaon,24,247,1250,899,385,286,1,47
527888,527888,Arve,Jalgaon,24,120,562,483,5,140,2,1
527889,527889,Bildi Bk.,Jalgaon,24,195,926,638,125,348,0,24
527890,527890,Sajagaon,Jalgaon,24,288,1215,807,223,361,2,46
527891,527891,Sangavi Pr.Lohare,Jalgaon,24,180,743,554,126,199,0,17
527892,527892,Naiknagar,Jalgaon,24,184,1090,561,184,371,0,25
527893,527893,Jamane,Jalgaon,24,68,350,211,80,17,0,13
527894,527894,Sarve Bk.Pr.Lohare,Jalgaon,24,153,582,336,81,291,0,1
527895,527895,Kurhad Kh.,Jalgaon,24,1147,5904,3631,773,1631,44,213
527896,527896,Kurhad Bk.,Jalgaon,24,403,2049,923,478,416,6,62
527897,527897,Lakh         .,Jalgaon,24,65,360,156,12,66,0,4
527898,527898,Rameshwar,Jalgaon,24,139,717,365,96,262,0,2
527899,527899,Mhasas,Jalgaon,24,368,1599,1071,257,318,0,22
527900,527900,Lohara,Jalgaon,24,2094,9663,6400,1192,2140,35,441
527901,527901,Kasampure,Jalgaon,24,559,2433,1499,252,783,105,47
527902,527902,Shahapure,Jalgaon,24,168,671,498,217,164,0,18
527903,527903,Kalamsare,Jalgaon,24,1236,5546,3721,822,1211,14,148
527904,527904,Bahuleshwar,Jalgaon,24,7,36,16,18,0,0,2
527905,527905,Vadgaon Kh.Pr.Pachora,Jalgaon,24,84,364,239,66,92,0,0
527906,527906,Duskhede,Jalgaon,24,329,1505,991,263,480,4,33
527907,527907,Pardhade,Jalgaon,24,336,1455,803,297,556,11,49
527908,527908,Bhatkhande Kh.,Jalgaon,24,317,1408,881,175,268,4,127
527909,527909,Anturli Kh.Pr.Pachora,Jalgaon,24,234,1110,699,171,254,2,32
527910,527910,Ozar,Jalgaon,24,176,866,617,298,251,1,5
527911,527911,Jargaon,Jalgaon,24,654,3469,2302,135,482,12,491
527912,527912,Bambarud Kh. Pr.Pachora,Jalgaon,24,378,1788,1189,156,200,13,79
527913,527913,Lohatar,Jalgaon,24,929,4026,2741,728,1269,40,154
527914,527914,Anturli Kh.Pr.Lohare,Jalgaon,24,436,2060,1412,238,505,10,41
527915,527915,Anturli Bk.Pr.Pachora,Jalgaon,24,319,1408,927,224,218,29,76
527916,527916,Chinchkhede Kh.,Jalgaon,24,136,639,414,15,217,0,16
527917,527917,Sarole Bk.,Jalgaon,24,257,1118,697,190,388,3,5
527918,527918,Sarole Kh.,Jalgaon,24,238,1123,687,139,451,2,10
527919,527919,Sangvi Pr.Bhadgaon,Jalgaon,24,81,377,166,23,122,16,1
527920,527920,Chunchale.,Jalgaon,24,116,507,330,62,192,0,18
527921,527921,Pimpalgaon Kh. Pr. Bhadgaon,Jalgaon,24,142,779,334,97,134,1,122
527922,527922,Nagardeole Bk.,Jalgaon,24,2872,14229,10109,1418,3095,131,999
527923,527923,Sangameshwar,Jalgaon,24,126,508,308,141,140,0,11
527924,527924,Hol,Jalgaon,24,124,759,493,222,194,7,25
527925,527925,Ghusardi Bk.,Jalgaon,24,220,1068,761,357,122,1,27
527926,527926,Bhortek Kh.,Jalgaon,24,170,707,468,236,161,9,16
527927,527927,Takali Bk.,Jalgaon,24,247,1131,664,287,232,1,27
527928,527928,Nagardeola Sim.,Jalgaon,24,88,407,274,66,162,0,7
527929,527929,Nipane,Jalgaon,24,319,1604,981,435,485,2,41
527930,527930,Akhatwade,Jalgaon,24,404,1951,1383,491,448,8,19
527931,527931,Khajole,Jalgaon,24,299,1302,936,192,352,0,6
527932,527932,Pimpri Bk. Pr.Bhadgaon.,Jalgaon,24,403,1824,1190,220,272,6,26
527933,527933,Sarve Bk.Pr.Bhadgaon,Jalgaon,24,196,1158,910,184,171,9,39
527934,527934,Sarve Kh.Pr.Bhadgaon,Jalgaon,24,85,420,305,125,79,0,8
527935,527935,Bhadali,Jalgaon,24,78,297,162,49,104,4,18
527936,527936,Neri,Jalgaon,24,406,1689,1106,264,536,13,70
527937,527937,Vadgaon Mulane,Jalgaon,24,348,1573,1063,421,482,19,33
527938,527938,Badarkhe,Jalgaon,24,325,1430,950,191,596,13,28
527939,527939,Mohalai,Jalgaon,24,40,198,89,4,79,0,5
527940,527940,Dighi,Jalgaon,24,211,1032,656,129,445,2,20
527941,527941,Vadgaon Kh.Pr.Bhadgaon,Jalgaon,24,262,1194,950,130,471,3,25
527942,527942,Balad Bk.,Jalgaon,24,761,3644,2439,402,962,26,129
527943,527943,Nachankhede,Jalgaon,24,354,1587,1092,318,411,2,48
527944,527944,Hanumanwadi,Jalgaon,24,233,1247,717,43,341,0,47
527945,527945,Vishnunagar,Jalgaon,24,312,1711,903,99,223,2,20
527946,527946,Galan Kh.,Jalgaon,24,190,895,620,168,163,1,29
527947,527947,Galan Bk.,Jalgaon,24,567,2777,1971,471,625,25,118
527948,527948,Chinchakhede Bk.,Jalgaon,24,94,374,255,1,1,0,0
527949,527949,Tarkhede Bk.,Jalgaon,24,446,1981,1325,550,451,10,70
527950,527950,Tarkhede Kh.,Jalgaon,24,589,2838,1865,370,838,7,84
527951,527951,Khadakdeole Bk.,Jalgaon,24,441,2013,1328,388,326,15,146
527952,527952,Waghulkhede,Jalgaon,24,215,1012,506,71,377,0,32
527953,527953,Khadakdeole Kh.,Jalgaon,24,440,1990,1257,503,568,2,33
527954,527954,Dongargaon,Jalgaon,24,301,1295,780,331,378,8,33
527955,527955,Mondhale,Jalgaon,24,375,1722,1022,234,645,1,51
527956,527956,Nimbhori Kh.,Jalgaon,24,122,560,384,201,86,0,21
527957,527957,Lohari Kh.,Jalgaon,24,172,966,559,36,417,3,38
527958,527958,Lasure,Jalgaon,24,225,1003,652,143,283,3,40
527959,527959,Vanegaon,Jalgaon,24,313,1298,848,186,471,17,21
527960,527960,Nimbhori Bk.,Jalgaon,24,205,1054,603,337,202,1,37
527961,527961,Rajuri Bk.,Jalgaon,24,80,347,250,69,97,0,9
527962,527962,Wadi,Jalgaon,24,353,1470,1027,512,374,2,39
527963,527963,Rajuri Kh.,Jalgaon,24,100,453,241,40,211,0,9
527964,527964,Bhoje,Jalgaon,24,474,2417,1652,514,477,5,119
527965,527965,Lohari Bk.,Jalgaon,24,686,3271,1910,416,703,19,101
527966,527966,Varkhedi Bk.,Jalgaon,24,477,2198,1439,56,291,15,401
527967,527967,Bhokari,Jalgaon,24,765,4710,2323,85,607,113,369
527968,527968,Varkhedi Kh.,Jalgaon,24,208,882,494,29,361,1,80
527969,527969,Sawkhede Bk.,Jalgaon,24,223,1138,788,306,227,1,26
527970,527970,Sawkhede Kh.,Jalgaon,24,278,1185,706,149,399,2,30
527971,527971,Chinchpure,Jalgaon,24,512,2026,1344,211,774,15,73
527972,527972,Dambhurni,Jalgaon,24,324,1304,833,131,497,3,46
527973,527973,Vadgaon Ambe Bk.,Jalgaon,24,162,964,546,216,205,3,22
527974,527974,Vadgaon Ambe Kh.,Jalgaon,24,165,819,315,131,269,9,16
527975,527975,Vadgaon Ambe,Jalgaon,24,416,1875,1186,462,461,14,65
527976,527976,Kokadi,Jalgaon,24,168,846,395,152,229,0,5
527977,527977,Vadgaon Joge,Jalgaon,24,125,670,344,254,54,1,14
527978,527978,Kolhe,Jalgaon,24,248,1214,695,145,480,7,34
527979,527979,Atalgavhan,Jalgaon,24,196,748,437,100,235,6,24
527980,527980,Pimpri Bk.Pr.Pachora,Jalgaon,24,284,1242,694,131,409,3,43
527981,527981,Pimpalgaon Bk.,Jalgaon,24,3230,14918,10098,1652,4228,119,811
527982,527982,Jawakhedi Digar,Jalgaon,24,0,0,0,0,0,0,0
527983,527983,Shindad,Jalgaon,24,1466,6440,3988,1268,1803,80,220
527984,527984,Shewale,Jalgaon,24,331,1544,816,256,576,0,15
527985,527985,Pimpri Kh.Pr.Pachora,Jalgaon,24,349,1461,873,453,389,0,28
527986,527986,Sarve Bk.Pr.Pachora,Jalgaon,24,148,656,313,124,240,14,17
527987,527987,Satgaon,Jalgaon,24,1063,4859,2802,799,1092,9,158
527988,527988,Gahule,Jalgaon,24,70,328,115,0,265,0,0
527989,527989,Vadgaonkade,Jalgaon,24,216,877,597,331,76,0,21
527990,527990,Varasade Pr.Pachora,Jalgaon,24,513,2955,1410,458,959,8,49
527992,527992,Karmad,Jalgaon,25,367,1791,1184,317,201,0,27
527993,527993,Palas Khede Mirache,Jalgaon,25,1017,4937,3065,864,1303,26,237
527994,527994,Neri Digar,Jalgaon,25,1149,5277,3750,700,1334,48,304
527995,527995,Deopimpri,Jalgaon,25,604,2671,1798,395,792,20,87
527996,527996,Malpimpri,Jalgaon,25,430,2374,1722,710,589,9,21
527997,527997,Neri Bk.,Jalgaon,25,1031,4766,3323,372,1046,34,459
527998,527998,Gadegaon Pr.Nashirabad,Jalgaon,25,402,1676,1169,292,452,6,115
527999,527999,Hingane Bk,Jalgaon,25,496,2219,1167,273,896,3,60
528000,528000,Khadgaon,Jalgaon,25,352,1697,1197,188,467,10,115
528001,528001,Shingait,Jalgaon,25,167,791,582,54,213,0,44
528002,528002,Gangapuri,Jalgaon,25,143,717,337,5,258,2,24
528003,528003,Mundkhede,Jalgaon,25,241,1206,677,161,498,1,8
528004,528004,Garkhede Kh,Jalgaon,25,328,1379,907,172,351,3,69
528005,528005,Garkhede Bk,Jalgaon,25,410,2010,1115,203,748,11,78
528006,528006,Dohari,Jalgaon,25,180,857,500,197,213,2,31
528007,528007,Rampur,Jalgaon,25,214,1182,654,64,463,1,86
528008,528008,Rampur,Jalgaon,25,113,562,260,138,157,0,2
528009,528009,Hivar Khede Bk.,Jalgaon,25,760,3301,2340,392,1083,30,165
528010,528010,Palas Khede Bk.,Jalgaon,25,595,2576,1793,221,879,7,96
528011,528011,Waki Bk.,Jalgaon,25,216,1029,748,162,340,6,47
528012,528012,Ambilhol Deviche,Jalgaon,25,329,1816,927,310,651,3,16
528013,528013,Ambilhol,Jalgaon,25,98,481,277,86,169,3,11
528014,528014,Mahukhede,Jalgaon,25,102,487,327,94,133,5,10
528015,528015,Holhaveli,Jalgaon,25,163,925,502,66,106,0,143
528016,528016,Khadki,Jalgaon,25,540,2695,1584,275,1141,5,30
528017,528017,Borgaon,Jalgaon,25,153,647,450,85,249,2,18
528018,528018,Nayadabhadi,Jalgaon,25,217,1043,736,236,145,8,35
528019,528019,Wadi,Jalgaon,25,113,584,402,93,241,0,9
528020,528020,Maldabhadi,Jalgaon,25,506,2114,1485,352,456,1,202
528021,528021,Sonari,Jalgaon,25,353,1919,1101,152,756,3,47
528022,528022,Waghari,Jalgaon,25,486,2252,1389,186,479,5,26
528023,528023,Pat Khede,Jalgaon,25,152,730,516,99,299,1,3
528024,528024,Betawad Kh,Jalgaon,25,647,2657,1755,526,744,11,50
528025,528025,Sargaon,Jalgaon,25,253,1128,733,319,320,7,12
528026,528026,Kalkhede,Jalgaon,25,184,876,619,236,225,6,45
528027,528027,Tighre Wadgaon,Jalgaon,25,207,991,693,190,298,4,24
528028,528028,Wadgaon Tighre,Jalgaon,25,175,676,391,68,208,0,8
528029,528029,Moyakhede Digar,Jalgaon,25,517,2546,1657,564,960,2,43
528030,528030,Devlasgaon,Jalgaon,25,200,741,546,130,324,4,1
528031,528031,Betawad Bk,Jalgaon,25,660,2987,1961,782,766,2,79
528032,528032,Ranjani,Jalgaon,25,706,2983,1924,354,1097,30,86
528033,528033,Gornale,Jalgaon,25,183,911,550,149,343,1,6
528034,528034,Mohadi,Jalgaon,25,592,2769,1922,585,755,4,110
528035,528035,Kumbhari Sim,Jalgaon,25,91,394,252,0,208,0,8
528036,528036,Sunasgaon Bk.,Jalgaon,25,380,1638,1053,269,605,3,36
528037,528037,Sunasgaon Kh.,Jalgaon,25,69,324,250,61,130,1,5
528038,528038,Paladhi,Jalgaon,25,1507,7435,5084,1139,1563,22,330
528039,528039,Gondkhel,Jalgaon,25,447,2184,1276,182,806,2,47
528040,528040,Chinch Khede Bk.,Jalgaon,25,506,2513,1647,407,488,11,59
528041,528041,Kekat Nimbhora,Jalgaon,25,641,3163,2340,340,1132,4,104
528042,528042,Waki Kh.,Jalgaon,25,296,1415,930,142,484,2,42
528043,528043,Takali Bk.,Jalgaon,25,494,2329,1474,218,644,2,36
528044,528044,Takali Kh.,Jalgaon,25,324,1664,1087,152,451,10,45
528045,528045,Kodoli      .,Jalgaon,25,195,963,626,71,361,0,24
528046,528046,Pimpar Khede,Jalgaon,25,183,855,546,146,252,1,28
528047,528047,Rotwad,Jalgaon,25,416,1969,1336,574,249,6,74
528048,528048,Morgaon,Jalgaon,25,366,2258,980,523,312,4,34
528049,528049,Savat Khede,Jalgaon,25,314,1367,920,220,483,1,76
528050,528050,Bharadi,Jalgaon,25,410,1792,1258,264,434,7,58
528051,528051,Bhilkhede,Jalgaon,25,86,401,301,105,111,2,16
528052,528052,Sarve Pr.Lohare,Jalgaon,25,108,525,382,199,78,0,11
528053,528053,Nandre Pr.Lohare,Jalgaon,25,432,1964,1307,485,405,8,65
528054,528054,Nachane Khede,Jalgaon,25,466,2085,1507,370,313,16,155
528055,528055,Lakholi,Jalgaon,25,307,1563,910,130,333,4,44
528056,528056,Jogal Khede,Jalgaon,25,176,767,414,72,347,3,14
528057,528057,Ekulti Bk.,Jalgaon,25,194,933,698,263,235,2,22
528058,528058,Ekulti Kh,Jalgaon,25,199,940,450,82,434,3,20
528059,528059,Kharchane,Jalgaon,25,114,516,335,76,88,0,34
528060,528060,Dondvade,Jalgaon,25,210,1041,771,427,86,0,28
528061,528061,Chilgaon,Jalgaon,25,364,1707,1107,219,376,5,19
528062,528062,Sangavi,Jalgaon,25,96,546,302,148,140,1,2
528063,528063,Pahur Kasba,Jalgaon,25,1799,8951,5994,928,1658,20,598
528064,528064,Pahur Peth,Jalgaon,25,2131,10973,7300,1242,1765,218,1212
528065,528065,Sonale,Jalgaon,25,541,2408,1756,631,619,12,69
528066,528066,Pimpalgaon Golait,Jalgaon,25,243,1138,776,184,368,3,31
528067,528067,Moyagaon Bk.,Jalgaon,25,342,1518,1080,343,256,21,36
528068,528068,Sheri,Jalgaon,25,230,1139,810,307,309,3,15
528069,528069,Londhri Kh.,Jalgaon,25,107,446,328,102,85,0,54
528070,528070,Londhri Bk.,Jalgaon,25,529,3033,1600,609,763,3,74
528071,528071,Ambadi,Jalgaon,25,33,142,53,1,68,0,2
528072,528072,Malkhede,Jalgaon,25,639,3502,1657,551,1171,4,65
528073,528073,Jangipura,Jalgaon,25,238,1180,813,151,320,8,25
528074,528074,Gondegaon,Jalgaon,25,297,1421,1021,441,392,10,17
528075,528075,Ganeshnagar,Jalgaon,25,132,576,298,115,214,1,6
528076,528076,Shendurni,Jalgaon,25,4504,22553,15025,1478,4659,172,1902
528077,528077,Morad      .,Jalgaon,25,84,360,227,103,72,3,5
528078,528078,Navapur,Jalgaon,25,208,1244,585,139,470,2,20
528079,528079,Bhilwadi,Jalgaon,25,188,990,645,127,351,0,19
528080,528080,Mengaon,Jalgaon,25,369,1845,1103,287,480,0,49
528081,528081,Chinch Khede Digar,Jalgaon,25,0,0,0,0,0,0,0
528082,528082,Tarangwadi,Jalgaon,25,0,0,0,0,0,0,0
528083,528083,Lihe,Jalgaon,25,671,3694,1859,868,965,5,121
528084,528084,Hivari Digar,Jalgaon,25,86,452,232,41,83,0,0
528085,528085,Hivar Khede Digar,Jalgaon,25,98,585,367,89,131,0,4
528086,528086,Pimpalgaon Bk.,Jalgaon,25,174,817,502,110,278,20,30
528087,528087,Pimpalgaon Kamani,Jalgaon,25,152,962,439,189,289,3,12
528088,528088,Pimpalgaon Kh.,Jalgaon,25,85,458,298,111,46,1,24
528089,528089,Wadgaon Bk.,Jalgaon,25,132,613,408,100,226,20,14
528090,528090,Wakod,Jalgaon,25,1268,6541,3912,691,1571,75,402
528091,528091,Jambhol,Jalgaon,25,254,1426,802,190,491,0,10
528092,528092,Shengole,Jalgaon,25,464,2072,1138,311,692,10,15
528093,528093,Karnafata,Jalgaon,25,56,266,180,43,34,0,6
528094,528094,Chinchkhede Tarf Wakadi,Jalgaon,25,391,1810,1036,423,478,0,34
528095,528095,Hivar Khede Tarf Wakadi,Jalgaon,25,236,1231,638,95,214,0,90
528096,528096,Wadali,Jalgaon,25,177,904,479,58,340,2,40
528097,528097,Harinagar,Jalgaon,25,99,557,298,97,39,0,24
528098,528098,Lahasar,Jalgaon,25,174,902,625,233,348,2,13
528099,528099,Rampura,Jalgaon,25,187,929,579,253,346,1,12
528100,528100,Hingane N.kasaba,Jalgaon,25,58,298,200,36,47,3,7
528101,528101,Ozar Kh.,Jalgaon,25,393,1953,906,187,654,1,190
528102,528102,Ozar Bk.,Jalgaon,25,222,1104,721,229,388,0,13
528103,528103,Takar Khede,Jalgaon,25,426,2139,1421,258,687,6,58
528104,528104,Bhagadare,Jalgaon,25,398,1889,1122,302,633,3,55
528105,528105,Shahapur,Jalgaon,25,1041,5023,3316,621,1309,15,238
528106,528106,Shelgaon,Jalgaon,25,305,1452,948,314,282,3,22
528107,528107,Talegaon,Jalgaon,25,655,3296,2095,374,1176,10,114
528108,528108,Kasali,Jalgaon,25,275,1345,944,405,399,0,43
528109,528109,Jalandri Bk.,Jalgaon,25,256,1195,838,412,274,5,10
528110,528110,Nimkhedi Pimpri,Jalgaon,25,161,576,405,150,119,0,34
528111,528111,Mehegaon,Jalgaon,25,109,499,256,19,138,0,5
528112,528112,Rahere Tarf Wakadi,Jalgaon,25,155,684,430,116,202,0,32
528113,528113,Wakadi,Jalgaon,25,915,4465,2760,686,1125,52,168
528114,528114,Loni,Jalgaon,25,429,2157,1477,623,209,7,50
528115,528115,Takali Pimpri,Jalgaon,25,201,896,597,115,240,0,6
528116,528116,Madani,Jalgaon,25,115,553,341,40,130,0,12
528117,528117,Gorad Khede,Jalgaon,25,71,380,244,130,105,0,0
528118,528118,Mandave Bk.,Jalgaon,25,306,1493,953,220,466,2,25
528119,528119,Khandave,Jalgaon,25,82,427,252,126,141,1,10
528120,528120,Dhalgaon,Jalgaon,25,335,1822,978,261,612,8,19
528121,528121,Mandave Kh.,Jalgaon,25,177,918,498,140,118,5,14
528122,528122,Bharud Khede,Jalgaon,25,241,1253,678,289,350,2,22
528123,528123,Kumbhari Kh,Jalgaon,25,232,1503,635,207,457,3,30
528124,528124,Kumbhari Bk.,Jalgaon,25,231,1240,653,339,280,3,8
528125,528125,Tondapur,Jalgaon,25,1582,8461,5055,555,2520,38,371
528126,528126,Dhalsingi,Jalgaon,25,218,988,691,206,224,13,53
528127,528127,Nagan  Kh .,Jalgaon,25,128,527,342,55,118,0,9
528128,528128,Shankarpura,Jalgaon,25,146,656,450,210,36,2,4
528129,528129,Samrod,Jalgaon,25,763,3423,2200,648,841,9,70
528130,528130,Amkhede,Jalgaon,25,101,552,348,23,206,1,10
528131,528131,Savarle,Jalgaon,25,289,1441,787,310,447,7,22
528132,528132,Jalandri Kh.,Jalgaon,25,73,346,233,143,58,1,13
528133,528133,Chincholi Pimpri,Jalgaon,25,408,1886,1226,308,704,10,37
528134,528134,Nandre Haveli,Jalgaon,25,557,2469,1458,214,991,9,109
528135,528135,Kapuswadi,Jalgaon,25,730,3340,2085,488,1118,2,59
528136,528136,Palas Khede Kakar,Jalgaon,25,300,1490,879,288,368,1,49
528137,528137,Junone,Jalgaon,25,155,719,430,82,310,0,6
528138,528138,Shevage Pimpri,Jalgaon,25,353,1843,1083,201,443,4,28
528139,528139,Hingane Pimpri,Jalgaon,25,149,702,493,159,124,0,17
528140,528140,Kasba Pimpri,Jalgaon,25,476,2349,1477,221,722,1,50
528141,528141,Phattepur,Jalgaon,25,1409,7016,4675,246,1386,37,615
528142,528142,Pimpalgaon Pimpri,Jalgaon,25,203,872,527,113,289,0,20
528143,528143,Tornale,Jalgaon,25,535,2564,1752,587,540,19,66
528144,528144,Vasantnagar,Jalgaon,25,89,463,222,102,18,0,3
528145,528145,Deulgaon,Jalgaon,25,913,4121,2411,333,947,20,198
528146,528146,Pathad Tanda,Jalgaon,25,162,837,493,128,312,0,9
528147,528147,Godri,Jalgaon,25,882,4214,2418,544,1725,33,57
528148,528148,Kinhi,Jalgaon,25,403,1820,1288,549,431,5,48
528149,528149,Wadgaon Saddo,Jalgaon,25,135,656,434,122,144,6,21
528150,528150,Wadgaon Nimb,Jalgaon,25,3,15,4,0,5,0,1
